ISO-10303-21;
HEADER;
/* Generated by software containing ST-Developer
 * from STEP Tools, Inc. (www.steptools.com) 
 */
/* OPTION: using custom renumber hook */

FILE_DESCRIPTION(
/* description */ ('STEP AP242 Edition 2',
'CAx-IF Rec.Pracs.---Representation and Presentation of Product Manufa
cturing Information (PMI)---4.0---2014-10-13',
'CAx-IF Rec.Pracs.---3D Tessellated Geometry---0.4---2014-09-14','2;1',
'CAx-IF Rec.Pracs.---User Defined Attributes---1.5---2016-08-15'),
/* implementation_level */ '2;1');

FILE_NAME(
/* name */ 'hackpad - Top Plate',
/* time_stamp */ '2026-10-03T09:51:54Z',
/* author */ (''),
/* organization */ (''),
/* preprocessor_version */ 'ST-DEVELOPER v20',
/* originating_system */ 'ONSHAPE BY PTC INC, 1.221',
/* authorisation */ '  ');

FILE_SCHEMA (('AP242_MANAGED_MODEL_BASED_3D_ENGINEERING_MIM_LF { 1 0 10303 442 3 1 4 }'));
ENDSEC;

DATA;
#10=SHAPE_REPRESENTATION_RELATIONSHIP('','',#8159,#11);
#11=ADVANCED_BREP_SHAPE_REPRESENTATION('',(#8157),#13937);
#12=CONICAL_SURFACE('',#8926,1.6,0.785398163397451);
#13=CONICAL_SURFACE('',#8927,1.6,0.785398163397451);
#14=CONICAL_SURFACE('',#8928,1.6,0.785398163397439);
#15=CONICAL_SURFACE('',#8929,1.6,0.785398163397439);
#16=ELLIPSE('',#8673,1.41421356237309,1.);
#17=ELLIPSE('',#8675,1.41421356237309,1.);
#18=ELLIPSE('',#8677,1.41421356237309,1.);
#19=ELLIPSE('',#8679,1.41421356237309,1.);
#20=B_SPLINE_SURFACE_WITH_KNOTS('',3,1,((#12233,#12234),(#12235,#12236),
(#12237,#12238),(#12239,#12240)),.SURF_OF_LINEAR_EXTRUSION.,.F.,.F.,.F.,
(4,4),(2,2),(0.,1.),(0.,1.),.PIECEWISE_BEZIER_KNOTS.);
#21=B_SPLINE_SURFACE_WITH_KNOTS('',3,1,((#12300,#12301),(#12302,#12303),
(#12304,#12305),(#12306,#12307)),.SURF_OF_LINEAR_EXTRUSION.,.F.,.F.,.F.,
(4,4),(2,2),(0.,1.),(0.,1.),.PIECEWISE_BEZIER_KNOTS.);
#22=B_SPLINE_SURFACE_WITH_KNOTS('',3,1,((#12415,#12416),(#12417,#12418),
(#12419,#12420),(#12421,#12422)),.SURF_OF_LINEAR_EXTRUSION.,.F.,.F.,.F.,
(4,4),(2,2),(0.,1.),(0.,1.),.PIECEWISE_BEZIER_KNOTS.);
#23=B_SPLINE_SURFACE_WITH_KNOTS('',3,1,((#12428,#12429),(#12430,#12431),
(#12432,#12433),(#12434,#12435)),.SURF_OF_LINEAR_EXTRUSION.,.F.,.F.,.F.,
(4,4),(2,2),(0.,1.),(0.,1.),.PIECEWISE_BEZIER_KNOTS.);
#24=B_SPLINE_SURFACE_WITH_KNOTS('',3,1,((#12441,#12442),(#12443,#12444),
(#12445,#12446),(#12447,#12448)),.SURF_OF_LINEAR_EXTRUSION.,.F.,.F.,.F.,
(4,4),(2,2),(0.,1.),(0.,1.),.PIECEWISE_BEZIER_KNOTS.);
#25=B_SPLINE_SURFACE_WITH_KNOTS('',3,1,((#12454,#12455),(#12456,#12457),
(#12458,#12459),(#12460,#12461)),.SURF_OF_LINEAR_EXTRUSION.,.F.,.F.,.F.,
(4,4),(2,2),(0.,1.),(0.,1.),.PIECEWISE_BEZIER_KNOTS.);
#26=B_SPLINE_SURFACE_WITH_KNOTS('',3,1,((#12515,#12516),(#12517,#12518),
(#12519,#12520),(#12521,#12522)),.SURF_OF_LINEAR_EXTRUSION.,.F.,.F.,.F.,
(4,4),(2,2),(0.,1.),(0.,1.),.PIECEWISE_BEZIER_KNOTS.);
#27=B_SPLINE_SURFACE_WITH_KNOTS('',3,1,((#12560,#12561),(#12562,#12563),
(#12564,#12565),(#12566,#12567)),.SURF_OF_LINEAR_EXTRUSION.,.F.,.F.,.F.,
(4,4),(2,2),(0.,1.),(0.,1.),.PIECEWISE_BEZIER_KNOTS.);
#28=B_SPLINE_SURFACE_WITH_KNOTS('',3,1,((#12627,#12628),(#12629,#12630),
(#12631,#12632),(#12633,#12634)),.SURF_OF_LINEAR_EXTRUSION.,.F.,.F.,.F.,
(4,4),(2,2),(0.,1.),(0.,1.),.PIECEWISE_BEZIER_KNOTS.);
#29=B_SPLINE_SURFACE_WITH_KNOTS('',3,1,((#12640,#12641),(#12642,#12643),
(#12644,#12645),(#12646,#12647)),.SURF_OF_LINEAR_EXTRUSION.,.F.,.F.,.F.,
(4,4),(2,2),(0.,1.),(0.,1.),.PIECEWISE_BEZIER_KNOTS.);
#30=B_SPLINE_SURFACE_WITH_KNOTS('',3,1,((#12657,#12658),(#12659,#12660),
(#12661,#12662),(#12663,#12664)),.SURF_OF_LINEAR_EXTRUSION.,.F.,.F.,.F.,
(4,4),(2,2),(0.,1.),(0.,1.),.PIECEWISE_BEZIER_KNOTS.);
#31=B_SPLINE_SURFACE_WITH_KNOTS('',3,1,((#12672,#12673),(#12674,#12675),
(#12676,#12677),(#12678,#12679)),.SURF_OF_LINEAR_EXTRUSION.,.F.,.F.,.F.,
(4,4),(2,2),(0.,1.),(0.,1.),.PIECEWISE_BEZIER_KNOTS.);
#32=B_SPLINE_SURFACE_WITH_KNOTS('',3,1,((#12800,#12801),(#12802,#12803),
(#12804,#12805),(#12806,#12807)),.SURF_OF_LINEAR_EXTRUSION.,.F.,.F.,.F.,
(4,4),(2,2),(0.,1.),(0.,1.),.PIECEWISE_BEZIER_KNOTS.);
#33=B_SPLINE_SURFACE_WITH_KNOTS('',3,1,((#12817,#12818),(#12819,#12820),
(#12821,#12822),(#12823,#12824)),.SURF_OF_LINEAR_EXTRUSION.,.F.,.F.,.F.,
(4,4),(2,2),(0.,1.),(0.,1.),.PIECEWISE_BEZIER_KNOTS.);
#34=B_SPLINE_SURFACE_WITH_KNOTS('',3,1,((#12846,#12847),(#12848,#12849),
(#12850,#12851),(#12852,#12853)),.SURF_OF_LINEAR_EXTRUSION.,.F.,.F.,.F.,
(4,4),(2,2),(0.,1.),(0.,1.),.PIECEWISE_BEZIER_KNOTS.);
#35=B_SPLINE_SURFACE_WITH_KNOTS('',3,1,((#12863,#12864),(#12865,#12866),
(#12867,#12868),(#12869,#12870)),.SURF_OF_LINEAR_EXTRUSION.,.F.,.F.,.F.,
(4,4),(2,2),(0.,1.),(0.,1.),.PIECEWISE_BEZIER_KNOTS.);
#36=B_SPLINE_SURFACE_WITH_KNOTS('',3,1,((#12909,#12910),(#12911,#12912),
(#12913,#12914),(#12915,#12916)),.SURF_OF_LINEAR_EXTRUSION.,.F.,.F.,.F.,
(4,4),(2,2),(0.,1.),(0.,1.),.PIECEWISE_BEZIER_KNOTS.);
#37=B_SPLINE_SURFACE_WITH_KNOTS('',3,1,((#12946,#12947),(#12948,#12949),
(#12950,#12951),(#12952,#12953)),.SURF_OF_LINEAR_EXTRUSION.,.F.,.F.,.F.,
(4,4),(2,2),(0.,1.),(0.,1.),.PIECEWISE_BEZIER_KNOTS.);
#38=B_SPLINE_SURFACE_WITH_KNOTS('',3,1,((#13014,#13015),(#13016,#13017),
(#13018,#13019),(#13020,#13021)),.SURF_OF_LINEAR_EXTRUSION.,.F.,.F.,.F.,
(4,4),(2,2),(0.,1.),(0.,1.),.PIECEWISE_BEZIER_KNOTS.);
#39=B_SPLINE_SURFACE_WITH_KNOTS('',3,1,((#13041,#13042),(#13043,#13044),
(#13045,#13046),(#13047,#13048)),.SURF_OF_LINEAR_EXTRUSION.,.F.,.F.,.F.,
(4,4),(2,2),(0.,1.),(0.,1.),.PIECEWISE_BEZIER_KNOTS.);
#40=B_SPLINE_SURFACE_WITH_KNOTS('',3,1,((#13106,#13107),(#13108,#13109),
(#13110,#13111),(#13112,#13113)),.SURF_OF_LINEAR_EXTRUSION.,.F.,.F.,.F.,
(4,4),(2,2),(0.,1.),(0.,1.),.PIECEWISE_BEZIER_KNOTS.);
#41=B_SPLINE_SURFACE_WITH_KNOTS('',3,1,((#13119,#13120),(#13121,#13122),
(#13123,#13124),(#13125,#13126)),.SURF_OF_LINEAR_EXTRUSION.,.F.,.F.,.F.,
(4,4),(2,2),(0.,1.),(0.,1.),.PIECEWISE_BEZIER_KNOTS.);
#42=B_SPLINE_SURFACE_WITH_KNOTS('',3,1,((#13132,#13133),(#13134,#13135),
(#13136,#13137),(#13138,#13139)),.SURF_OF_LINEAR_EXTRUSION.,.F.,.F.,.F.,
(4,4),(2,2),(0.,1.),(0.,1.),.PIECEWISE_BEZIER_KNOTS.);
#43=B_SPLINE_SURFACE_WITH_KNOTS('',3,1,((#13145,#13146),(#13147,#13148),
(#13149,#13150),(#13151,#13152)),.SURF_OF_LINEAR_EXTRUSION.,.F.,.F.,.F.,
(4,4),(2,2),(0.,1.),(0.,1.),.PIECEWISE_BEZIER_KNOTS.);
#44=B_SPLINE_SURFACE_WITH_KNOTS('',3,1,((#13178,#13179),(#13180,#13181),
(#13182,#13183),(#13184,#13185)),.SURF_OF_LINEAR_EXTRUSION.,.F.,.F.,.F.,
(4,4),(2,2),(0.,1.),(0.,1.),.PIECEWISE_BEZIER_KNOTS.);
#45=B_SPLINE_SURFACE_WITH_KNOTS('',3,1,((#13195,#13196),(#13197,#13198),
(#13199,#13200),(#13201,#13202)),.SURF_OF_LINEAR_EXTRUSION.,.F.,.F.,.F.,
(4,4),(2,2),(0.,1.),(0.,1.),.PIECEWISE_BEZIER_KNOTS.);
#46=B_SPLINE_SURFACE_WITH_KNOTS('',3,1,((#13216,#13217),(#13218,#13219),
(#13220,#13221),(#13222,#13223)),.SURF_OF_LINEAR_EXTRUSION.,.F.,.F.,.F.,
(4,4),(2,2),(0.,1.),(0.,1.),.PIECEWISE_BEZIER_KNOTS.);
#47=CYLINDRICAL_SURFACE('',#8339,1.6);
#48=CYLINDRICAL_SURFACE('',#8341,3.75);
#49=CYLINDRICAL_SURFACE('',#8343,0.75);
#50=CYLINDRICAL_SURFACE('',#8345,0.75);
#51=CYLINDRICAL_SURFACE('',#8347,0.75);
#52=CYLINDRICAL_SURFACE('',#8349,0.75);
#53=CYLINDRICAL_SURFACE('',#8350,1.6);
#54=CYLINDRICAL_SURFACE('',#8352,1.6);
#55=CYLINDRICAL_SURFACE('',#8354,1.6);
#56=CYLINDRICAL_SURFACE('',#8360,0.209322604996074);
#57=CYLINDRICAL_SURFACE('',#8363,0.112790339862203);
#58=CYLINDRICAL_SURFACE('',#8366,0.163394149277649);
#59=CYLINDRICAL_SURFACE('',#8369,0.405107394988603);
#60=CYLINDRICAL_SURFACE('',#8373,0.310308213159717);
#61=CYLINDRICAL_SURFACE('',#8376,0.112466052959379);
#62=CYLINDRICAL_SURFACE('',#8379,0.207249742340798);
#63=CYLINDRICAL_SURFACE('',#8382,0.656406186040516);
#64=CYLINDRICAL_SURFACE('',#8386,0.430336044283921);
#65=CYLINDRICAL_SURFACE('',#8388,0.774107737676042);
#66=CYLINDRICAL_SURFACE('',#8395,0.677939820828327);
#67=CYLINDRICAL_SURFACE('',#8397,0.51000934724612);
#68=CYLINDRICAL_SURFACE('',#8399,0.395310790413261);
#69=CYLINDRICAL_SURFACE('',#8401,0.461885771367971);
#70=CYLINDRICAL_SURFACE('',#8403,0.913988204502646);
#71=CYLINDRICAL_SURFACE('',#8406,0.447959433644299);
#72=CYLINDRICAL_SURFACE('',#8411,0.144361643392273);
#73=CYLINDRICAL_SURFACE('',#8414,0.127396483056792);
#74=CYLINDRICAL_SURFACE('',#8417,0.264788999907124);
#75=CYLINDRICAL_SURFACE('',#8420,0.379859035941126);
#76=CYLINDRICAL_SURFACE('',#8423,0.388973805789298);
#77=CYLINDRICAL_SURFACE('',#8426,0.512377458904658);
#78=CYLINDRICAL_SURFACE('',#8429,1.6280159284405);
#79=CYLINDRICAL_SURFACE('',#8433,0.372346855430174);
#80=CYLINDRICAL_SURFACE('',#8436,0.422486482343846);
#81=CYLINDRICAL_SURFACE('',#8438,0.329275728742992);
#82=CYLINDRICAL_SURFACE('',#8440,0.48772241096172);
#83=CYLINDRICAL_SURFACE('',#8442,0.907041168059698);
#84=CYLINDRICAL_SURFACE('',#8447,2.33243962403094);
#85=CYLINDRICAL_SURFACE('',#8449,3.93317679926256);
#86=CYLINDRICAL_SURFACE('',#8454,0.394252890162221);
#87=CYLINDRICAL_SURFACE('',#8456,0.10524525741832);
#88=CYLINDRICAL_SURFACE('',#8458,0.114757211521779);
#89=CYLINDRICAL_SURFACE('',#8460,0.101664070137916);
#90=CYLINDRICAL_SURFACE('',#8462,0.123827691114099);
#91=CYLINDRICAL_SURFACE('',#8464,0.352130090431448);
#92=CYLINDRICAL_SURFACE('',#8467,4.31688010600364);
#93=CYLINDRICAL_SURFACE('',#8469,1.30702156862351);
#94=CYLINDRICAL_SURFACE('',#8471,0.661026796371843);
#95=CYLINDRICAL_SURFACE('',#8473,0.525103793828318);
#96=CYLINDRICAL_SURFACE('',#8475,0.440984471399451);
#97=CYLINDRICAL_SURFACE('',#8477,0.183030092528923);
#98=CYLINDRICAL_SURFACE('',#8485,0.20859334145868);
#99=CYLINDRICAL_SURFACE('',#8488,0.978251770874988);
#100=CYLINDRICAL_SURFACE('',#8491,0.946686497562691);
#101=CYLINDRICAL_SURFACE('',#8494,0.194007796600849);
#102=CYLINDRICAL_SURFACE('',#8501,1.17844594736176);
#103=CYLINDRICAL_SURFACE('',#8503,0.538716135293672);
#104=CYLINDRICAL_SURFACE('',#8505,0.560656199603513);
#105=CYLINDRICAL_SURFACE('',#8515,0.117050603211088);
#106=CYLINDRICAL_SURFACE('',#8518,0.117896837635711);
#107=CYLINDRICAL_SURFACE('',#8521,0.165021027357504);
#108=CYLINDRICAL_SURFACE('',#8524,0.515524645048462);
#109=CYLINDRICAL_SURFACE('',#8528,0.515524645058066);
#110=CYLINDRICAL_SURFACE('',#8531,0.165021027313139);
#111=CYLINDRICAL_SURFACE('',#8534,0.117896837635805);
#112=CYLINDRICAL_SURFACE('',#8537,0.117050603211072);
#113=CYLINDRICAL_SURFACE('',#8540,0.15546374659855);
#114=CYLINDRICAL_SURFACE('',#8543,0.581754392526221);
#115=CYLINDRICAL_SURFACE('',#8547,0.581754392529941);
#116=CYLINDRICAL_SURFACE('',#8550,0.855069506699592);
#117=CYLINDRICAL_SURFACE('',#8552,0.8565433215387);
#118=CYLINDRICAL_SURFACE('',#8554,0.522227622782396);
#119=CYLINDRICAL_SURFACE('',#8557,0.522227622784255);
#120=CYLINDRICAL_SURFACE('',#8559,0.856543321500277);
#121=CYLINDRICAL_SURFACE('',#8561,0.85506950666622);
#122=CYLINDRICAL_SURFACE('',#8563,0.51166111674146);
#123=CYLINDRICAL_SURFACE('',#8566,0.511661116741624);
#124=CYLINDRICAL_SURFACE('',#8568,0.155463746550896);
#125=CYLINDRICAL_SURFACE('',#8576,0.430476709868303);
#126=CYLINDRICAL_SURFACE('',#8578,0.247525005108546);
#127=CYLINDRICAL_SURFACE('',#8580,0.108302326467572);
#128=CYLINDRICAL_SURFACE('',#8585,0.417991208103584);
#129=CYLINDRICAL_SURFACE('',#8587,0.257638116489394);
#130=CYLINDRICAL_SURFACE('',#8589,0.102970172458887);
#131=CYLINDRICAL_SURFACE('',#8594,0.62241673088418);
#132=CYLINDRICAL_SURFACE('',#8596,0.364210399114089);
#133=CYLINDRICAL_SURFACE('',#8598,0.348862107433091);
#134=CYLINDRICAL_SURFACE('',#8600,0.655892895908072);
#135=CYLINDRICAL_SURFACE('',#8602,0.672635007241264);
#136=CYLINDRICAL_SURFACE('',#8604,0.355114378254475);
#137=CYLINDRICAL_SURFACE('',#8606,0.349908668125838);
#138=CYLINDRICAL_SURFACE('',#8608,0.662097964096509);
#139=CYLINDRICAL_SURFACE('',#8610,0.660882122431144);
#140=CYLINDRICAL_SURFACE('',#8615,0.750694614156796);
#141=CYLINDRICAL_SURFACE('',#8617,0.636319329327055);
#142=CYLINDRICAL_SURFACE('',#8619,0.696868217932698);
#143=CYLINDRICAL_SURFACE('',#8621,1.51780376212708);
#144=CYLINDRICAL_SURFACE('',#8624,1.40499872733401);
#145=CYLINDRICAL_SURFACE('',#8626,0.398785386183023);
#146=CYLINDRICAL_SURFACE('',#8628,0.289489202201999);
#147=CYLINDRICAL_SURFACE('',#8630,0.129147973716183);
#148=CYLINDRICAL_SURFACE('',#8632,0.134025615809149);
#149=CYLINDRICAL_SURFACE('',#8634,0.291018653535469);
#150=CYLINDRICAL_SURFACE('',#8636,2.17922717449314);
#151=CYLINDRICAL_SURFACE('',#8639,1.57602339292594);
#152=CYLINDRICAL_SURFACE('',#8641,0.798701772792703);
#153=CYLINDRICAL_SURFACE('',#8643,0.511716579193543);
#154=CYLINDRICAL_SURFACE('',#8645,1.30703236724644);
#155=CYLINDRICAL_SURFACE('',#8648,1.26296649998843);
#156=CYLINDRICAL_SURFACE('',#8650,0.48481244278182);
#157=CYLINDRICAL_SURFACE('',#8652,0.325206072535322);
#158=CYLINDRICAL_SURFACE('',#8654,0.180419336619072);
#159=CYLINDRICAL_SURFACE('',#8656,1.23809325445197);
#160=CYLINDRICAL_SURFACE('',#8659,0.578587674522233);
#161=CYLINDRICAL_SURFACE('',#8672,1.);
#162=CYLINDRICAL_SURFACE('',#8674,1.);
#163=CYLINDRICAL_SURFACE('',#8676,1.);
#164=CYLINDRICAL_SURFACE('',#8678,1.);
#165=CYLINDRICAL_SURFACE('',#8680,1.);
#166=CYLINDRICAL_SURFACE('',#8682,0.0479461551339492);
#167=CYLINDRICAL_SURFACE('',#8685,0.047946155134453);
#168=CYLINDRICAL_SURFACE('',#8689,0.0479461551338481);
#169=CYLINDRICAL_SURFACE('',#8692,0.0479461551335987);
#170=CYLINDRICAL_SURFACE('',#8696,0.0409190382478159);
#171=CYLINDRICAL_SURFACE('',#8699,0.0528199111276386);
#172=CYLINDRICAL_SURFACE('',#8703,0.0528199111277486);
#173=CYLINDRICAL_SURFACE('',#8707,0.0479461551336964);
#174=CYLINDRICAL_SURFACE('',#8710,0.047946155133567);
#175=CYLINDRICAL_SURFACE('',#8714,0.0479461551344594);
#176=CYLINDRICAL_SURFACE('',#8717,0.0479461551344121);
#177=CYLINDRICAL_SURFACE('',#8721,0.0547171969084335);
#178=CYLINDRICAL_SURFACE('',#8724,0.0452867196245871);
#179=CYLINDRICAL_SURFACE('',#8728,0.0452867196178319);
#180=CYLINDRICAL_SURFACE('',#8733,0.556496176777404);
#181=CYLINDRICAL_SURFACE('',#8735,0.603275943677699);
#182=CYLINDRICAL_SURFACE('',#8737,0.545876192368185);
#183=CYLINDRICAL_SURFACE('',#8740,0.529631469727653);
#184=CYLINDRICAL_SURFACE('',#8742,0.959872489103593);
#185=CYLINDRICAL_SURFACE('',#8744,0.380131842251202);
#186=CYLINDRICAL_SURFACE('',#8746,0.621912993800136);
#187=CYLINDRICAL_SURFACE('',#8749,0.547586632181149);
#188=CYLINDRICAL_SURFACE('',#8751,0.605864167260998);
#189=CYLINDRICAL_SURFACE('',#8753,0.547586632180639);
#190=CYLINDRICAL_SURFACE('',#8755,0.0547171969089887);
#191=CYLINDRICAL_SURFACE('',#8759,0.040919038247845);
#192=CYLINDRICAL_SURFACE('',#8765,0.546395201600738);
#193=CYLINDRICAL_SURFACE('',#8768,0.546395201601076);
#194=CYLINDRICAL_SURFACE('',#8770,0.608636789354379);
#195=CYLINDRICAL_SURFACE('',#8772,0.545876192367237);
#196=CYLINDRICAL_SURFACE('',#8777,0.0452867196245668);
#197=CYLINDRICAL_SURFACE('',#8779,0.0547171969087227);
#198=CYLINDRICAL_SURFACE('',#8782,0.0479461551337189);
#199=CYLINDRICAL_SURFACE('',#8784,0.0479461551336495);
#200=CYLINDRICAL_SURFACE('',#8789,0.547586632181318);
#201=CYLINDRICAL_SURFACE('',#8791,0.605864167259114);
#202=CYLINDRICAL_SURFACE('',#8801,0.546395201601345);
#203=CYLINDRICAL_SURFACE('',#8806,0.142809848077356);
#204=CYLINDRICAL_SURFACE('',#8808,0.1428098480774);
#205=CYLINDRICAL_SURFACE('',#8811,0.141967772577134);
#206=CYLINDRICAL_SURFACE('',#8813,0.147994398399661);
#207=CYLINDRICAL_SURFACE('',#8818,0.546395201601329);
#208=CYLINDRICAL_SURFACE('',#8820,0.608636789354835);
#209=CYLINDRICAL_SURFACE('',#8822,0.545876192368013);
#210=CYLINDRICAL_SURFACE('',#8825,0.545876192368175);
#211=CYLINDRICAL_SURFACE('',#8827,0.608636789354275);
#212=CYLINDRICAL_SURFACE('',#8846,0.546395201601055);
#213=CYLINDRICAL_SURFACE('',#8851,0.142809848077231);
#214=CYLINDRICAL_SURFACE('',#8853,0.14280984807745);
#215=CYLINDRICAL_SURFACE('',#8856,0.141967772902985);
#216=CYLINDRICAL_SURFACE('',#8858,0.147994398399936);
#217=CYLINDRICAL_SURFACE('',#8863,0.546395201601088);
#218=CYLINDRICAL_SURFACE('',#8865,0.608636789354802);
#219=CYLINDRICAL_SURFACE('',#8867,0.54587619236787);
#220=CYLINDRICAL_SURFACE('',#8870,0.545876192368043);
#221=CYLINDRICAL_SURFACE('',#8872,0.608636789354303);
#222=CYLINDRICAL_SURFACE('',#8877,0.0479461551335384);
#223=CYLINDRICAL_SURFACE('',#8880,0.0479461551343828);
#224=CYLINDRICAL_SURFACE('',#8884,0.0547171969106354);
#225=CYLINDRICAL_SURFACE('',#8887,0.0452867196178583);
#226=CYLINDRICAL_SURFACE('',#8897,0.547586632181075);
#227=CYLINDRICAL_SURFACE('',#8899,0.59971372899292);
#228=CYLINDRICAL_SURFACE('',#8901,0.558193193589243);
#229=CYLINDRICAL_SURFACE('',#8904,0.548069064163161);
#230=CYLINDRICAL_SURFACE('',#8906,0.604954337739935);
#231=CYLINDRICAL_SURFACE('',#8908,0.547586632179712);
#232=B_SPLINE_CURVE_WITH_KNOTS('',2,(#11564,#11565,#11566),
 .UNSPECIFIED.,.F.,.F.,(3,3),(0.,1.),.PIECEWISE_BEZIER_KNOTS.);
#233=B_SPLINE_CURVE_WITH_KNOTS('',2,(#11569,#11570,#11571),
 .UNSPECIFIED.,.F.,.F.,(3,3),(0.,1.),.PIECEWISE_BEZIER_KNOTS.);
#234=B_SPLINE_CURVE_WITH_KNOTS('',2,(#11605,#11606,#11607),
 .UNSPECIFIED.,.F.,.F.,(3,3),(0.,1.),.PIECEWISE_BEZIER_KNOTS.);
#235=B_SPLINE_CURVE_WITH_KNOTS('',2,(#11633,#11634,#11635),
 .UNSPECIFIED.,.F.,.F.,(3,3),(0.,1.),.PIECEWISE_BEZIER_KNOTS.);
#236=B_SPLINE_CURVE_WITH_KNOTS('',2,(#11637,#11638,#11639),
 .UNSPECIFIED.,.F.,.F.,(3,3),(0.,1.),.PIECEWISE_BEZIER_KNOTS.);
#237=B_SPLINE_CURVE_WITH_KNOTS('',2,(#11641,#11642,#11643),
 .UNSPECIFIED.,.F.,.F.,(3,3),(0.,1.),.PIECEWISE_BEZIER_KNOTS.);
#238=B_SPLINE_CURVE_WITH_KNOTS('',2,(#11645,#11646,#11647),
 .UNSPECIFIED.,.F.,.F.,(3,3),(0.,1.),.PIECEWISE_BEZIER_KNOTS.);
#239=B_SPLINE_CURVE_WITH_KNOTS('',2,(#11671,#11672,#11673),
 .UNSPECIFIED.,.F.,.F.,(3,3),(0.,1.),.PIECEWISE_BEZIER_KNOTS.);
#240=B_SPLINE_CURVE_WITH_KNOTS('',2,(#11677,#11678,#11679),
 .UNSPECIFIED.,.F.,.F.,(3,3),(0.,1.),.PIECEWISE_BEZIER_KNOTS.);
#241=B_SPLINE_CURVE_WITH_KNOTS('',2,(#11681,#11682,#11683),
 .UNSPECIFIED.,.F.,.F.,(3,3),(0.,1.),.PIECEWISE_BEZIER_KNOTS.);
#242=B_SPLINE_CURVE_WITH_KNOTS('',2,(#11707,#11708,#11709),
 .UNSPECIFIED.,.F.,.F.,(3,3),(0.,1.),.PIECEWISE_BEZIER_KNOTS.);
#243=B_SPLINE_CURVE_WITH_KNOTS('',2,(#11713,#11714,#11715),
 .UNSPECIFIED.,.F.,.F.,(3,3),(0.,1.),.PIECEWISE_BEZIER_KNOTS.);
#244=B_SPLINE_CURVE_WITH_KNOTS('',2,(#11725,#11726,#11727),
 .UNSPECIFIED.,.F.,.F.,(3,3),(0.,1.),.PIECEWISE_BEZIER_KNOTS.);
#245=B_SPLINE_CURVE_WITH_KNOTS('',2,(#11731,#11732,#11733),
 .UNSPECIFIED.,.F.,.F.,(3,3),(0.,1.),.PIECEWISE_BEZIER_KNOTS.);
#246=B_SPLINE_CURVE_WITH_KNOTS('',2,(#11769,#11770,#11771),
 .UNSPECIFIED.,.F.,.F.,(3,3),(0.,1.),.PIECEWISE_BEZIER_KNOTS.);
#247=B_SPLINE_CURVE_WITH_KNOTS('',2,(#11785,#11786,#11787),
 .UNSPECIFIED.,.F.,.F.,(3,3),(0.,1.),.PIECEWISE_BEZIER_KNOTS.);
#248=B_SPLINE_CURVE_WITH_KNOTS('',2,(#11798,#11799,#11800),
 .UNSPECIFIED.,.F.,.F.,(3,3),(0.,1.),.PIECEWISE_BEZIER_KNOTS.);
#249=B_SPLINE_CURVE_WITH_KNOTS('',2,(#11805,#11806,#11807),
 .UNSPECIFIED.,.F.,.F.,(3,3),(0.,1.),.PIECEWISE_BEZIER_KNOTS.);
#250=B_SPLINE_CURVE_WITH_KNOTS('',2,(#11813,#11814,#11815),
 .UNSPECIFIED.,.F.,.F.,(3,3),(0.,1.),.PIECEWISE_BEZIER_KNOTS.);
#251=B_SPLINE_CURVE_WITH_KNOTS('',2,(#11819,#11820,#11821),
 .UNSPECIFIED.,.F.,.F.,(3,3),(0.,1.),.PIECEWISE_BEZIER_KNOTS.);
#252=B_SPLINE_CURVE_WITH_KNOTS('',2,(#11833,#11834,#11835),
 .UNSPECIFIED.,.F.,.F.,(3,3),(0.,1.),.PIECEWISE_BEZIER_KNOTS.);
#253=B_SPLINE_CURVE_WITH_KNOTS('',2,(#11837,#11838,#11839),
 .UNSPECIFIED.,.F.,.F.,(3,3),(0.,1.),.PIECEWISE_BEZIER_KNOTS.);
#254=B_SPLINE_CURVE_WITH_KNOTS('',2,(#11841,#11842,#11843),
 .UNSPECIFIED.,.F.,.F.,(3,3),(0.,1.),.PIECEWISE_BEZIER_KNOTS.);
#255=B_SPLINE_CURVE_WITH_KNOTS('',2,(#11845,#11846,#11847),
 .UNSPECIFIED.,.F.,.F.,(3,3),(0.,1.),.PIECEWISE_BEZIER_KNOTS.);
#256=B_SPLINE_CURVE_WITH_KNOTS('',2,(#11875,#11876,#11877),
 .UNSPECIFIED.,.F.,.F.,(3,3),(0.,1.),.PIECEWISE_BEZIER_KNOTS.);
#257=B_SPLINE_CURVE_WITH_KNOTS('',2,(#12243,#12244,#12245),
 .UNSPECIFIED.,.F.,.F.,(3,3),(0.,1.),.PIECEWISE_BEZIER_KNOTS.);
#258=B_SPLINE_CURVE_WITH_KNOTS('',2,(#12308,#12309,#12310),
 .UNSPECIFIED.,.F.,.F.,(3,3),(0.,1.),.PIECEWISE_BEZIER_KNOTS.);
#259=B_SPLINE_CURVE_WITH_KNOTS('',2,(#12425,#12426,#12427),
 .UNSPECIFIED.,.F.,.F.,(3,3),(0.,1.),.PIECEWISE_BEZIER_KNOTS.);
#260=B_SPLINE_CURVE_WITH_KNOTS('',2,(#12438,#12439,#12440),
 .UNSPECIFIED.,.F.,.F.,(3,3),(0.,1.),.PIECEWISE_BEZIER_KNOTS.);
#261=B_SPLINE_CURVE_WITH_KNOTS('',2,(#12451,#12452,#12453),
 .UNSPECIFIED.,.F.,.F.,(3,3),(0.,1.),.PIECEWISE_BEZIER_KNOTS.);
#262=B_SPLINE_CURVE_WITH_KNOTS('',2,(#12464,#12465,#12466),
 .UNSPECIFIED.,.F.,.F.,(3,3),(0.,1.),.PIECEWISE_BEZIER_KNOTS.);
#263=B_SPLINE_CURVE_WITH_KNOTS('',2,(#12525,#12526,#12527),
 .UNSPECIFIED.,.F.,.F.,(3,3),(0.,1.),.PIECEWISE_BEZIER_KNOTS.);
#264=B_SPLINE_CURVE_WITH_KNOTS('',2,(#12568,#12569,#12570),
 .UNSPECIFIED.,.F.,.F.,(3,3),(0.,1.),.PIECEWISE_BEZIER_KNOTS.);
#265=B_SPLINE_CURVE_WITH_KNOTS('',2,(#12574,#12575,#12576),
 .UNSPECIFIED.,.F.,.F.,(3,3),(0.,1.),.PIECEWISE_BEZIER_KNOTS.);
#266=B_SPLINE_CURVE_WITH_KNOTS('',2,(#12637,#12638,#12639),
 .UNSPECIFIED.,.F.,.F.,(3,3),(0.,1.),.PIECEWISE_BEZIER_KNOTS.);
#267=B_SPLINE_CURVE_WITH_KNOTS('',2,(#12650,#12651,#12652),
 .UNSPECIFIED.,.F.,.F.,(3,3),(0.,1.),.PIECEWISE_BEZIER_KNOTS.);
#268=B_SPLINE_CURVE_WITH_KNOTS('',2,(#12667,#12668,#12669),
 .UNSPECIFIED.,.F.,.F.,(3,3),(0.,1.),.PIECEWISE_BEZIER_KNOTS.);
#269=B_SPLINE_CURVE_WITH_KNOTS('',2,(#12680,#12681,#12682),
 .UNSPECIFIED.,.F.,.F.,(3,3),(0.,1.),.PIECEWISE_BEZIER_KNOTS.);
#270=B_SPLINE_CURVE_WITH_KNOTS('',2,(#12683,#12684,#12685),
 .UNSPECIFIED.,.F.,.F.,(3,3),(0.,1.),.PIECEWISE_BEZIER_KNOTS.);
#271=B_SPLINE_CURVE_WITH_KNOTS('',2,(#12810,#12811,#12812),
 .UNSPECIFIED.,.F.,.F.,(3,3),(0.,1.),.PIECEWISE_BEZIER_KNOTS.);
#272=B_SPLINE_CURVE_WITH_KNOTS('',2,(#12827,#12828,#12829),
 .UNSPECIFIED.,.F.,.F.,(3,3),(0.,1.),.PIECEWISE_BEZIER_KNOTS.);
#273=B_SPLINE_CURVE_WITH_KNOTS('',2,(#12856,#12857,#12858),
 .UNSPECIFIED.,.F.,.F.,(3,3),(0.,1.),.PIECEWISE_BEZIER_KNOTS.);
#274=B_SPLINE_CURVE_WITH_KNOTS('',2,(#12873,#12874,#12875),
 .UNSPECIFIED.,.F.,.F.,(3,3),(0.,1.),.PIECEWISE_BEZIER_KNOTS.);
#275=B_SPLINE_CURVE_WITH_KNOTS('',2,(#12919,#12920,#12921),
 .UNSPECIFIED.,.F.,.F.,(3,3),(0.,1.),.PIECEWISE_BEZIER_KNOTS.);
#276=B_SPLINE_CURVE_WITH_KNOTS('',2,(#12956,#12957,#12958),
 .UNSPECIFIED.,.F.,.F.,(3,3),(0.,1.),.PIECEWISE_BEZIER_KNOTS.);
#277=B_SPLINE_CURVE_WITH_KNOTS('',2,(#13024,#13025,#13026),
 .UNSPECIFIED.,.F.,.F.,(3,3),(0.,1.),.PIECEWISE_BEZIER_KNOTS.);
#278=B_SPLINE_CURVE_WITH_KNOTS('',2,(#13051,#13052,#13053),
 .UNSPECIFIED.,.F.,.F.,(3,3),(0.,1.),.PIECEWISE_BEZIER_KNOTS.);
#279=B_SPLINE_CURVE_WITH_KNOTS('',2,(#13116,#13117,#13118),
 .UNSPECIFIED.,.F.,.F.,(3,3),(0.,1.),.PIECEWISE_BEZIER_KNOTS.);
#280=B_SPLINE_CURVE_WITH_KNOTS('',2,(#13129,#13130,#13131),
 .UNSPECIFIED.,.F.,.F.,(3,3),(0.,1.),.PIECEWISE_BEZIER_KNOTS.);
#281=B_SPLINE_CURVE_WITH_KNOTS('',2,(#13142,#13143,#13144),
 .UNSPECIFIED.,.F.,.F.,(3,3),(0.,1.),.PIECEWISE_BEZIER_KNOTS.);
#282=B_SPLINE_CURVE_WITH_KNOTS('',2,(#13155,#13156,#13157),
 .UNSPECIFIED.,.F.,.F.,(3,3),(0.,1.),.PIECEWISE_BEZIER_KNOTS.);
#283=B_SPLINE_CURVE_WITH_KNOTS('',2,(#13188,#13189,#13190),
 .UNSPECIFIED.,.F.,.F.,(3,3),(0.,1.),.PIECEWISE_BEZIER_KNOTS.);
#284=B_SPLINE_CURVE_WITH_KNOTS('',2,(#13205,#13206,#13207),
 .UNSPECIFIED.,.F.,.F.,(3,3),(0.,1.),.PIECEWISE_BEZIER_KNOTS.);
#285=B_SPLINE_CURVE_WITH_KNOTS('',2,(#13226,#13227,#13228),
 .UNSPECIFIED.,.F.,.F.,(3,3),(0.,1.),.PIECEWISE_BEZIER_KNOTS.);
#286=LINE('',#11242,#1048);
#287=LINE('',#11245,#1049);
#288=LINE('',#11247,#1050);
#289=LINE('',#11249,#1051);
#290=LINE('',#11251,#1052);
#291=LINE('',#11253,#1053);
#292=LINE('',#11255,#1054);
#293=LINE('',#11257,#1055);
#294=LINE('',#11259,#1056);
#295=LINE('',#11261,#1057);
#296=LINE('',#11263,#1058);
#297=LINE('',#11265,#1059);
#298=LINE('',#11266,#1060);
#299=LINE('',#11275,#1061);
#300=LINE('',#11283,#1062);
#301=LINE('',#11285,#1063);
#302=LINE('',#11287,#1064);
#303=LINE('',#11289,#1065);
#304=LINE('',#11291,#1066);
#305=LINE('',#11293,#1067);
#306=LINE('',#11301,#1068);
#307=LINE('',#11309,#1069);
#308=LINE('',#11311,#1070);
#309=LINE('',#11313,#1071);
#310=LINE('',#11319,#1072);
#311=LINE('',#11325,#1073);
#312=LINE('',#11327,#1074);
#313=LINE('',#11329,#1075);
#314=LINE('',#11330,#1076);
#315=LINE('',#11333,#1077);
#316=LINE('',#11335,#1078);
#317=LINE('',#11337,#1079);
#318=LINE('',#11339,#1080);
#319=LINE('',#11341,#1081);
#320=LINE('',#11343,#1082);
#321=LINE('',#11345,#1083);
#322=LINE('',#11347,#1084);
#323=LINE('',#11349,#1085);
#324=LINE('',#11351,#1086);
#325=LINE('',#11353,#1087);
#326=LINE('',#11355,#1088);
#327=LINE('',#11357,#1089);
#328=LINE('',#11359,#1090);
#329=LINE('',#11367,#1091);
#330=LINE('',#11375,#1092);
#331=LINE('',#11377,#1093);
#332=LINE('',#11379,#1094);
#333=LINE('',#11385,#1095);
#334=LINE('',#11391,#1096);
#335=LINE('',#11393,#1097);
#336=LINE('',#11395,#1098);
#337=LINE('',#11396,#1099);
#338=LINE('',#11399,#1100);
#339=LINE('',#11401,#1101);
#340=LINE('',#11403,#1102);
#341=LINE('',#11405,#1103);
#342=LINE('',#11407,#1104);
#343=LINE('',#11415,#1105);
#344=LINE('',#11417,#1106);
#345=LINE('',#11419,#1107);
#346=LINE('',#11425,#1108);
#347=LINE('',#11431,#1109);
#348=LINE('',#11433,#1110);
#349=LINE('',#11435,#1111);
#350=LINE('',#11443,#1112);
#351=LINE('',#11444,#1113);
#352=LINE('',#11447,#1114);
#353=LINE('',#11455,#1115);
#354=LINE('',#11465,#1116);
#355=LINE('',#11473,#1117);
#356=LINE('',#11474,#1118);
#357=LINE('',#11477,#1119);
#358=LINE('',#11479,#1120);
#359=LINE('',#11481,#1121);
#360=LINE('',#11485,#1122);
#361=LINE('',#11489,#1123);
#362=LINE('',#11493,#1124);
#363=LINE('',#11497,#1125);
#364=LINE('',#11498,#1126);
#365=LINE('',#11501,#1127);
#366=LINE('',#11503,#1128);
#367=LINE('',#11505,#1129);
#368=LINE('',#11506,#1130);
#369=LINE('',#11509,#1131);
#370=LINE('',#11511,#1132);
#371=LINE('',#11513,#1133);
#372=LINE('',#11514,#1134);
#373=LINE('',#11517,#1135);
#374=LINE('',#11519,#1136);
#375=LINE('',#11521,#1137);
#376=LINE('',#11522,#1138);
#377=LINE('',#11525,#1139);
#378=LINE('',#11527,#1140);
#379=LINE('',#11529,#1141);
#380=LINE('',#11530,#1142);
#381=LINE('',#11533,#1143);
#382=LINE('',#11535,#1144);
#383=LINE('',#11537,#1145);
#384=LINE('',#11538,#1146);
#385=LINE('',#11541,#1147);
#386=LINE('',#11543,#1148);
#387=LINE('',#11545,#1149);
#388=LINE('',#11546,#1150);
#389=LINE('',#11549,#1151);
#390=LINE('',#11551,#1152);
#391=LINE('',#11553,#1153);
#392=LINE('',#11554,#1154);
#393=LINE('',#11557,#1155);
#394=LINE('',#11559,#1156);
#395=LINE('',#11561,#1157);
#396=LINE('',#11573,#1158);
#397=LINE('',#11585,#1159);
#398=LINE('',#11587,#1160);
#399=LINE('',#11589,#1161);
#400=LINE('',#11591,#1162);
#401=LINE('',#11593,#1163);
#402=LINE('',#11615,#1164);
#403=LINE('',#11629,#1165);
#404=LINE('',#11631,#1166);
#405=LINE('',#11649,#1167);
#406=LINE('',#11655,#1168);
#407=LINE('',#11657,#1169);
#408=LINE('',#11659,#1170);
#409=LINE('',#11666,#1171);
#410=LINE('',#11669,#1172);
#411=LINE('',#11689,#1173);
#412=LINE('',#11691,#1174);
#413=LINE('',#11693,#1175);
#414=LINE('',#11694,#1176);
#415=LINE('',#11697,#1177);
#416=LINE('',#11699,#1178);
#417=LINE('',#11701,#1179);
#418=LINE('',#11711,#1180);
#419=LINE('',#11729,#1181);
#420=LINE('',#11738,#1182);
#421=LINE('',#11741,#1183);
#422=LINE('',#11743,#1184);
#423=LINE('',#11763,#1185);
#424=LINE('',#11765,#1186);
#425=LINE('',#11767,#1187);
#426=LINE('',#11779,#1188);
#427=LINE('',#11781,#1189);
#428=LINE('',#11783,#1190);
#429=LINE('',#11795,#1191);
#430=LINE('',#11797,#1192);
#431=LINE('',#11809,#1193);
#432=LINE('',#11829,#1194);
#433=LINE('',#11855,#1195);
#434=LINE('',#11871,#1196);
#435=LINE('',#11884,#1197);
#436=LINE('',#11887,#1198);
#437=LINE('',#11889,#1199);
#438=LINE('',#11891,#1200);
#439=LINE('',#11892,#1201);
#440=LINE('',#11895,#1202);
#441=LINE('',#11897,#1203);
#442=LINE('',#11899,#1204);
#443=LINE('',#11901,#1205);
#444=LINE('',#11903,#1206);
#445=LINE('',#11905,#1207);
#446=LINE('',#11907,#1208);
#447=LINE('',#11909,#1209);
#448=LINE('',#11912,#1210);
#449=LINE('',#11914,#1211);
#450=LINE('',#11916,#1212);
#451=LINE('',#11918,#1213);
#452=LINE('',#11921,#1214);
#453=LINE('',#11923,#1215);
#454=LINE('',#11925,#1216);
#455=LINE('',#11932,#1217);
#456=LINE('',#11937,#1218);
#457=LINE('',#11944,#1219);
#458=LINE('',#11947,#1220);
#459=LINE('',#11949,#1221);
#460=LINE('',#11951,#1222);
#461=LINE('',#11952,#1223);
#462=LINE('',#11955,#1224);
#463=LINE('',#11957,#1225);
#464=LINE('',#11959,#1226);
#465=LINE('',#11960,#1227);
#466=LINE('',#11963,#1228);
#467=LINE('',#11965,#1229);
#468=LINE('',#11967,#1230);
#469=LINE('',#11968,#1231);
#470=LINE('',#11971,#1232);
#471=LINE('',#11973,#1233);
#472=LINE('',#11975,#1234);
#473=LINE('',#11976,#1235);
#474=LINE('',#11979,#1236);
#475=LINE('',#11981,#1237);
#476=LINE('',#11983,#1238);
#477=LINE('',#11984,#1239);
#478=LINE('',#11987,#1240);
#479=LINE('',#11989,#1241);
#480=LINE('',#11991,#1242);
#481=LINE('',#11992,#1243);
#482=LINE('',#11995,#1244);
#483=LINE('',#11997,#1245);
#484=LINE('',#11999,#1246);
#485=LINE('',#12000,#1247);
#486=LINE('',#12003,#1248);
#487=LINE('',#12005,#1249);
#488=LINE('',#12007,#1250);
#489=LINE('',#12008,#1251);
#490=LINE('',#12011,#1252);
#491=LINE('',#12013,#1253);
#492=LINE('',#12015,#1254);
#493=LINE('',#12016,#1255);
#494=LINE('',#12021,#1256);
#495=LINE('',#12024,#1257);
#496=LINE('',#12027,#1258);
#497=LINE('',#12029,#1259);
#498=LINE('',#12030,#1260);
#499=LINE('',#12032,#1261);
#500=LINE('',#12034,#1262);
#501=LINE('',#12036,#1263);
#502=LINE('',#12038,#1264);
#503=LINE('',#12040,#1265);
#504=LINE('',#12042,#1266);
#505=LINE('',#12044,#1267);
#506=LINE('',#12046,#1268);
#507=LINE('',#12048,#1269);
#508=LINE('',#12050,#1270);
#509=LINE('',#12052,#1271);
#510=LINE('',#12054,#1272);
#511=LINE('',#12056,#1273);
#512=LINE('',#12058,#1274);
#513=LINE('',#12060,#1275);
#514=LINE('',#12062,#1276);
#515=LINE('',#12064,#1277);
#516=LINE('',#12066,#1278);
#517=LINE('',#12068,#1279);
#518=LINE('',#12070,#1280);
#519=LINE('',#12071,#1281);
#520=LINE('',#12073,#1282);
#521=LINE('',#12075,#1283);
#522=LINE('',#12078,#1284);
#523=LINE('',#12079,#1285);
#524=LINE('',#12081,#1286);
#525=LINE('',#12083,#1287);
#526=LINE('',#12086,#1288);
#527=LINE('',#12087,#1289);
#528=LINE('',#12089,#1290);
#529=LINE('',#12091,#1291);
#530=LINE('',#12094,#1292);
#531=LINE('',#12095,#1293);
#532=LINE('',#12097,#1294);
#533=LINE('',#12099,#1295);
#534=LINE('',#12102,#1296);
#535=LINE('',#12103,#1297);
#536=LINE('',#12105,#1298);
#537=LINE('',#12107,#1299);
#538=LINE('',#12110,#1300);
#539=LINE('',#12111,#1301);
#540=LINE('',#12113,#1302);
#541=LINE('',#12115,#1303);
#542=LINE('',#12118,#1304);
#543=LINE('',#12119,#1305);
#544=LINE('',#12121,#1306);
#545=LINE('',#12123,#1307);
#546=LINE('',#12126,#1308);
#547=LINE('',#12127,#1309);
#548=LINE('',#12129,#1310);
#549=LINE('',#12131,#1311);
#550=LINE('',#12138,#1312);
#551=LINE('',#12139,#1313);
#552=LINE('',#12141,#1314);
#553=LINE('',#12143,#1315);
#554=LINE('',#12146,#1316);
#555=LINE('',#12147,#1317);
#556=LINE('',#12149,#1318);
#557=LINE('',#12151,#1319);
#558=LINE('',#12163,#1320);
#559=LINE('',#12164,#1321);
#560=LINE('',#12166,#1322);
#561=LINE('',#12168,#1323);
#562=LINE('',#12174,#1324);
#563=LINE('',#12178,#1325);
#564=LINE('',#12182,#1326);
#565=LINE('',#12188,#1327);
#566=LINE('',#12194,#1328);
#567=LINE('',#12198,#1329);
#568=LINE('',#12200,#1330);
#569=LINE('',#12202,#1331);
#570=LINE('',#12206,#1332);
#571=LINE('',#12212,#1333);
#572=LINE('',#12218,#1334);
#573=LINE('',#12224,#1335);
#574=LINE('',#12228,#1336);
#575=LINE('',#12230,#1337);
#576=LINE('',#12232,#1338);
#577=LINE('',#12241,#1339);
#578=LINE('',#12247,#1340);
#579=LINE('',#12249,#1341);
#580=LINE('',#12253,#1342);
#581=LINE('',#12257,#1343);
#582=LINE('',#12259,#1344);
#583=LINE('',#12261,#1345);
#584=LINE('',#12263,#1346);
#585=LINE('',#12265,#1347);
#586=LINE('',#12267,#1348);
#587=LINE('',#12269,#1349);
#588=LINE('',#12271,#1350);
#589=LINE('',#12273,#1351);
#590=LINE('',#12275,#1352);
#591=LINE('',#12277,#1353);
#592=LINE('',#12281,#1354);
#593=LINE('',#12285,#1355);
#594=LINE('',#12289,#1356);
#595=LINE('',#12293,#1357);
#596=LINE('',#12297,#1358);
#597=LINE('',#12299,#1359);
#598=LINE('',#12320,#1360);
#599=LINE('',#12324,#1361);
#600=LINE('',#12328,#1362);
#601=LINE('',#12334,#1363);
#602=LINE('',#12340,#1364);
#603=LINE('',#12346,#1365);
#604=LINE('',#12352,#1366);
#605=LINE('',#12358,#1367);
#606=LINE('',#12362,#1368);
#607=LINE('',#12364,#1369);
#608=LINE('',#12366,#1370);
#609=LINE('',#12370,#1371);
#610=LINE('',#12374,#1372);
#611=LINE('',#12378,#1373);
#612=LINE('',#12380,#1374);
#613=LINE('',#12384,#1375);
#614=LINE('',#12388,#1376);
#615=LINE('',#12392,#1377);
#616=LINE('',#12394,#1378);
#617=LINE('',#12396,#1379);
#618=LINE('',#12398,#1380);
#619=LINE('',#12400,#1381);
#620=LINE('',#12402,#1382);
#621=LINE('',#12404,#1383);
#622=LINE('',#12408,#1384);
#623=LINE('',#12412,#1385);
#624=LINE('',#12414,#1386);
#625=LINE('',#12423,#1387);
#626=LINE('',#12436,#1388);
#627=LINE('',#12449,#1389);
#628=LINE('',#12462,#1390);
#629=LINE('',#12468,#1391);
#630=LINE('',#12470,#1392);
#631=LINE('',#12472,#1393);
#632=LINE('',#12474,#1394);
#633=LINE('',#12476,#1395);
#634=LINE('',#12480,#1396);
#635=LINE('',#12484,#1397);
#636=LINE('',#12488,#1398);
#637=LINE('',#12492,#1399);
#638=LINE('',#12496,#1400);
#639=LINE('',#12500,#1401);
#640=LINE('',#12502,#1402);
#641=LINE('',#12504,#1403);
#642=LINE('',#12508,#1404);
#643=LINE('',#12512,#1405);
#644=LINE('',#12523,#1406);
#645=LINE('',#12529,#1407);
#646=LINE('',#12540,#1408);
#647=LINE('',#12543,#1409);
#648=LINE('',#12545,#1410);
#649=LINE('',#12547,#1411);
#650=LINE('',#12549,#1412);
#651=LINE('',#12551,#1413);
#652=LINE('',#12553,#1414);
#653=LINE('',#12555,#1415);
#654=LINE('',#12557,#1416);
#655=LINE('',#12559,#1417);
#656=LINE('',#12572,#1418);
#657=LINE('',#12580,#1419);
#658=LINE('',#12586,#1420);
#659=LINE('',#12592,#1421);
#660=LINE('',#12598,#1422);
#661=LINE('',#12602,#1423);
#662=LINE('',#12604,#1424);
#663=LINE('',#12606,#1425);
#664=LINE('',#12608,#1426);
#665=LINE('',#12610,#1427);
#666=LINE('',#12612,#1428);
#667=LINE('',#12614,#1429);
#668=LINE('',#12616,#1430);
#669=LINE('',#12618,#1431);
#670=LINE('',#12620,#1432);
#671=LINE('',#12624,#1433);
#672=LINE('',#12635,#1434);
#673=LINE('',#12648,#1435);
#674=LINE('',#12654,#1436);
#675=LINE('',#12665,#1437);
#676=LINE('',#12671,#1438);
#677=LINE('',#12689,#1439);
#678=LINE('',#12691,#1440);
#679=LINE('',#12693,#1441);
#680=LINE('',#12695,#1442);
#681=LINE('',#12697,#1443);
#682=LINE('',#12699,#1444);
#683=LINE('',#12701,#1445);
#684=LINE('',#12703,#1446);
#685=LINE('',#12709,#1447);
#686=LINE('',#12713,#1448);
#687=LINE('',#12717,#1449);
#688=LINE('',#12723,#1450);
#689=LINE('',#12729,#1451);
#690=LINE('',#12733,#1452);
#691=LINE('',#12735,#1453);
#692=LINE('',#12737,#1454);
#693=LINE('',#12741,#1455);
#694=LINE('',#12747,#1456);
#695=LINE('',#12753,#1457);
#696=LINE('',#12759,#1458);
#697=LINE('',#12765,#1459);
#698=LINE('',#12771,#1460);
#699=LINE('',#12775,#1461);
#700=LINE('',#12777,#1462);
#701=LINE('',#12779,#1463);
#702=LINE('',#12783,#1464);
#703=LINE('',#12787,#1465);
#704=LINE('',#12791,#1466);
#705=LINE('',#12793,#1467);
#706=LINE('',#12797,#1468);
#707=LINE('',#12808,#1469);
#708=LINE('',#12814,#1470);
#709=LINE('',#12816,#1471);
#710=LINE('',#12825,#1472);
#711=LINE('',#12831,#1473);
#712=LINE('',#12835,#1474);
#713=LINE('',#12839,#1475);
#714=LINE('',#12843,#1476);
#715=LINE('',#12854,#1477);
#716=LINE('',#12860,#1478);
#717=LINE('',#12862,#1479);
#718=LINE('',#12871,#1480);
#719=LINE('',#12884,#1481);
#720=LINE('',#12886,#1482);
#721=LINE('',#12888,#1483);
#722=LINE('',#12890,#1484);
#723=LINE('',#12892,#1485);
#724=LINE('',#12894,#1486);
#725=LINE('',#12896,#1487);
#726=LINE('',#12898,#1488);
#727=LINE('',#12902,#1489);
#728=LINE('',#12906,#1490);
#729=LINE('',#12917,#1491);
#730=LINE('',#12923,#1492);
#731=LINE('',#12925,#1493);
#732=LINE('',#12927,#1494);
#733=LINE('',#12929,#1495);
#734=LINE('',#12931,#1496);
#735=LINE('',#12933,#1497);
#736=LINE('',#12935,#1498);
#737=LINE('',#12939,#1499);
#738=LINE('',#12943,#1500);
#739=LINE('',#12954,#1501);
#740=LINE('',#12960,#1502);
#741=LINE('',#12962,#1503);
#742=LINE('',#12964,#1504);
#743=LINE('',#12966,#1505);
#744=LINE('',#12968,#1506);
#745=LINE('',#12970,#1507);
#746=LINE('',#12972,#1508);
#747=LINE('',#12976,#1509);
#748=LINE('',#12980,#1510);
#749=LINE('',#12984,#1511);
#750=LINE('',#12988,#1512);
#751=LINE('',#12992,#1513);
#752=LINE('',#12996,#1514);
#753=LINE('',#13000,#1515);
#754=LINE('',#13004,#1516);
#755=LINE('',#13008,#1517);
#756=LINE('',#13010,#1518);
#757=LINE('',#13012,#1519);
#758=LINE('',#13022,#1520);
#759=LINE('',#13028,#1521);
#760=LINE('',#13030,#1522);
#761=LINE('',#13034,#1523);
#762=LINE('',#13038,#1524);
#763=LINE('',#13049,#1525);
#764=LINE('',#13055,#1526);
#765=LINE('',#13059,#1527);
#766=LINE('',#13061,#1528);
#767=LINE('',#13063,#1529);
#768=LINE('',#13067,#1530);
#769=LINE('',#13071,#1531);
#770=LINE('',#13075,#1532);
#771=LINE('',#13079,#1533);
#772=LINE('',#13083,#1534);
#773=LINE('',#13087,#1535);
#774=LINE('',#13091,#1536);
#775=LINE('',#13093,#1537);
#776=LINE('',#13095,#1538);
#777=LINE('',#13099,#1539);
#778=LINE('',#13103,#1540);
#779=LINE('',#13114,#1541);
#780=LINE('',#13127,#1542);
#781=LINE('',#13140,#1543);
#782=LINE('',#13153,#1544);
#783=LINE('',#13159,#1545);
#784=LINE('',#13163,#1546);
#785=LINE('',#13165,#1547);
#786=LINE('',#13167,#1548);
#787=LINE('',#13171,#1549);
#788=LINE('',#13175,#1550);
#789=LINE('',#13186,#1551);
#790=LINE('',#13192,#1552);
#791=LINE('',#13203,#1553);
#792=LINE('',#13209,#1554);
#793=LINE('',#13213,#1555);
#794=LINE('',#13215,#1556);
#795=LINE('',#13224,#1557);
#796=LINE('',#13233,#1558);
#797=LINE('',#13235,#1559);
#798=LINE('',#13237,#1560);
#799=LINE('',#13239,#1561);
#800=LINE('',#13241,#1562);
#801=LINE('',#13243,#1563);
#802=LINE('',#13245,#1564);
#803=LINE('',#13247,#1565);
#804=LINE('',#13251,#1566);
#805=LINE('',#13253,#1567);
#806=LINE('',#13266,#1568);
#807=LINE('',#13269,#1569);
#808=LINE('',#13271,#1570);
#809=LINE('',#13273,#1571);
#810=LINE('',#13277,#1572);
#811=LINE('',#13283,#1573);
#812=LINE('',#13287,#1574);
#813=LINE('',#13289,#1575);
#814=LINE('',#13291,#1576);
#815=LINE('',#13295,#1577);
#816=LINE('',#13301,#1578);
#817=LINE('',#13305,#1579);
#818=LINE('',#13307,#1580);
#819=LINE('',#13309,#1581);
#820=LINE('',#13313,#1582);
#821=LINE('',#13319,#1583);
#822=LINE('',#13323,#1584);
#823=LINE('',#13325,#1585);
#824=LINE('',#13327,#1586);
#825=LINE('',#13331,#1587);
#826=LINE('',#13335,#1588);
#827=LINE('',#13338,#1589);
#828=LINE('',#13340,#1590);
#829=LINE('',#13342,#1591);
#830=LINE('',#13346,#1592);
#831=LINE('',#13352,#1593);
#832=LINE('',#13356,#1594);
#833=LINE('',#13358,#1595);
#834=LINE('',#13360,#1596);
#835=LINE('',#13364,#1597);
#836=LINE('',#13370,#1598);
#837=LINE('',#13374,#1599);
#838=LINE('',#13376,#1600);
#839=LINE('',#13378,#1601);
#840=LINE('',#13382,#1602);
#841=LINE('',#13388,#1603);
#842=LINE('',#13392,#1604);
#843=LINE('',#13394,#1605);
#844=LINE('',#13396,#1606);
#845=LINE('',#13400,#1607);
#846=LINE('',#13404,#1608);
#847=LINE('',#13406,#1609);
#848=LINE('',#13408,#1610);
#849=LINE('',#13410,#1611);
#850=LINE('',#13412,#1612);
#851=LINE('',#13414,#1613);
#852=LINE('',#13418,#1614);
#853=LINE('',#13422,#1615);
#854=LINE('',#13426,#1616);
#855=LINE('',#13428,#1617);
#856=LINE('',#13430,#1618);
#857=LINE('',#13434,#1619);
#858=LINE('',#13438,#1620);
#859=LINE('',#13442,#1621);
#860=LINE('',#13446,#1622);
#861=LINE('',#13448,#1623);
#862=LINE('',#13450,#1624);
#863=LINE('',#13454,#1625);
#864=LINE('',#13458,#1626);
#865=LINE('',#13465,#1627);
#866=LINE('',#13473,#1628);
#867=LINE('',#13477,#1629);
#868=LINE('',#13479,#1630);
#869=LINE('',#13481,#1631);
#870=LINE('',#13483,#1632);
#871=LINE('',#13487,#1633);
#872=LINE('',#13491,#1634);
#873=LINE('',#13495,#1635);
#874=LINE('',#13497,#1636);
#875=LINE('',#13499,#1637);
#876=LINE('',#13501,#1638);
#877=LINE('',#13503,#1639);
#878=LINE('',#13505,#1640);
#879=LINE('',#13507,#1641);
#880=LINE('',#13511,#1642);
#881=LINE('',#13515,#1643);
#882=LINE('',#13517,#1644);
#883=LINE('',#13519,#1645);
#884=LINE('',#13523,#1646);
#885=LINE('',#13527,#1647);
#886=LINE('',#13529,#1648);
#887=LINE('',#13531,#1649);
#888=LINE('',#13533,#1650);
#889=LINE('',#13535,#1651);
#890=LINE('',#13537,#1652);
#891=LINE('',#13539,#1653);
#892=LINE('',#13546,#1654);
#893=LINE('',#13548,#1655);
#894=LINE('',#13550,#1656);
#895=LINE('',#13552,#1657);
#896=LINE('',#13554,#1658);
#897=LINE('',#13556,#1659);
#898=LINE('',#13558,#1660);
#899=LINE('',#13560,#1661);
#900=LINE('',#13562,#1662);
#901=LINE('',#13564,#1663);
#902=LINE('',#13566,#1664);
#903=LINE('',#13568,#1665);
#904=LINE('',#13571,#1666);
#905=LINE('',#13575,#1667);
#906=LINE('',#13577,#1668);
#907=LINE('',#13579,#1669);
#908=LINE('',#13581,#1670);
#909=LINE('',#13583,#1671);
#910=LINE('',#13585,#1672);
#911=LINE('',#13587,#1673);
#912=LINE('',#13589,#1674);
#913=LINE('',#13593,#1675);
#914=LINE('',#13597,#1676);
#915=LINE('',#13599,#1677);
#916=LINE('',#13601,#1678);
#917=LINE('',#13605,#1679);
#918=LINE('',#13609,#1680);
#919=LINE('',#13611,#1681);
#920=LINE('',#13613,#1682);
#921=LINE('',#13615,#1683);
#922=LINE('',#13617,#1684);
#923=LINE('',#13619,#1685);
#924=LINE('',#13621,#1686);
#925=LINE('',#13625,#1687);
#926=LINE('',#13629,#1688);
#927=LINE('',#13633,#1689);
#928=LINE('',#13635,#1690);
#929=LINE('',#13637,#1691);
#930=LINE('',#13644,#1692);
#931=LINE('',#13646,#1693);
#932=LINE('',#13648,#1694);
#933=LINE('',#13650,#1695);
#934=LINE('',#13652,#1696);
#935=LINE('',#13654,#1697);
#936=LINE('',#13656,#1698);
#937=LINE('',#13658,#1699);
#938=LINE('',#13660,#1700);
#939=LINE('',#13662,#1701);
#940=LINE('',#13664,#1702);
#941=LINE('',#13666,#1703);
#942=LINE('',#13668,#1704);
#943=LINE('',#13670,#1705);
#944=LINE('',#13672,#1706);
#945=LINE('',#13674,#1707);
#946=LINE('',#13676,#1708);
#947=LINE('',#13678,#1709);
#948=LINE('',#13680,#1710);
#949=LINE('',#13682,#1711);
#950=LINE('',#13684,#1712);
#951=LINE('',#13686,#1713);
#952=LINE('',#13688,#1714);
#953=LINE('',#13690,#1715);
#954=LINE('',#13692,#1716);
#955=LINE('',#13694,#1717);
#956=LINE('',#13696,#1718);
#957=LINE('',#13698,#1719);
#958=LINE('',#13700,#1720);
#959=LINE('',#13702,#1721);
#960=LINE('',#13705,#1722);
#961=LINE('',#13709,#1723);
#962=LINE('',#13711,#1724);
#963=LINE('',#13713,#1725);
#964=LINE('',#13715,#1726);
#965=LINE('',#13717,#1727);
#966=LINE('',#13719,#1728);
#967=LINE('',#13721,#1729);
#968=LINE('',#13723,#1730);
#969=LINE('',#13727,#1731);
#970=LINE('',#13731,#1732);
#971=LINE('',#13733,#1733);
#972=LINE('',#13735,#1734);
#973=LINE('',#13739,#1735);
#974=LINE('',#13743,#1736);
#975=LINE('',#13745,#1737);
#976=LINE('',#13747,#1738);
#977=LINE('',#13749,#1739);
#978=LINE('',#13751,#1740);
#979=LINE('',#13753,#1741);
#980=LINE('',#13755,#1742);
#981=LINE('',#13759,#1743);
#982=LINE('',#13763,#1744);
#983=LINE('',#13767,#1745);
#984=LINE('',#13769,#1746);
#985=LINE('',#13771,#1747);
#986=LINE('',#13778,#1748);
#987=LINE('',#13781,#1749);
#988=LINE('',#13783,#1750);
#989=LINE('',#13785,#1751);
#990=LINE('',#13787,#1752);
#991=LINE('',#13789,#1753);
#992=LINE('',#13791,#1754);
#993=LINE('',#13795,#1755);
#994=LINE('',#13801,#1756);
#995=LINE('',#13805,#1757);
#996=LINE('',#13807,#1758);
#997=LINE('',#13809,#1759);
#998=LINE('',#13813,#1760);
#999=LINE('',#13819,#1761);
#1000=LINE('',#13823,#1762);
#1001=LINE('',#13825,#1763);
#1002=LINE('',#13827,#1764);
#1003=LINE('',#13829,#1765);
#1004=LINE('',#13831,#1766);
#1005=LINE('',#13833,#1767);
#1006=LINE('',#13835,#1768);
#1007=LINE('',#13837,#1769);
#1008=LINE('',#13839,#1770);
#1009=LINE('',#13841,#1771);
#1010=LINE('',#13843,#1772);
#1011=LINE('',#13845,#1773);
#1012=LINE('',#13847,#1774);
#1013=LINE('',#13849,#1775);
#1014=LINE('',#13851,#1776);
#1015=LINE('',#13853,#1777);
#1016=LINE('',#13857,#1778);
#1017=LINE('',#13861,#1779);
#1018=LINE('',#13865,#1780);
#1019=LINE('',#13867,#1781);
#1020=LINE('',#13869,#1782);
#1021=LINE('',#13873,#1783);
#1022=LINE('',#13879,#1784);
#1023=LINE('',#13880,#1785);
#1024=LINE('',#13884,#1786);
#1025=LINE('',#13886,#1787);
#1026=LINE('',#13888,#1788);
#1027=LINE('',#13890,#1789);
#1028=LINE('',#13892,#1790);
#1029=LINE('',#13894,#1791);
#1030=LINE('',#13896,#1792);
#1031=LINE('',#13898,#1793);
#1032=LINE('',#13900,#1794);
#1033=LINE('',#13902,#1795);
#1034=LINE('',#13904,#1796);
#1035=LINE('',#13906,#1797);
#1036=LINE('',#13908,#1798);
#1037=LINE('',#13910,#1799);
#1038=LINE('',#13912,#1800);
#1039=LINE('',#13914,#1801);
#1040=LINE('',#13916,#1802);
#1041=LINE('',#13918,#1803);
#1042=LINE('',#13920,#1804);
#1043=LINE('',#13922,#1805);
#1044=LINE('',#13924,#1806);
#1045=LINE('',#13926,#1807);
#1046=LINE('',#13928,#1808);
#1047=LINE('',#13930,#1809);
#1048=VECTOR('',#8942,1000.);
#1049=VECTOR('',#8943,1000.);
#1050=VECTOR('',#8944,1000.);
#1051=VECTOR('',#8945,1000.);
#1052=VECTOR('',#8946,1000.);
#1053=VECTOR('',#8947,1000.);
#1054=VECTOR('',#8948,1000.);
#1055=VECTOR('',#8949,1000.);
#1056=VECTOR('',#8950,1000.);
#1057=VECTOR('',#8951,1000.);
#1058=VECTOR('',#8952,1000.);
#1059=VECTOR('',#8953,1000.);
#1060=VECTOR('',#8954,1000.);
#1061=VECTOR('',#8961,1000.);
#1062=VECTOR('',#8968,1000.);
#1063=VECTOR('',#8969,1000.);
#1064=VECTOR('',#8970,1000.);
#1065=VECTOR('',#8971,1000.);
#1066=VECTOR('',#8972,1000.);
#1067=VECTOR('',#8973,1000.);
#1068=VECTOR('',#8980,1000.);
#1069=VECTOR('',#8987,1000.);
#1070=VECTOR('',#8988,1000.);
#1071=VECTOR('',#8989,1000.);
#1072=VECTOR('',#8994,1000.);
#1073=VECTOR('',#8999,1000.);
#1074=VECTOR('',#9000,1000.);
#1075=VECTOR('',#9001,1000.);
#1076=VECTOR('',#9002,1000.);
#1077=VECTOR('',#9003,1000.);
#1078=VECTOR('',#9004,1000.);
#1079=VECTOR('',#9005,1000.);
#1080=VECTOR('',#9006,1000.);
#1081=VECTOR('',#9007,1000.);
#1082=VECTOR('',#9008,1000.);
#1083=VECTOR('',#9009,1000.);
#1084=VECTOR('',#9010,1000.);
#1085=VECTOR('',#9011,1000.);
#1086=VECTOR('',#9012,1000.);
#1087=VECTOR('',#9013,1000.);
#1088=VECTOR('',#9014,1000.);
#1089=VECTOR('',#9015,1000.);
#1090=VECTOR('',#9016,1000.);
#1091=VECTOR('',#9023,1000.);
#1092=VECTOR('',#9030,1000.);
#1093=VECTOR('',#9031,1000.);
#1094=VECTOR('',#9032,1000.);
#1095=VECTOR('',#9037,1000.);
#1096=VECTOR('',#9042,1000.);
#1097=VECTOR('',#9043,1000.);
#1098=VECTOR('',#9044,1000.);
#1099=VECTOR('',#9045,1000.);
#1100=VECTOR('',#9046,1000.);
#1101=VECTOR('',#9047,1000.);
#1102=VECTOR('',#9048,1000.);
#1103=VECTOR('',#9049,1000.);
#1104=VECTOR('',#9050,1000.);
#1105=VECTOR('',#9057,1000.);
#1106=VECTOR('',#9058,1000.);
#1107=VECTOR('',#9059,1000.);
#1108=VECTOR('',#9064,1000.);
#1109=VECTOR('',#9069,1000.);
#1110=VECTOR('',#9070,1000.);
#1111=VECTOR('',#9071,1000.);
#1112=VECTOR('',#9078,1000.);
#1113=VECTOR('',#9079,1000.);
#1114=VECTOR('',#9080,1000.);
#1115=VECTOR('',#9087,1000.);
#1116=VECTOR('',#9096,1000.);
#1117=VECTOR('',#9103,1000.);
#1118=VECTOR('',#9104,1000.);
#1119=VECTOR('',#9105,1000.);
#1120=VECTOR('',#9106,1000.);
#1121=VECTOR('',#9107,1000.);
#1122=VECTOR('',#9110,1000.);
#1123=VECTOR('',#9113,1000.);
#1124=VECTOR('',#9116,1000.);
#1125=VECTOR('',#9119,1000.);
#1126=VECTOR('',#9120,1000.);
#1127=VECTOR('',#9121,1000.);
#1128=VECTOR('',#9122,1000.);
#1129=VECTOR('',#9123,1000.);
#1130=VECTOR('',#9124,1000.);
#1131=VECTOR('',#9125,1000.);
#1132=VECTOR('',#9126,1000.);
#1133=VECTOR('',#9127,1000.);
#1134=VECTOR('',#9128,1000.);
#1135=VECTOR('',#9129,1000.);
#1136=VECTOR('',#9130,1000.);
#1137=VECTOR('',#9131,1000.);
#1138=VECTOR('',#9132,1000.);
#1139=VECTOR('',#9133,1000.);
#1140=VECTOR('',#9134,1000.);
#1141=VECTOR('',#9135,1000.);
#1142=VECTOR('',#9136,1000.);
#1143=VECTOR('',#9137,1000.);
#1144=VECTOR('',#9138,1000.);
#1145=VECTOR('',#9139,1000.);
#1146=VECTOR('',#9140,1000.);
#1147=VECTOR('',#9141,1000.);
#1148=VECTOR('',#9142,1000.);
#1149=VECTOR('',#9143,1000.);
#1150=VECTOR('',#9144,1000.);
#1151=VECTOR('',#9145,1000.);
#1152=VECTOR('',#9146,1000.);
#1153=VECTOR('',#9147,1000.);
#1154=VECTOR('',#9148,1000.);
#1155=VECTOR('',#9149,1000.);
#1156=VECTOR('',#9150,1000.);
#1157=VECTOR('',#9151,1000.);
#1158=VECTOR('',#9154,1000.);
#1159=VECTOR('',#9165,1000.);
#1160=VECTOR('',#9166,1000.);
#1161=VECTOR('',#9167,1000.);
#1162=VECTOR('',#9168,1000.);
#1163=VECTOR('',#9169,1000.);
#1164=VECTOR('',#9186,1000.);
#1165=VECTOR('',#9199,1000.);
#1166=VECTOR('',#9200,1000.);
#1167=VECTOR('',#9201,1000.);
#1168=VECTOR('',#9206,1000.);
#1169=VECTOR('',#9207,1000.);
#1170=VECTOR('',#9208,1000.);
#1171=VECTOR('',#9215,1000.);
#1172=VECTOR('',#9216,1000.);
#1173=VECTOR('',#9223,1000.);
#1174=VECTOR('',#9224,1000.);
#1175=VECTOR('',#9225,1000.);
#1176=VECTOR('',#9226,1000.);
#1177=VECTOR('',#9227,1000.);
#1178=VECTOR('',#9228,1000.);
#1179=VECTOR('',#9229,1000.);
#1180=VECTOR('',#9234,1000.);
#1181=VECTOR('',#9243,1000.);
#1182=VECTOR('',#9248,1000.);
#1183=VECTOR('',#9249,1000.);
#1184=VECTOR('',#9250,1000.);
#1185=VECTOR('',#9269,1000.);
#1186=VECTOR('',#9270,1000.);
#1187=VECTOR('',#9271,1000.);
#1188=VECTOR('',#9278,1000.);
#1189=VECTOR('',#9279,1000.);
#1190=VECTOR('',#9280,1000.);
#1191=VECTOR('',#9287,1000.);
#1192=VECTOR('',#9288,1000.);
#1193=VECTOR('',#9291,1000.);
#1194=VECTOR('',#9302,1000.);
#1195=VECTOR('',#9311,1000.);
#1196=VECTOR('',#9326,1000.);
#1197=VECTOR('',#9335,1000.);
#1198=VECTOR('',#9336,1000.);
#1199=VECTOR('',#9337,1000.);
#1200=VECTOR('',#9338,1000.);
#1201=VECTOR('',#9339,1000.);
#1202=VECTOR('',#9340,1000.);
#1203=VECTOR('',#9341,1000.);
#1204=VECTOR('',#9342,1000.);
#1205=VECTOR('',#9343,1000.);
#1206=VECTOR('',#9344,1000.);
#1207=VECTOR('',#9345,1000.);
#1208=VECTOR('',#9346,1000.);
#1209=VECTOR('',#9349,1000.);
#1210=VECTOR('',#9350,1000.);
#1211=VECTOR('',#9351,1000.);
#1212=VECTOR('',#9352,1000.);
#1213=VECTOR('',#9355,1000.);
#1214=VECTOR('',#9356,1000.);
#1215=VECTOR('',#9357,1000.);
#1216=VECTOR('',#9358,1000.);
#1217=VECTOR('',#9365,1000.);
#1218=VECTOR('',#9368,1000.);
#1219=VECTOR('',#9375,1000.);
#1220=VECTOR('',#9376,1000.);
#1221=VECTOR('',#9377,1000.);
#1222=VECTOR('',#9378,1000.);
#1223=VECTOR('',#9379,1000.);
#1224=VECTOR('',#9380,1000.);
#1225=VECTOR('',#9381,1000.);
#1226=VECTOR('',#9382,1000.);
#1227=VECTOR('',#9383,1000.);
#1228=VECTOR('',#9384,1000.);
#1229=VECTOR('',#9385,1000.);
#1230=VECTOR('',#9386,1000.);
#1231=VECTOR('',#9387,1000.);
#1232=VECTOR('',#9388,1000.);
#1233=VECTOR('',#9389,1000.);
#1234=VECTOR('',#9390,1000.);
#1235=VECTOR('',#9391,1000.);
#1236=VECTOR('',#9392,1000.);
#1237=VECTOR('',#9393,1000.);
#1238=VECTOR('',#9394,1000.);
#1239=VECTOR('',#9395,1000.);
#1240=VECTOR('',#9396,1000.);
#1241=VECTOR('',#9397,1000.);
#1242=VECTOR('',#9398,1000.);
#1243=VECTOR('',#9399,1000.);
#1244=VECTOR('',#9400,1000.);
#1245=VECTOR('',#9401,1000.);
#1246=VECTOR('',#9402,1000.);
#1247=VECTOR('',#9403,1000.);
#1248=VECTOR('',#9404,1000.);
#1249=VECTOR('',#9405,1000.);
#1250=VECTOR('',#9406,1000.);
#1251=VECTOR('',#9407,1000.);
#1252=VECTOR('',#9408,1000.);
#1253=VECTOR('',#9409,1000.);
#1254=VECTOR('',#9410,1000.);
#1255=VECTOR('',#9411,1000.);
#1256=VECTOR('',#9414,1000.);
#1257=VECTOR('',#9417,1000.);
#1258=VECTOR('',#9418,1000.);
#1259=VECTOR('',#9419,1000.);
#1260=VECTOR('',#9420,1000.);
#1261=VECTOR('',#9421,1000.);
#1262=VECTOR('',#9422,1000.);
#1263=VECTOR('',#9423,1000.);
#1264=VECTOR('',#9426,1000.);
#1265=VECTOR('',#9427,1000.);
#1266=VECTOR('',#9428,1000.);
#1267=VECTOR('',#9431,1000.);
#1268=VECTOR('',#9432,1000.);
#1269=VECTOR('',#9435,1000.);
#1270=VECTOR('',#9436,1000.);
#1271=VECTOR('',#9439,1000.);
#1272=VECTOR('',#9442,1000.);
#1273=VECTOR('',#9443,1000.);
#1274=VECTOR('',#9444,1000.);
#1275=VECTOR('',#9447,1000.);
#1276=VECTOR('',#9448,1000.);
#1277=VECTOR('',#9451,1000.);
#1278=VECTOR('',#9452,1000.);
#1279=VECTOR('',#9455,1000.);
#1280=VECTOR('',#9458,1000.);
#1281=VECTOR('',#9459,1000.);
#1282=VECTOR('',#9462,1000.);
#1283=VECTOR('',#9465,1000.);
#1284=VECTOR('',#9470,1000.);
#1285=VECTOR('',#9471,1000.);
#1286=VECTOR('',#9474,1000.);
#1287=VECTOR('',#9477,1000.);
#1288=VECTOR('',#9482,1000.);
#1289=VECTOR('',#9483,1000.);
#1290=VECTOR('',#9486,1000.);
#1291=VECTOR('',#9489,1000.);
#1292=VECTOR('',#9494,1000.);
#1293=VECTOR('',#9495,1000.);
#1294=VECTOR('',#9498,1000.);
#1295=VECTOR('',#9501,1000.);
#1296=VECTOR('',#9506,1000.);
#1297=VECTOR('',#9507,1000.);
#1298=VECTOR('',#9510,1000.);
#1299=VECTOR('',#9513,1000.);
#1300=VECTOR('',#9518,1000.);
#1301=VECTOR('',#9519,1000.);
#1302=VECTOR('',#9522,1000.);
#1303=VECTOR('',#9525,1000.);
#1304=VECTOR('',#9530,1000.);
#1305=VECTOR('',#9531,1000.);
#1306=VECTOR('',#9534,1000.);
#1307=VECTOR('',#9537,1000.);
#1308=VECTOR('',#9542,1000.);
#1309=VECTOR('',#9543,1000.);
#1310=VECTOR('',#9546,1000.);
#1311=VECTOR('',#9549,1000.);
#1312=VECTOR('',#9560,1000.);
#1313=VECTOR('',#9561,1000.);
#1314=VECTOR('',#9564,1000.);
#1315=VECTOR('',#9567,1000.);
#1316=VECTOR('',#9572,1000.);
#1317=VECTOR('',#9573,1000.);
#1318=VECTOR('',#9576,1000.);
#1319=VECTOR('',#9579,1000.);
#1320=VECTOR('',#9596,1000.);
#1321=VECTOR('',#9597,1000.);
#1322=VECTOR('',#9600,1000.);
#1323=VECTOR('',#9603,1000.);
#1324=VECTOR('',#9610,1000.);
#1325=VECTOR('',#9613,1000.);
#1326=VECTOR('',#9618,1000.);
#1327=VECTOR('',#9625,1000.);
#1328=VECTOR('',#9632,1000.);
#1329=VECTOR('',#9637,1000.);
#1330=VECTOR('',#9638,1000.);
#1331=VECTOR('',#9639,1000.);
#1332=VECTOR('',#9644,1000.);
#1333=VECTOR('',#9651,1000.);
#1334=VECTOR('',#9658,1000.);
#1335=VECTOR('',#9665,1000.);
#1336=VECTOR('',#9670,1000.);
#1337=VECTOR('',#9671,1000.);
#1338=VECTOR('',#9672,1000.);
#1339=VECTOR('',#9673,1000.);
#1340=VECTOR('',#9674,1000.);
#1341=VECTOR('',#9677,1000.);
#1342=VECTOR('',#9682,1000.);
#1343=VECTOR('',#9687,1000.);
#1344=VECTOR('',#9688,1000.);
#1345=VECTOR('',#9691,1000.);
#1346=VECTOR('',#9692,1000.);
#1347=VECTOR('',#9695,1000.);
#1348=VECTOR('',#9696,1000.);
#1349=VECTOR('',#9699,1000.);
#1350=VECTOR('',#9700,1000.);
#1351=VECTOR('',#9703,1000.);
#1352=VECTOR('',#9704,1000.);
#1353=VECTOR('',#9707,1000.);
#1354=VECTOR('',#9712,1000.);
#1355=VECTOR('',#9717,1000.);
#1356=VECTOR('',#9722,1000.);
#1357=VECTOR('',#9727,1000.);
#1358=VECTOR('',#9732,1000.);
#1359=VECTOR('',#9733,1000.);
#1360=VECTOR('',#9748,1000.);
#1361=VECTOR('',#9751,1000.);
#1362=VECTOR('',#9756,1000.);
#1363=VECTOR('',#9763,1000.);
#1364=VECTOR('',#9770,1000.);
#1365=VECTOR('',#9777,1000.);
#1366=VECTOR('',#9784,1000.);
#1367=VECTOR('',#9791,1000.);
#1368=VECTOR('',#9796,1000.);
#1369=VECTOR('',#9797,1000.);
#1370=VECTOR('',#9798,1000.);
#1371=VECTOR('',#9803,1000.);
#1372=VECTOR('',#9808,1000.);
#1373=VECTOR('',#9811,1000.);
#1374=VECTOR('',#9814,1000.);
#1375=VECTOR('',#9819,1000.);
#1376=VECTOR('',#9824,1000.);
#1377=VECTOR('',#9829,1000.);
#1378=VECTOR('',#9830,1000.);
#1379=VECTOR('',#9833,1000.);
#1380=VECTOR('',#9834,1000.);
#1381=VECTOR('',#9837,1000.);
#1382=VECTOR('',#9838,1000.);
#1383=VECTOR('',#9841,1000.);
#1384=VECTOR('',#9846,1000.);
#1385=VECTOR('',#9851,1000.);
#1386=VECTOR('',#9852,1000.);
#1387=VECTOR('',#9853,1000.);
#1388=VECTOR('',#9854,1000.);
#1389=VECTOR('',#9855,1000.);
#1390=VECTOR('',#9856,1000.);
#1391=VECTOR('',#9859,1000.);
#1392=VECTOR('',#9860,1000.);
#1393=VECTOR('',#9863,1000.);
#1394=VECTOR('',#9864,1000.);
#1395=VECTOR('',#9867,1000.);
#1396=VECTOR('',#9872,1000.);
#1397=VECTOR('',#9877,1000.);
#1398=VECTOR('',#9882,1000.);
#1399=VECTOR('',#9887,1000.);
#1400=VECTOR('',#9892,1000.);
#1401=VECTOR('',#9897,1000.);
#1402=VECTOR('',#9898,1000.);
#1403=VECTOR('',#9901,1000.);
#1404=VECTOR('',#9906,1000.);
#1405=VECTOR('',#9911,1000.);
#1406=VECTOR('',#9914,1000.);
#1407=VECTOR('',#9917,1000.);
#1408=VECTOR('',#9936,1000.);
#1409=VECTOR('',#9937,1000.);
#1410=VECTOR('',#9938,1000.);
#1411=VECTOR('',#9939,1000.);
#1412=VECTOR('',#9942,1000.);
#1413=VECTOR('',#9943,1000.);
#1414=VECTOR('',#9944,1000.);
#1415=VECTOR('',#9947,1000.);
#1416=VECTOR('',#9948,1000.);
#1417=VECTOR('',#9949,1000.);
#1418=VECTOR('',#9950,1000.);
#1419=VECTOR('',#9955,1000.);
#1420=VECTOR('',#9962,1000.);
#1421=VECTOR('',#9969,1000.);
#1422=VECTOR('',#9976,1000.);
#1423=VECTOR('',#9981,1000.);
#1424=VECTOR('',#9982,1000.);
#1425=VECTOR('',#9983,1000.);
#1426=VECTOR('',#9986,1000.);
#1427=VECTOR('',#9987,1000.);
#1428=VECTOR('',#9990,1000.);
#1429=VECTOR('',#9991,1000.);
#1430=VECTOR('',#9994,1000.);
#1431=VECTOR('',#9995,1000.);
#1432=VECTOR('',#9998,1000.);
#1433=VECTOR('',#10003,1000.);
#1434=VECTOR('',#10006,1000.);
#1435=VECTOR('',#10007,1000.);
#1436=VECTOR('',#10010,1000.);
#1437=VECTOR('',#10013,1000.);
#1438=VECTOR('',#10016,1000.);
#1439=VECTOR('',#10023,1000.);
#1440=VECTOR('',#10024,1000.);
#1441=VECTOR('',#10025,1000.);
#1442=VECTOR('',#10028,1000.);
#1443=VECTOR('',#10029,1000.);
#1444=VECTOR('',#10032,1000.);
#1445=VECTOR('',#10033,1000.);
#1446=VECTOR('',#10036,1000.);
#1447=VECTOR('',#10043,1000.);
#1448=VECTOR('',#10046,1000.);
#1449=VECTOR('',#10051,1000.);
#1450=VECTOR('',#10058,1000.);
#1451=VECTOR('',#10065,1000.);
#1452=VECTOR('',#10070,1000.);
#1453=VECTOR('',#10071,1000.);
#1454=VECTOR('',#10072,1000.);
#1455=VECTOR('',#10077,1000.);
#1456=VECTOR('',#10084,1000.);
#1457=VECTOR('',#10091,1000.);
#1458=VECTOR('',#10098,1000.);
#1459=VECTOR('',#10105,1000.);
#1460=VECTOR('',#10112,1000.);
#1461=VECTOR('',#10117,1000.);
#1462=VECTOR('',#10118,1000.);
#1463=VECTOR('',#10119,1000.);
#1464=VECTOR('',#10124,1000.);
#1465=VECTOR('',#10129,1000.);
#1466=VECTOR('',#10132,1000.);
#1467=VECTOR('',#10135,1000.);
#1468=VECTOR('',#10140,1000.);
#1469=VECTOR('',#10143,1000.);
#1470=VECTOR('',#10146,1000.);
#1471=VECTOR('',#10147,1000.);
#1472=VECTOR('',#10148,1000.);
#1473=VECTOR('',#10151,1000.);
#1474=VECTOR('',#10156,1000.);
#1475=VECTOR('',#10161,1000.);
#1476=VECTOR('',#10166,1000.);
#1477=VECTOR('',#10169,1000.);
#1478=VECTOR('',#10172,1000.);
#1479=VECTOR('',#10173,1000.);
#1480=VECTOR('',#10174,1000.);
#1481=VECTOR('',#10191,1000.);
#1482=VECTOR('',#10192,1000.);
#1483=VECTOR('',#10193,1000.);
#1484=VECTOR('',#10196,1000.);
#1485=VECTOR('',#10197,1000.);
#1486=VECTOR('',#10200,1000.);
#1487=VECTOR('',#10201,1000.);
#1488=VECTOR('',#10204,1000.);
#1489=VECTOR('',#10209,1000.);
#1490=VECTOR('',#10214,1000.);
#1491=VECTOR('',#10217,1000.);
#1492=VECTOR('',#10220,1000.);
#1493=VECTOR('',#10221,1000.);
#1494=VECTOR('',#10224,1000.);
#1495=VECTOR('',#10225,1000.);
#1496=VECTOR('',#10228,1000.);
#1497=VECTOR('',#10229,1000.);
#1498=VECTOR('',#10232,1000.);
#1499=VECTOR('',#10237,1000.);
#1500=VECTOR('',#10242,1000.);
#1501=VECTOR('',#10245,1000.);
#1502=VECTOR('',#10248,1000.);
#1503=VECTOR('',#10249,1000.);
#1504=VECTOR('',#10252,1000.);
#1505=VECTOR('',#10253,1000.);
#1506=VECTOR('',#10256,1000.);
#1507=VECTOR('',#10257,1000.);
#1508=VECTOR('',#10260,1000.);
#1509=VECTOR('',#10265,1000.);
#1510=VECTOR('',#10270,1000.);
#1511=VECTOR('',#10275,1000.);
#1512=VECTOR('',#10280,1000.);
#1513=VECTOR('',#10285,1000.);
#1514=VECTOR('',#10290,1000.);
#1515=VECTOR('',#10295,1000.);
#1516=VECTOR('',#10300,1000.);
#1517=VECTOR('',#10305,1000.);
#1518=VECTOR('',#10306,1000.);
#1519=VECTOR('',#10309,1000.);
#1520=VECTOR('',#10312,1000.);
#1521=VECTOR('',#10313,1000.);
#1522=VECTOR('',#10316,1000.);
#1523=VECTOR('',#10321,1000.);
#1524=VECTOR('',#10326,1000.);
#1525=VECTOR('',#10329,1000.);
#1526=VECTOR('',#10332,1000.);
#1527=VECTOR('',#10337,1000.);
#1528=VECTOR('',#10338,1000.);
#1529=VECTOR('',#10341,1000.);
#1530=VECTOR('',#10346,1000.);
#1531=VECTOR('',#10351,1000.);
#1532=VECTOR('',#10356,1000.);
#1533=VECTOR('',#10361,1000.);
#1534=VECTOR('',#10366,1000.);
#1535=VECTOR('',#10371,1000.);
#1536=VECTOR('',#10376,1000.);
#1537=VECTOR('',#10377,1000.);
#1538=VECTOR('',#10380,1000.);
#1539=VECTOR('',#10385,1000.);
#1540=VECTOR('',#10390,1000.);
#1541=VECTOR('',#10393,1000.);
#1542=VECTOR('',#10394,1000.);
#1543=VECTOR('',#10395,1000.);
#1544=VECTOR('',#10396,1000.);
#1545=VECTOR('',#10399,1000.);
#1546=VECTOR('',#10404,1000.);
#1547=VECTOR('',#10405,1000.);
#1548=VECTOR('',#10408,1000.);
#1549=VECTOR('',#10413,1000.);
#1550=VECTOR('',#10418,1000.);
#1551=VECTOR('',#10421,1000.);
#1552=VECTOR('',#10424,1000.);
#1553=VECTOR('',#10427,1000.);
#1554=VECTOR('',#10430,1000.);
#1555=VECTOR('',#10435,1000.);
#1556=VECTOR('',#10436,1000.);
#1557=VECTOR('',#10437,1000.);
#1558=VECTOR('',#10446,1000.);
#1559=VECTOR('',#10447,1000.);
#1560=VECTOR('',#10448,1000.);
#1561=VECTOR('',#10451,1000.);
#1562=VECTOR('',#10452,1000.);
#1563=VECTOR('',#10455,1000.);
#1564=VECTOR('',#10456,1000.);
#1565=VECTOR('',#10459,1000.);
#1566=VECTOR('',#10466,1000.);
#1567=VECTOR('',#10469,1000.);
#1568=VECTOR('',#10494,1000.);
#1569=VECTOR('',#10495,1000.);
#1570=VECTOR('',#10496,1000.);
#1571=VECTOR('',#10497,1000.);
#1572=VECTOR('',#10502,1000.);
#1573=VECTOR('',#10509,1000.);
#1574=VECTOR('',#10514,1000.);
#1575=VECTOR('',#10515,1000.);
#1576=VECTOR('',#10516,1000.);
#1577=VECTOR('',#10521,1000.);
#1578=VECTOR('',#10528,1000.);
#1579=VECTOR('',#10533,1000.);
#1580=VECTOR('',#10534,1000.);
#1581=VECTOR('',#10535,1000.);
#1582=VECTOR('',#10540,1000.);
#1583=VECTOR('',#10547,1000.);
#1584=VECTOR('',#10552,1000.);
#1585=VECTOR('',#10553,1000.);
#1586=VECTOR('',#10554,1000.);
#1587=VECTOR('',#10559,1000.);
#1588=VECTOR('',#10564,1000.);
#1589=VECTOR('',#10565,1000.);
#1590=VECTOR('',#10566,1000.);
#1591=VECTOR('',#10567,1000.);
#1592=VECTOR('',#10572,1000.);
#1593=VECTOR('',#10579,1000.);
#1594=VECTOR('',#10584,1000.);
#1595=VECTOR('',#10585,1000.);
#1596=VECTOR('',#10586,1000.);
#1597=VECTOR('',#10591,1000.);
#1598=VECTOR('',#10598,1000.);
#1599=VECTOR('',#10603,1000.);
#1600=VECTOR('',#10604,1000.);
#1601=VECTOR('',#10605,1000.);
#1602=VECTOR('',#10610,1000.);
#1603=VECTOR('',#10617,1000.);
#1604=VECTOR('',#10622,1000.);
#1605=VECTOR('',#10623,1000.);
#1606=VECTOR('',#10624,1000.);
#1607=VECTOR('',#10629,1000.);
#1608=VECTOR('',#10634,1000.);
#1609=VECTOR('',#10635,1000.);
#1610=VECTOR('',#10636,1000.);
#1611=VECTOR('',#10639,1000.);
#1612=VECTOR('',#10640,1000.);
#1613=VECTOR('',#10643,1000.);
#1614=VECTOR('',#10648,1000.);
#1615=VECTOR('',#10653,1000.);
#1616=VECTOR('',#10658,1000.);
#1617=VECTOR('',#10659,1000.);
#1618=VECTOR('',#10662,1000.);
#1619=VECTOR('',#10667,1000.);
#1620=VECTOR('',#10672,1000.);
#1621=VECTOR('',#10677,1000.);
#1622=VECTOR('',#10682,1000.);
#1623=VECTOR('',#10683,1000.);
#1624=VECTOR('',#10686,1000.);
#1625=VECTOR('',#10691,1000.);
#1626=VECTOR('',#10696,1000.);
#1627=VECTOR('',#10707,1000.);
#1628=VECTOR('',#10722,1000.);
#1629=VECTOR('',#10725,1000.);
#1630=VECTOR('',#10728,1000.);
#1631=VECTOR('',#10729,1000.);
#1632=VECTOR('',#10732,1000.);
#1633=VECTOR('',#10737,1000.);
#1634=VECTOR('',#10742,1000.);
#1635=VECTOR('',#10747,1000.);
#1636=VECTOR('',#10748,1000.);
#1637=VECTOR('',#10751,1000.);
#1638=VECTOR('',#10752,1000.);
#1639=VECTOR('',#10755,1000.);
#1640=VECTOR('',#10756,1000.);
#1641=VECTOR('',#10759,1000.);
#1642=VECTOR('',#10764,1000.);
#1643=VECTOR('',#10769,1000.);
#1644=VECTOR('',#10770,1000.);
#1645=VECTOR('',#10773,1000.);
#1646=VECTOR('',#10778,1000.);
#1647=VECTOR('',#10783,1000.);
#1648=VECTOR('',#10784,1000.);
#1649=VECTOR('',#10787,1000.);
#1650=VECTOR('',#10788,1000.);
#1651=VECTOR('',#10791,1000.);
#1652=VECTOR('',#10792,1000.);
#1653=VECTOR('',#10795,1000.);
#1654=VECTOR('',#10806,1000.);
#1655=VECTOR('',#10807,1000.);
#1656=VECTOR('',#10808,1000.);
#1657=VECTOR('',#10811,1000.);
#1658=VECTOR('',#10812,1000.);
#1659=VECTOR('',#10815,1000.);
#1660=VECTOR('',#10816,1000.);
#1661=VECTOR('',#10819,1000.);
#1662=VECTOR('',#10820,1000.);
#1663=VECTOR('',#10823,1000.);
#1664=VECTOR('',#10824,1000.);
#1665=VECTOR('',#10827,1000.);
#1666=VECTOR('',#10832,1000.);
#1667=VECTOR('',#10835,1000.);
#1668=VECTOR('',#10838,1000.);
#1669=VECTOR('',#10839,1000.);
#1670=VECTOR('',#10842,1000.);
#1671=VECTOR('',#10843,1000.);
#1672=VECTOR('',#10846,1000.);
#1673=VECTOR('',#10847,1000.);
#1674=VECTOR('',#10850,1000.);
#1675=VECTOR('',#10855,1000.);
#1676=VECTOR('',#10860,1000.);
#1677=VECTOR('',#10861,1000.);
#1678=VECTOR('',#10864,1000.);
#1679=VECTOR('',#10869,1000.);
#1680=VECTOR('',#10874,1000.);
#1681=VECTOR('',#10875,1000.);
#1682=VECTOR('',#10878,1000.);
#1683=VECTOR('',#10879,1000.);
#1684=VECTOR('',#10882,1000.);
#1685=VECTOR('',#10883,1000.);
#1686=VECTOR('',#10886,1000.);
#1687=VECTOR('',#10891,1000.);
#1688=VECTOR('',#10896,1000.);
#1689=VECTOR('',#10901,1000.);
#1690=VECTOR('',#10902,1000.);
#1691=VECTOR('',#10905,1000.);
#1692=VECTOR('',#10916,1000.);
#1693=VECTOR('',#10917,1000.);
#1694=VECTOR('',#10918,1000.);
#1695=VECTOR('',#10921,1000.);
#1696=VECTOR('',#10922,1000.);
#1697=VECTOR('',#10925,1000.);
#1698=VECTOR('',#10926,1000.);
#1699=VECTOR('',#10929,1000.);
#1700=VECTOR('',#10930,1000.);
#1701=VECTOR('',#10933,1000.);
#1702=VECTOR('',#10934,1000.);
#1703=VECTOR('',#10937,1000.);
#1704=VECTOR('',#10938,1000.);
#1705=VECTOR('',#10941,1000.);
#1706=VECTOR('',#10942,1000.);
#1707=VECTOR('',#10945,1000.);
#1708=VECTOR('',#10946,1000.);
#1709=VECTOR('',#10949,1000.);
#1710=VECTOR('',#10950,1000.);
#1711=VECTOR('',#10953,1000.);
#1712=VECTOR('',#10954,1000.);
#1713=VECTOR('',#10957,1000.);
#1714=VECTOR('',#10958,1000.);
#1715=VECTOR('',#10961,1000.);
#1716=VECTOR('',#10962,1000.);
#1717=VECTOR('',#10965,1000.);
#1718=VECTOR('',#10966,1000.);
#1719=VECTOR('',#10969,1000.);
#1720=VECTOR('',#10970,1000.);
#1721=VECTOR('',#10973,1000.);
#1722=VECTOR('',#10978,1000.);
#1723=VECTOR('',#10981,1000.);
#1724=VECTOR('',#10984,1000.);
#1725=VECTOR('',#10985,1000.);
#1726=VECTOR('',#10988,1000.);
#1727=VECTOR('',#10989,1000.);
#1728=VECTOR('',#10992,1000.);
#1729=VECTOR('',#10993,1000.);
#1730=VECTOR('',#10996,1000.);
#1731=VECTOR('',#11001,1000.);
#1732=VECTOR('',#11006,1000.);
#1733=VECTOR('',#11007,1000.);
#1734=VECTOR('',#11010,1000.);
#1735=VECTOR('',#11015,1000.);
#1736=VECTOR('',#11020,1000.);
#1737=VECTOR('',#11021,1000.);
#1738=VECTOR('',#11024,1000.);
#1739=VECTOR('',#11025,1000.);
#1740=VECTOR('',#11028,1000.);
#1741=VECTOR('',#11029,1000.);
#1742=VECTOR('',#11032,1000.);
#1743=VECTOR('',#11037,1000.);
#1744=VECTOR('',#11042,1000.);
#1745=VECTOR('',#11047,1000.);
#1746=VECTOR('',#11048,1000.);
#1747=VECTOR('',#11051,1000.);
#1748=VECTOR('',#11062,1000.);
#1749=VECTOR('',#11063,1000.);
#1750=VECTOR('',#11064,1000.);
#1751=VECTOR('',#11065,1000.);
#1752=VECTOR('',#11068,1000.);
#1753=VECTOR('',#11069,1000.);
#1754=VECTOR('',#11070,1000.);
#1755=VECTOR('',#11075,1000.);
#1756=VECTOR('',#11082,1000.);
#1757=VECTOR('',#11087,1000.);
#1758=VECTOR('',#11088,1000.);
#1759=VECTOR('',#11089,1000.);
#1760=VECTOR('',#11094,1000.);
#1761=VECTOR('',#11101,1000.);
#1762=VECTOR('',#11106,1000.);
#1763=VECTOR('',#11107,1000.);
#1764=VECTOR('',#11108,1000.);
#1765=VECTOR('',#11111,1000.);
#1766=VECTOR('',#11112,1000.);
#1767=VECTOR('',#11115,1000.);
#1768=VECTOR('',#11116,1000.);
#1769=VECTOR('',#11119,1000.);
#1770=VECTOR('',#11120,1000.);
#1771=VECTOR('',#11123,1000.);
#1772=VECTOR('',#11124,1000.);
#1773=VECTOR('',#11127,1000.);
#1774=VECTOR('',#11128,1000.);
#1775=VECTOR('',#11131,1000.);
#1776=VECTOR('',#11132,1000.);
#1777=VECTOR('',#11135,1000.);
#1778=VECTOR('',#11140,1000.);
#1779=VECTOR('',#11145,1000.);
#1780=VECTOR('',#11150,1000.);
#1781=VECTOR('',#11151,1000.);
#1782=VECTOR('',#11154,1000.);
#1783=VECTOR('',#11159,1000.);
#1784=VECTOR('',#11168,1000.);
#1785=VECTOR('',#11169,1000.);
#1786=VECTOR('',#11176,1000.);
#1787=VECTOR('',#11177,1000.);
#1788=VECTOR('',#11178,1000.);
#1789=VECTOR('',#11181,1000.);
#1790=VECTOR('',#11182,1000.);
#1791=VECTOR('',#11185,1000.);
#1792=VECTOR('',#11186,1000.);
#1793=VECTOR('',#11189,1000.);
#1794=VECTOR('',#11190,1000.);
#1795=VECTOR('',#11193,1000.);
#1796=VECTOR('',#11194,1000.);
#1797=VECTOR('',#11197,1000.);
#1798=VECTOR('',#11198,1000.);
#1799=VECTOR('',#11201,1000.);
#1800=VECTOR('',#11202,1000.);
#1801=VECTOR('',#11205,1000.);
#1802=VECTOR('',#11206,1000.);
#1803=VECTOR('',#11209,1000.);
#1804=VECTOR('',#11210,1000.);
#1805=VECTOR('',#11213,1000.);
#1806=VECTOR('',#11214,1000.);
#1807=VECTOR('',#11217,1000.);
#1808=VECTOR('',#11218,1000.);
#1809=VECTOR('',#11221,1000.);
#1810=ORIENTED_EDGE('',*,*,#4182,.T.);
#1811=ORIENTED_EDGE('',*,*,#4183,.T.);
#1812=ORIENTED_EDGE('',*,*,#4184,.T.);
#1813=ORIENTED_EDGE('',*,*,#4185,.T.);
#1814=ORIENTED_EDGE('',*,*,#4186,.T.);
#1815=ORIENTED_EDGE('',*,*,#4187,.T.);
#1816=ORIENTED_EDGE('',*,*,#4188,.T.);
#1817=ORIENTED_EDGE('',*,*,#4189,.T.);
#1818=ORIENTED_EDGE('',*,*,#4190,.T.);
#1819=ORIENTED_EDGE('',*,*,#4191,.T.);
#1820=ORIENTED_EDGE('',*,*,#4192,.T.);
#1821=ORIENTED_EDGE('',*,*,#4193,.T.);
#1822=ORIENTED_EDGE('',*,*,#4194,.T.);
#1823=ORIENTED_EDGE('',*,*,#4195,.T.);
#1824=ORIENTED_EDGE('',*,*,#4196,.T.);
#1825=ORIENTED_EDGE('',*,*,#4197,.T.);
#1826=ORIENTED_EDGE('',*,*,#4198,.T.);
#1827=ORIENTED_EDGE('',*,*,#4199,.T.);
#1828=ORIENTED_EDGE('',*,*,#4200,.T.);
#1829=ORIENTED_EDGE('',*,*,#4201,.T.);
#1830=ORIENTED_EDGE('',*,*,#4202,.T.);
#1831=ORIENTED_EDGE('',*,*,#4203,.T.);
#1832=ORIENTED_EDGE('',*,*,#4204,.T.);
#1833=ORIENTED_EDGE('',*,*,#4205,.T.);
#1834=ORIENTED_EDGE('',*,*,#4206,.T.);
#1835=ORIENTED_EDGE('',*,*,#4207,.T.);
#1836=ORIENTED_EDGE('',*,*,#4208,.T.);
#1837=ORIENTED_EDGE('',*,*,#4209,.T.);
#1838=ORIENTED_EDGE('',*,*,#4210,.T.);
#1839=ORIENTED_EDGE('',*,*,#4211,.T.);
#1840=ORIENTED_EDGE('',*,*,#4212,.T.);
#1841=ORIENTED_EDGE('',*,*,#4213,.T.);
#1842=ORIENTED_EDGE('',*,*,#4214,.T.);
#1843=ORIENTED_EDGE('',*,*,#4215,.T.);
#1844=ORIENTED_EDGE('',*,*,#4216,.T.);
#1845=ORIENTED_EDGE('',*,*,#4217,.T.);
#1846=ORIENTED_EDGE('',*,*,#4218,.T.);
#1847=ORIENTED_EDGE('',*,*,#4219,.T.);
#1848=ORIENTED_EDGE('',*,*,#4220,.T.);
#1849=ORIENTED_EDGE('',*,*,#4221,.T.);
#1850=ORIENTED_EDGE('',*,*,#4222,.T.);
#1851=ORIENTED_EDGE('',*,*,#4223,.T.);
#1852=ORIENTED_EDGE('',*,*,#4224,.T.);
#1853=ORIENTED_EDGE('',*,*,#4225,.T.);
#1854=ORIENTED_EDGE('',*,*,#4226,.T.);
#1855=ORIENTED_EDGE('',*,*,#4227,.T.);
#1856=ORIENTED_EDGE('',*,*,#4228,.T.);
#1857=ORIENTED_EDGE('',*,*,#4229,.T.);
#1858=ORIENTED_EDGE('',*,*,#4230,.T.);
#1859=ORIENTED_EDGE('',*,*,#4231,.T.);
#1860=ORIENTED_EDGE('',*,*,#4232,.T.);
#1861=ORIENTED_EDGE('',*,*,#4233,.T.);
#1862=ORIENTED_EDGE('',*,*,#4234,.T.);
#1863=ORIENTED_EDGE('',*,*,#4235,.T.);
#1864=ORIENTED_EDGE('',*,*,#4236,.T.);
#1865=ORIENTED_EDGE('',*,*,#4237,.T.);
#1866=ORIENTED_EDGE('',*,*,#4238,.T.);
#1867=ORIENTED_EDGE('',*,*,#4239,.T.);
#1868=ORIENTED_EDGE('',*,*,#4240,.T.);
#1869=ORIENTED_EDGE('',*,*,#4241,.T.);
#1870=ORIENTED_EDGE('',*,*,#4242,.T.);
#1871=ORIENTED_EDGE('',*,*,#4243,.T.);
#1872=ORIENTED_EDGE('',*,*,#4244,.T.);
#1873=ORIENTED_EDGE('',*,*,#4245,.T.);
#1874=ORIENTED_EDGE('',*,*,#4246,.T.);
#1875=ORIENTED_EDGE('',*,*,#4247,.T.);
#1876=ORIENTED_EDGE('',*,*,#4248,.T.);
#1877=ORIENTED_EDGE('',*,*,#4249,.T.);
#1878=ORIENTED_EDGE('',*,*,#4250,.T.);
#1879=ORIENTED_EDGE('',*,*,#4251,.T.);
#1880=ORIENTED_EDGE('',*,*,#4252,.T.);
#1881=ORIENTED_EDGE('',*,*,#4253,.T.);
#1882=ORIENTED_EDGE('',*,*,#4254,.T.);
#1883=ORIENTED_EDGE('',*,*,#4255,.T.);
#1884=ORIENTED_EDGE('',*,*,#4256,.T.);
#1885=ORIENTED_EDGE('',*,*,#4257,.T.);
#1886=ORIENTED_EDGE('',*,*,#4258,.T.);
#1887=ORIENTED_EDGE('',*,*,#4259,.T.);
#1888=ORIENTED_EDGE('',*,*,#4260,.T.);
#1889=ORIENTED_EDGE('',*,*,#4261,.T.);
#1890=ORIENTED_EDGE('',*,*,#4262,.T.);
#1891=ORIENTED_EDGE('',*,*,#4263,.T.);
#1892=ORIENTED_EDGE('',*,*,#4264,.T.);
#1893=ORIENTED_EDGE('',*,*,#4265,.T.);
#1894=ORIENTED_EDGE('',*,*,#4266,.T.);
#1895=ORIENTED_EDGE('',*,*,#4267,.T.);
#1896=ORIENTED_EDGE('',*,*,#4268,.T.);
#1897=ORIENTED_EDGE('',*,*,#4269,.T.);
#1898=ORIENTED_EDGE('',*,*,#4270,.T.);
#1899=ORIENTED_EDGE('',*,*,#4271,.T.);
#1900=ORIENTED_EDGE('',*,*,#4272,.T.);
#1901=ORIENTED_EDGE('',*,*,#4273,.T.);
#1902=ORIENTED_EDGE('',*,*,#4274,.T.);
#1903=ORIENTED_EDGE('',*,*,#4275,.T.);
#1904=ORIENTED_EDGE('',*,*,#4276,.T.);
#1905=ORIENTED_EDGE('',*,*,#4277,.T.);
#1906=ORIENTED_EDGE('',*,*,#4278,.T.);
#1907=ORIENTED_EDGE('',*,*,#4279,.T.);
#1908=ORIENTED_EDGE('',*,*,#4280,.T.);
#1909=ORIENTED_EDGE('',*,*,#4281,.T.);
#1910=ORIENTED_EDGE('',*,*,#4282,.T.);
#1911=ORIENTED_EDGE('',*,*,#4283,.T.);
#1912=ORIENTED_EDGE('',*,*,#4284,.T.);
#1913=ORIENTED_EDGE('',*,*,#4285,.T.);
#1914=ORIENTED_EDGE('',*,*,#4286,.T.);
#1915=ORIENTED_EDGE('',*,*,#4287,.T.);
#1916=ORIENTED_EDGE('',*,*,#4288,.T.);
#1917=ORIENTED_EDGE('',*,*,#4289,.T.);
#1918=ORIENTED_EDGE('',*,*,#4290,.T.);
#1919=ORIENTED_EDGE('',*,*,#4291,.T.);
#1920=ORIENTED_EDGE('',*,*,#4292,.T.);
#1921=ORIENTED_EDGE('',*,*,#4293,.T.);
#1922=ORIENTED_EDGE('',*,*,#4294,.T.);
#1923=ORIENTED_EDGE('',*,*,#4295,.T.);
#1924=ORIENTED_EDGE('',*,*,#4296,.T.);
#1925=ORIENTED_EDGE('',*,*,#4297,.T.);
#1926=ORIENTED_EDGE('',*,*,#4298,.T.);
#1927=ORIENTED_EDGE('',*,*,#4299,.T.);
#1928=ORIENTED_EDGE('',*,*,#4300,.T.);
#1929=ORIENTED_EDGE('',*,*,#4301,.T.);
#1930=ORIENTED_EDGE('',*,*,#4302,.F.);
#1931=ORIENTED_EDGE('',*,*,#4303,.T.);
#1932=ORIENTED_EDGE('',*,*,#4304,.T.);
#1933=ORIENTED_EDGE('',*,*,#4305,.F.);
#1934=ORIENTED_EDGE('',*,*,#4306,.F.);
#1935=ORIENTED_EDGE('',*,*,#4307,.T.);
#1936=ORIENTED_EDGE('',*,*,#4308,.F.);
#1937=ORIENTED_EDGE('',*,*,#4309,.T.);
#1938=ORIENTED_EDGE('',*,*,#4310,.F.);
#1939=ORIENTED_EDGE('',*,*,#4311,.T.);
#1940=ORIENTED_EDGE('',*,*,#4312,.F.);
#1941=ORIENTED_EDGE('',*,*,#4313,.T.);
#1942=ORIENTED_EDGE('',*,*,#4314,.F.);
#1943=ORIENTED_EDGE('',*,*,#4315,.T.);
#1944=ORIENTED_EDGE('',*,*,#4316,.T.);
#1945=ORIENTED_EDGE('',*,*,#4317,.F.);
#1946=ORIENTED_EDGE('',*,*,#4318,.F.);
#1947=ORIENTED_EDGE('',*,*,#4319,.T.);
#1948=ORIENTED_EDGE('',*,*,#4320,.T.);
#1949=ORIENTED_EDGE('',*,*,#4321,.F.);
#1950=ORIENTED_EDGE('',*,*,#4322,.F.);
#1951=ORIENTED_EDGE('',*,*,#4323,.T.);
#1952=ORIENTED_EDGE('',*,*,#4324,.T.);
#1953=ORIENTED_EDGE('',*,*,#4325,.F.);
#1954=ORIENTED_EDGE('',*,*,#4326,.F.);
#1955=ORIENTED_EDGE('',*,*,#4327,.T.);
#1956=ORIENTED_EDGE('',*,*,#4328,.T.);
#1957=ORIENTED_EDGE('',*,*,#4329,.F.);
#1958=ORIENTED_EDGE('',*,*,#4330,.F.);
#1959=ORIENTED_EDGE('',*,*,#4331,.T.);
#1960=ORIENTED_EDGE('',*,*,#4332,.T.);
#1961=ORIENTED_EDGE('',*,*,#4333,.F.);
#1962=ORIENTED_EDGE('',*,*,#4334,.F.);
#1963=ORIENTED_EDGE('',*,*,#4335,.T.);
#1964=ORIENTED_EDGE('',*,*,#4336,.T.);
#1965=ORIENTED_EDGE('',*,*,#4337,.F.);
#1966=ORIENTED_EDGE('',*,*,#4338,.F.);
#1967=ORIENTED_EDGE('',*,*,#4339,.T.);
#1968=ORIENTED_EDGE('',*,*,#4340,.T.);
#1969=ORIENTED_EDGE('',*,*,#4341,.F.);
#1970=ORIENTED_EDGE('',*,*,#4342,.F.);
#1971=ORIENTED_EDGE('',*,*,#4343,.T.);
#1972=ORIENTED_EDGE('',*,*,#4344,.T.);
#1973=ORIENTED_EDGE('',*,*,#4345,.F.);
#1974=ORIENTED_EDGE('',*,*,#4346,.F.);
#1975=ORIENTED_EDGE('',*,*,#4347,.T.);
#1976=ORIENTED_EDGE('',*,*,#4348,.T.);
#1977=ORIENTED_EDGE('',*,*,#4349,.T.);
#1978=ORIENTED_EDGE('',*,*,#4350,.T.);
#1979=ORIENTED_EDGE('',*,*,#4351,.T.);
#1980=ORIENTED_EDGE('',*,*,#4352,.T.);
#1981=ORIENTED_EDGE('',*,*,#4353,.T.);
#1982=ORIENTED_EDGE('',*,*,#4354,.T.);
#1983=ORIENTED_EDGE('',*,*,#4355,.T.);
#1984=ORIENTED_EDGE('',*,*,#4356,.T.);
#1985=ORIENTED_EDGE('',*,*,#4357,.T.);
#1986=ORIENTED_EDGE('',*,*,#4358,.T.);
#1987=ORIENTED_EDGE('',*,*,#4359,.T.);
#1988=ORIENTED_EDGE('',*,*,#4360,.T.);
#1989=ORIENTED_EDGE('',*,*,#4361,.T.);
#1990=ORIENTED_EDGE('',*,*,#4362,.T.);
#1991=ORIENTED_EDGE('',*,*,#4363,.T.);
#1992=ORIENTED_EDGE('',*,*,#4364,.T.);
#1993=ORIENTED_EDGE('',*,*,#4365,.T.);
#1994=ORIENTED_EDGE('',*,*,#4366,.T.);
#1995=ORIENTED_EDGE('',*,*,#4367,.T.);
#1996=ORIENTED_EDGE('',*,*,#4368,.T.);
#1997=ORIENTED_EDGE('',*,*,#4369,.T.);
#1998=ORIENTED_EDGE('',*,*,#4370,.T.);
#1999=ORIENTED_EDGE('',*,*,#4371,.T.);
#2000=ORIENTED_EDGE('',*,*,#4372,.T.);
#2001=ORIENTED_EDGE('',*,*,#4373,.T.);
#2002=ORIENTED_EDGE('',*,*,#4374,.T.);
#2003=ORIENTED_EDGE('',*,*,#4375,.T.);
#2004=ORIENTED_EDGE('',*,*,#4376,.T.);
#2005=ORIENTED_EDGE('',*,*,#4377,.T.);
#2006=ORIENTED_EDGE('',*,*,#4378,.T.);
#2007=ORIENTED_EDGE('',*,*,#4379,.T.);
#2008=ORIENTED_EDGE('',*,*,#4380,.T.);
#2009=ORIENTED_EDGE('',*,*,#4381,.T.);
#2010=ORIENTED_EDGE('',*,*,#4382,.T.);
#2011=ORIENTED_EDGE('',*,*,#4383,.T.);
#2012=ORIENTED_EDGE('',*,*,#4384,.T.);
#2013=ORIENTED_EDGE('',*,*,#4385,.T.);
#2014=ORIENTED_EDGE('',*,*,#4386,.T.);
#2015=ORIENTED_EDGE('',*,*,#4387,.T.);
#2016=ORIENTED_EDGE('',*,*,#4388,.T.);
#2017=ORIENTED_EDGE('',*,*,#4389,.T.);
#2018=ORIENTED_EDGE('',*,*,#4390,.T.);
#2019=ORIENTED_EDGE('',*,*,#4391,.T.);
#2020=ORIENTED_EDGE('',*,*,#4392,.T.);
#2021=ORIENTED_EDGE('',*,*,#4393,.T.);
#2022=ORIENTED_EDGE('',*,*,#4394,.T.);
#2023=ORIENTED_EDGE('',*,*,#4395,.T.);
#2024=ORIENTED_EDGE('',*,*,#4396,.T.);
#2025=ORIENTED_EDGE('',*,*,#4397,.T.);
#2026=ORIENTED_EDGE('',*,*,#4398,.T.);
#2027=ORIENTED_EDGE('',*,*,#4399,.T.);
#2028=ORIENTED_EDGE('',*,*,#4400,.T.);
#2029=ORIENTED_EDGE('',*,*,#4401,.T.);
#2030=ORIENTED_EDGE('',*,*,#4402,.T.);
#2031=ORIENTED_EDGE('',*,*,#4403,.T.);
#2032=ORIENTED_EDGE('',*,*,#4404,.T.);
#2033=ORIENTED_EDGE('',*,*,#4405,.T.);
#2034=ORIENTED_EDGE('',*,*,#4406,.T.);
#2035=ORIENTED_EDGE('',*,*,#4407,.T.);
#2036=ORIENTED_EDGE('',*,*,#4408,.T.);
#2037=ORIENTED_EDGE('',*,*,#4409,.T.);
#2038=ORIENTED_EDGE('',*,*,#4410,.T.);
#2039=ORIENTED_EDGE('',*,*,#4411,.T.);
#2040=ORIENTED_EDGE('',*,*,#4412,.T.);
#2041=ORIENTED_EDGE('',*,*,#4413,.T.);
#2042=ORIENTED_EDGE('',*,*,#4414,.T.);
#2043=ORIENTED_EDGE('',*,*,#4415,.T.);
#2044=ORIENTED_EDGE('',*,*,#4416,.T.);
#2045=ORIENTED_EDGE('',*,*,#4417,.T.);
#2046=ORIENTED_EDGE('',*,*,#4418,.T.);
#2047=ORIENTED_EDGE('',*,*,#4419,.T.);
#2048=ORIENTED_EDGE('',*,*,#4420,.T.);
#2049=ORIENTED_EDGE('',*,*,#4421,.T.);
#2050=ORIENTED_EDGE('',*,*,#4422,.T.);
#2051=ORIENTED_EDGE('',*,*,#4423,.T.);
#2052=ORIENTED_EDGE('',*,*,#4424,.T.);
#2053=ORIENTED_EDGE('',*,*,#4425,.T.);
#2054=ORIENTED_EDGE('',*,*,#4426,.T.);
#2055=ORIENTED_EDGE('',*,*,#4427,.T.);
#2056=ORIENTED_EDGE('',*,*,#4428,.T.);
#2057=ORIENTED_EDGE('',*,*,#4429,.T.);
#2058=ORIENTED_EDGE('',*,*,#4430,.T.);
#2059=ORIENTED_EDGE('',*,*,#4431,.T.);
#2060=ORIENTED_EDGE('',*,*,#4432,.T.);
#2061=ORIENTED_EDGE('',*,*,#4433,.T.);
#2062=ORIENTED_EDGE('',*,*,#4434,.T.);
#2063=ORIENTED_EDGE('',*,*,#4435,.T.);
#2064=ORIENTED_EDGE('',*,*,#4436,.T.);
#2065=ORIENTED_EDGE('',*,*,#4437,.T.);
#2066=ORIENTED_EDGE('',*,*,#4438,.T.);
#2067=ORIENTED_EDGE('',*,*,#4439,.T.);
#2068=ORIENTED_EDGE('',*,*,#4440,.T.);
#2069=ORIENTED_EDGE('',*,*,#4441,.T.);
#2070=ORIENTED_EDGE('',*,*,#4442,.T.);
#2071=ORIENTED_EDGE('',*,*,#4443,.T.);
#2072=ORIENTED_EDGE('',*,*,#4444,.T.);
#2073=ORIENTED_EDGE('',*,*,#4445,.T.);
#2074=ORIENTED_EDGE('',*,*,#4446,.T.);
#2075=ORIENTED_EDGE('',*,*,#4447,.T.);
#2076=ORIENTED_EDGE('',*,*,#4448,.T.);
#2077=ORIENTED_EDGE('',*,*,#4449,.T.);
#2078=ORIENTED_EDGE('',*,*,#4450,.T.);
#2079=ORIENTED_EDGE('',*,*,#4451,.T.);
#2080=ORIENTED_EDGE('',*,*,#4452,.T.);
#2081=ORIENTED_EDGE('',*,*,#4453,.T.);
#2082=ORIENTED_EDGE('',*,*,#4454,.T.);
#2083=ORIENTED_EDGE('',*,*,#4455,.T.);
#2084=ORIENTED_EDGE('',*,*,#4456,.T.);
#2085=ORIENTED_EDGE('',*,*,#4457,.T.);
#2086=ORIENTED_EDGE('',*,*,#4458,.T.);
#2087=ORIENTED_EDGE('',*,*,#4459,.T.);
#2088=ORIENTED_EDGE('',*,*,#4460,.T.);
#2089=ORIENTED_EDGE('',*,*,#4461,.T.);
#2090=ORIENTED_EDGE('',*,*,#4462,.T.);
#2091=ORIENTED_EDGE('',*,*,#4463,.T.);
#2092=ORIENTED_EDGE('',*,*,#4464,.T.);
#2093=ORIENTED_EDGE('',*,*,#4465,.T.);
#2094=ORIENTED_EDGE('',*,*,#4466,.T.);
#2095=ORIENTED_EDGE('',*,*,#4467,.T.);
#2096=ORIENTED_EDGE('',*,*,#4468,.T.);
#2097=ORIENTED_EDGE('',*,*,#4469,.T.);
#2098=ORIENTED_EDGE('',*,*,#4470,.T.);
#2099=ORIENTED_EDGE('',*,*,#4471,.T.);
#2100=ORIENTED_EDGE('',*,*,#4472,.T.);
#2101=ORIENTED_EDGE('',*,*,#4473,.T.);
#2102=ORIENTED_EDGE('',*,*,#4474,.T.);
#2103=ORIENTED_EDGE('',*,*,#4475,.T.);
#2104=ORIENTED_EDGE('',*,*,#4476,.T.);
#2105=ORIENTED_EDGE('',*,*,#4477,.T.);
#2106=ORIENTED_EDGE('',*,*,#4478,.T.);
#2107=ORIENTED_EDGE('',*,*,#4479,.T.);
#2108=ORIENTED_EDGE('',*,*,#4480,.T.);
#2109=ORIENTED_EDGE('',*,*,#4481,.T.);
#2110=ORIENTED_EDGE('',*,*,#4482,.F.);
#2111=ORIENTED_EDGE('',*,*,#4483,.T.);
#2112=ORIENTED_EDGE('',*,*,#4484,.T.);
#2113=ORIENTED_EDGE('',*,*,#4485,.F.);
#2114=ORIENTED_EDGE('',*,*,#4486,.T.);
#2115=ORIENTED_EDGE('',*,*,#4487,.T.);
#2116=ORIENTED_EDGE('',*,*,#4488,.T.);
#2117=ORIENTED_EDGE('',*,*,#4489,.T.);
#2118=ORIENTED_EDGE('',*,*,#4490,.T.);
#2119=ORIENTED_EDGE('',*,*,#4491,.T.);
#2120=ORIENTED_EDGE('',*,*,#4492,.F.);
#2121=ORIENTED_EDGE('',*,*,#4493,.F.);
#2122=ORIENTED_EDGE('',*,*,#4494,.T.);
#2123=ORIENTED_EDGE('',*,*,#4495,.T.);
#2124=ORIENTED_EDGE('',*,*,#4496,.T.);
#2125=ORIENTED_EDGE('',*,*,#4497,.F.);
#2126=ORIENTED_EDGE('',*,*,#4498,.F.);
#2127=ORIENTED_EDGE('',*,*,#4499,.T.);
#2128=ORIENTED_EDGE('',*,*,#4500,.T.);
#2129=ORIENTED_EDGE('',*,*,#4501,.F.);
#2130=ORIENTED_EDGE('',*,*,#4502,.T.);
#2131=ORIENTED_EDGE('',*,*,#4503,.T.);
#2132=ORIENTED_EDGE('',*,*,#4504,.T.);
#2133=ORIENTED_EDGE('',*,*,#4505,.F.);
#2134=ORIENTED_EDGE('',*,*,#4506,.T.);
#2135=ORIENTED_EDGE('',*,*,#4507,.F.);
#2136=ORIENTED_EDGE('',*,*,#4508,.T.);
#2137=ORIENTED_EDGE('',*,*,#4509,.T.);
#2138=ORIENTED_EDGE('',*,*,#4510,.T.);
#2139=ORIENTED_EDGE('',*,*,#4511,.F.);
#2140=ORIENTED_EDGE('',*,*,#4512,.T.);
#2141=ORIENTED_EDGE('',*,*,#4513,.T.);
#2142=ORIENTED_EDGE('',*,*,#4514,.F.);
#2143=ORIENTED_EDGE('',*,*,#4515,.F.);
#2144=ORIENTED_EDGE('',*,*,#4516,.T.);
#2145=ORIENTED_EDGE('',*,*,#4517,.T.);
#2146=ORIENTED_EDGE('',*,*,#4518,.F.);
#2147=ORIENTED_EDGE('',*,*,#4519,.F.);
#2148=ORIENTED_EDGE('',*,*,#4520,.T.);
#2149=ORIENTED_EDGE('',*,*,#4521,.T.);
#2150=ORIENTED_EDGE('',*,*,#4522,.F.);
#2151=ORIENTED_EDGE('',*,*,#4523,.F.);
#2152=ORIENTED_EDGE('',*,*,#4524,.T.);
#2153=ORIENTED_EDGE('',*,*,#4525,.T.);
#2154=ORIENTED_EDGE('',*,*,#4526,.F.);
#2155=ORIENTED_EDGE('',*,*,#4527,.F.);
#2156=ORIENTED_EDGE('',*,*,#4528,.T.);
#2157=ORIENTED_EDGE('',*,*,#4529,.T.);
#2158=ORIENTED_EDGE('',*,*,#4530,.F.);
#2159=ORIENTED_EDGE('',*,*,#4531,.F.);
#2160=ORIENTED_EDGE('',*,*,#4532,.T.);
#2161=ORIENTED_EDGE('',*,*,#4533,.T.);
#2162=ORIENTED_EDGE('',*,*,#4534,.F.);
#2163=ORIENTED_EDGE('',*,*,#4535,.F.);
#2164=ORIENTED_EDGE('',*,*,#4536,.T.);
#2165=ORIENTED_EDGE('',*,*,#4537,.T.);
#2166=ORIENTED_EDGE('',*,*,#4538,.F.);
#2167=ORIENTED_EDGE('',*,*,#4539,.F.);
#2168=ORIENTED_EDGE('',*,*,#4540,.T.);
#2169=ORIENTED_EDGE('',*,*,#4541,.T.);
#2170=ORIENTED_EDGE('',*,*,#4542,.F.);
#2171=ORIENTED_EDGE('',*,*,#4543,.F.);
#2172=ORIENTED_EDGE('',*,*,#4544,.T.);
#2173=ORIENTED_EDGE('',*,*,#4545,.T.);
#2174=ORIENTED_EDGE('',*,*,#4546,.F.);
#2175=ORIENTED_EDGE('',*,*,#4547,.F.);
#2176=ORIENTED_EDGE('',*,*,#4548,.T.);
#2177=ORIENTED_EDGE('',*,*,#4549,.F.);
#2178=ORIENTED_EDGE('',*,*,#4550,.T.);
#2179=ORIENTED_EDGE('',*,*,#4551,.F.);
#2180=ORIENTED_EDGE('',*,*,#4552,.T.);
#2181=ORIENTED_EDGE('',*,*,#4553,.T.);
#2182=ORIENTED_EDGE('',*,*,#4497,.T.);
#2183=ORIENTED_EDGE('',*,*,#4554,.T.);
#2184=ORIENTED_EDGE('',*,*,#4555,.T.);
#2185=ORIENTED_EDGE('',*,*,#4556,.T.);
#2186=ORIENTED_EDGE('',*,*,#4557,.T.);
#2187=ORIENTED_EDGE('',*,*,#4558,.T.);
#2188=ORIENTED_EDGE('',*,*,#4559,.F.);
#2189=ORIENTED_EDGE('',*,*,#4560,.F.);
#2190=ORIENTED_EDGE('',*,*,#4527,.T.);
#2191=ORIENTED_EDGE('',*,*,#4561,.T.);
#2192=ORIENTED_EDGE('',*,*,#4562,.F.);
#2193=ORIENTED_EDGE('',*,*,#4528,.F.);
#2194=ORIENTED_EDGE('',*,*,#4560,.T.);
#2195=ORIENTED_EDGE('',*,*,#4563,.T.);
#2196=ORIENTED_EDGE('',*,*,#4564,.F.);
#2197=ORIENTED_EDGE('',*,*,#4529,.F.);
#2198=ORIENTED_EDGE('',*,*,#4562,.T.);
#2199=ORIENTED_EDGE('',*,*,#4564,.T.);
#2200=ORIENTED_EDGE('',*,*,#4565,.F.);
#2201=ORIENTED_EDGE('',*,*,#4558,.F.);
#2202=ORIENTED_EDGE('',*,*,#4530,.T.);
#2203=ORIENTED_EDGE('',*,*,#4566,.F.);
#2204=ORIENTED_EDGE('',*,*,#4567,.T.);
#2205=ORIENTED_EDGE('',*,*,#4568,.F.);
#2206=ORIENTED_EDGE('',*,*,#4557,.F.);
#2207=ORIENTED_EDGE('',*,*,#4569,.F.);
#2208=ORIENTED_EDGE('',*,*,#4570,.T.);
#2209=ORIENTED_EDGE('',*,*,#4566,.T.);
#2210=ORIENTED_EDGE('',*,*,#4556,.F.);
#2211=ORIENTED_EDGE('',*,*,#4571,.F.);
#2212=ORIENTED_EDGE('',*,*,#4572,.T.);
#2213=ORIENTED_EDGE('',*,*,#4569,.T.);
#2214=ORIENTED_EDGE('',*,*,#4555,.F.);
#2215=ORIENTED_EDGE('',*,*,#4496,.F.);
#2216=ORIENTED_EDGE('',*,*,#4573,.T.);
#2217=ORIENTED_EDGE('',*,*,#4571,.T.);
#2218=ORIENTED_EDGE('',*,*,#4554,.F.);
#2219=ORIENTED_EDGE('',*,*,#4320,.F.);
#2220=ORIENTED_EDGE('',*,*,#4574,.F.);
#2221=ORIENTED_EDGE('',*,*,#4526,.T.);
#2222=ORIENTED_EDGE('',*,*,#4575,.T.);
#2223=ORIENTED_EDGE('',*,*,#4321,.T.);
#2224=ORIENTED_EDGE('',*,*,#4575,.F.);
#2225=ORIENTED_EDGE('',*,*,#4525,.F.);
#2226=ORIENTED_EDGE('',*,*,#4576,.T.);
#2227=ORIENTED_EDGE('',*,*,#4318,.T.);
#2228=ORIENTED_EDGE('',*,*,#4576,.F.);
#2229=ORIENTED_EDGE('',*,*,#4524,.F.);
#2230=ORIENTED_EDGE('',*,*,#4577,.T.);
#2231=ORIENTED_EDGE('',*,*,#4319,.F.);
#2232=ORIENTED_EDGE('',*,*,#4577,.F.);
#2233=ORIENTED_EDGE('',*,*,#4523,.T.);
#2234=ORIENTED_EDGE('',*,*,#4574,.T.);
#2235=ORIENTED_EDGE('',*,*,#4324,.F.);
#2236=ORIENTED_EDGE('',*,*,#4578,.F.);
#2237=ORIENTED_EDGE('',*,*,#4534,.T.);
#2238=ORIENTED_EDGE('',*,*,#4579,.T.);
#2239=ORIENTED_EDGE('',*,*,#4325,.T.);
#2240=ORIENTED_EDGE('',*,*,#4579,.F.);
#2241=ORIENTED_EDGE('',*,*,#4533,.F.);
#2242=ORIENTED_EDGE('',*,*,#4580,.T.);
#2243=ORIENTED_EDGE('',*,*,#4322,.T.);
#2244=ORIENTED_EDGE('',*,*,#4580,.F.);
#2245=ORIENTED_EDGE('',*,*,#4532,.F.);
#2246=ORIENTED_EDGE('',*,*,#4581,.T.);
#2247=ORIENTED_EDGE('',*,*,#4323,.F.);
#2248=ORIENTED_EDGE('',*,*,#4581,.F.);
#2249=ORIENTED_EDGE('',*,*,#4531,.T.);
#2250=ORIENTED_EDGE('',*,*,#4578,.T.);
#2251=ORIENTED_EDGE('',*,*,#4328,.F.);
#2252=ORIENTED_EDGE('',*,*,#4582,.F.);
#2253=ORIENTED_EDGE('',*,*,#4522,.T.);
#2254=ORIENTED_EDGE('',*,*,#4583,.T.);
#2255=ORIENTED_EDGE('',*,*,#4329,.T.);
#2256=ORIENTED_EDGE('',*,*,#4583,.F.);
#2257=ORIENTED_EDGE('',*,*,#4521,.F.);
#2258=ORIENTED_EDGE('',*,*,#4584,.T.);
#2259=ORIENTED_EDGE('',*,*,#4326,.T.);
#2260=ORIENTED_EDGE('',*,*,#4584,.F.);
#2261=ORIENTED_EDGE('',*,*,#4520,.F.);
#2262=ORIENTED_EDGE('',*,*,#4585,.T.);
#2263=ORIENTED_EDGE('',*,*,#4327,.F.);
#2264=ORIENTED_EDGE('',*,*,#4585,.F.);
#2265=ORIENTED_EDGE('',*,*,#4519,.T.);
#2266=ORIENTED_EDGE('',*,*,#4582,.T.);
#2267=ORIENTED_EDGE('',*,*,#4332,.F.);
#2268=ORIENTED_EDGE('',*,*,#4586,.F.);
#2269=ORIENTED_EDGE('',*,*,#4538,.T.);
#2270=ORIENTED_EDGE('',*,*,#4587,.T.);
#2271=ORIENTED_EDGE('',*,*,#4333,.T.);
#2272=ORIENTED_EDGE('',*,*,#4587,.F.);
#2273=ORIENTED_EDGE('',*,*,#4537,.F.);
#2274=ORIENTED_EDGE('',*,*,#4588,.T.);
#2275=ORIENTED_EDGE('',*,*,#4330,.T.);
#2276=ORIENTED_EDGE('',*,*,#4588,.F.);
#2277=ORIENTED_EDGE('',*,*,#4536,.F.);
#2278=ORIENTED_EDGE('',*,*,#4589,.T.);
#2279=ORIENTED_EDGE('',*,*,#4331,.F.);
#2280=ORIENTED_EDGE('',*,*,#4589,.F.);
#2281=ORIENTED_EDGE('',*,*,#4535,.T.);
#2282=ORIENTED_EDGE('',*,*,#4586,.T.);
#2283=ORIENTED_EDGE('',*,*,#4336,.F.);
#2284=ORIENTED_EDGE('',*,*,#4590,.F.);
#2285=ORIENTED_EDGE('',*,*,#4518,.T.);
#2286=ORIENTED_EDGE('',*,*,#4591,.T.);
#2287=ORIENTED_EDGE('',*,*,#4337,.T.);
#2288=ORIENTED_EDGE('',*,*,#4591,.F.);
#2289=ORIENTED_EDGE('',*,*,#4517,.F.);
#2290=ORIENTED_EDGE('',*,*,#4592,.T.);
#2291=ORIENTED_EDGE('',*,*,#4334,.T.);
#2292=ORIENTED_EDGE('',*,*,#4592,.F.);
#2293=ORIENTED_EDGE('',*,*,#4516,.F.);
#2294=ORIENTED_EDGE('',*,*,#4593,.T.);
#2295=ORIENTED_EDGE('',*,*,#4335,.F.);
#2296=ORIENTED_EDGE('',*,*,#4593,.F.);
#2297=ORIENTED_EDGE('',*,*,#4515,.T.);
#2298=ORIENTED_EDGE('',*,*,#4590,.T.);
#2299=ORIENTED_EDGE('',*,*,#4340,.F.);
#2300=ORIENTED_EDGE('',*,*,#4594,.F.);
#2301=ORIENTED_EDGE('',*,*,#4542,.T.);
#2302=ORIENTED_EDGE('',*,*,#4595,.T.);
#2303=ORIENTED_EDGE('',*,*,#4341,.T.);
#2304=ORIENTED_EDGE('',*,*,#4595,.F.);
#2305=ORIENTED_EDGE('',*,*,#4541,.F.);
#2306=ORIENTED_EDGE('',*,*,#4596,.T.);
#2307=ORIENTED_EDGE('',*,*,#4338,.T.);
#2308=ORIENTED_EDGE('',*,*,#4596,.F.);
#2309=ORIENTED_EDGE('',*,*,#4540,.F.);
#2310=ORIENTED_EDGE('',*,*,#4597,.T.);
#2311=ORIENTED_EDGE('',*,*,#4339,.F.);
#2312=ORIENTED_EDGE('',*,*,#4597,.F.);
#2313=ORIENTED_EDGE('',*,*,#4539,.T.);
#2314=ORIENTED_EDGE('',*,*,#4594,.T.);
#2315=ORIENTED_EDGE('',*,*,#4344,.F.);
#2316=ORIENTED_EDGE('',*,*,#4598,.F.);
#2317=ORIENTED_EDGE('',*,*,#4514,.T.);
#2318=ORIENTED_EDGE('',*,*,#4599,.T.);
#2319=ORIENTED_EDGE('',*,*,#4345,.T.);
#2320=ORIENTED_EDGE('',*,*,#4599,.F.);
#2321=ORIENTED_EDGE('',*,*,#4513,.F.);
#2322=ORIENTED_EDGE('',*,*,#4600,.T.);
#2323=ORIENTED_EDGE('',*,*,#4342,.T.);
#2324=ORIENTED_EDGE('',*,*,#4600,.F.);
#2325=ORIENTED_EDGE('',*,*,#4512,.F.);
#2326=ORIENTED_EDGE('',*,*,#4601,.T.);
#2327=ORIENTED_EDGE('',*,*,#4343,.F.);
#2328=ORIENTED_EDGE('',*,*,#4601,.F.);
#2329=ORIENTED_EDGE('',*,*,#4511,.T.);
#2330=ORIENTED_EDGE('',*,*,#4598,.T.);
#2331=ORIENTED_EDGE('',*,*,#4315,.F.);
#2332=ORIENTED_EDGE('',*,*,#4602,.F.);
#2333=ORIENTED_EDGE('',*,*,#4543,.T.);
#2334=ORIENTED_EDGE('',*,*,#4603,.T.);
#2335=ORIENTED_EDGE('',*,*,#4314,.T.);
#2336=ORIENTED_EDGE('',*,*,#4604,.F.);
#2337=ORIENTED_EDGE('',*,*,#4544,.F.);
#2338=ORIENTED_EDGE('',*,*,#4602,.T.);
#2339=ORIENTED_EDGE('',*,*,#4317,.T.);
#2340=ORIENTED_EDGE('',*,*,#4605,.F.);
#2341=ORIENTED_EDGE('',*,*,#4545,.F.);
#2342=ORIENTED_EDGE('',*,*,#4604,.T.);
#2343=ORIENTED_EDGE('',*,*,#4316,.F.);
#2344=ORIENTED_EDGE('',*,*,#4603,.F.);
#2345=ORIENTED_EDGE('',*,*,#4546,.T.);
#2346=ORIENTED_EDGE('',*,*,#4605,.T.);
#2347=ORIENTED_EDGE('',*,*,#4606,.T.);
#2348=ORIENTED_EDGE('',*,*,#4510,.F.);
#2349=ORIENTED_EDGE('',*,*,#4509,.F.);
#2350=ORIENTED_EDGE('',*,*,#4346,.T.);
#2351=ORIENTED_EDGE('',*,*,#4311,.F.);
#2352=ORIENTED_EDGE('',*,*,#4607,.F.);
#2353=ORIENTED_EDGE('',*,*,#4505,.T.);
#2354=ORIENTED_EDGE('',*,*,#4608,.T.);
#2355=ORIENTED_EDGE('',*,*,#4310,.T.);
#2356=ORIENTED_EDGE('',*,*,#4609,.F.);
#2357=ORIENTED_EDGE('',*,*,#4506,.F.);
#2358=ORIENTED_EDGE('',*,*,#4607,.T.);
#2359=ORIENTED_EDGE('',*,*,#4313,.F.);
#2360=ORIENTED_EDGE('',*,*,#4610,.F.);
#2361=ORIENTED_EDGE('',*,*,#4507,.T.);
#2362=ORIENTED_EDGE('',*,*,#4609,.T.);
#2363=ORIENTED_EDGE('',*,*,#4312,.T.);
#2364=ORIENTED_EDGE('',*,*,#4608,.F.);
#2365=ORIENTED_EDGE('',*,*,#4508,.F.);
#2366=ORIENTED_EDGE('',*,*,#4610,.T.);
#2367=ORIENTED_EDGE('',*,*,#4307,.F.);
#2368=ORIENTED_EDGE('',*,*,#4611,.F.);
#2369=ORIENTED_EDGE('',*,*,#4547,.T.);
#2370=ORIENTED_EDGE('',*,*,#4612,.T.);
#2371=ORIENTED_EDGE('',*,*,#4306,.T.);
#2372=ORIENTED_EDGE('',*,*,#4613,.F.);
#2373=ORIENTED_EDGE('',*,*,#4548,.F.);
#2374=ORIENTED_EDGE('',*,*,#4611,.T.);
#2375=ORIENTED_EDGE('',*,*,#4309,.F.);
#2376=ORIENTED_EDGE('',*,*,#4614,.F.);
#2377=ORIENTED_EDGE('',*,*,#4549,.T.);
#2378=ORIENTED_EDGE('',*,*,#4613,.T.);
#2379=ORIENTED_EDGE('',*,*,#4308,.T.);
#2380=ORIENTED_EDGE('',*,*,#4612,.F.);
#2381=ORIENTED_EDGE('',*,*,#4550,.F.);
#2382=ORIENTED_EDGE('',*,*,#4614,.T.);
#2383=ORIENTED_EDGE('',*,*,#4615,.T.);
#2384=ORIENTED_EDGE('',*,*,#4504,.F.);
#2385=ORIENTED_EDGE('',*,*,#4616,.T.);
#2386=ORIENTED_EDGE('',*,*,#4503,.F.);
#2387=ORIENTED_EDGE('',*,*,#4617,.T.);
#2388=ORIENTED_EDGE('',*,*,#4502,.F.);
#2389=ORIENTED_EDGE('',*,*,#4304,.F.);
#2390=ORIENTED_EDGE('',*,*,#4618,.F.);
#2391=ORIENTED_EDGE('',*,*,#4501,.T.);
#2392=ORIENTED_EDGE('',*,*,#4619,.T.);
#2393=ORIENTED_EDGE('',*,*,#4305,.T.);
#2394=ORIENTED_EDGE('',*,*,#4619,.F.);
#2395=ORIENTED_EDGE('',*,*,#4500,.F.);
#2396=ORIENTED_EDGE('',*,*,#4620,.T.);
#2397=ORIENTED_EDGE('',*,*,#4302,.T.);
#2398=ORIENTED_EDGE('',*,*,#4620,.F.);
#2399=ORIENTED_EDGE('',*,*,#4499,.F.);
#2400=ORIENTED_EDGE('',*,*,#4621,.T.);
#2401=ORIENTED_EDGE('',*,*,#4303,.F.);
#2402=ORIENTED_EDGE('',*,*,#4621,.F.);
#2403=ORIENTED_EDGE('',*,*,#4498,.T.);
#2404=ORIENTED_EDGE('',*,*,#4618,.T.);
#2405=ORIENTED_EDGE('',*,*,#4622,.F.);
#2406=ORIENTED_EDGE('',*,*,#4623,.F.);
#2407=ORIENTED_EDGE('',*,*,#4624,.T.);
#2408=ORIENTED_EDGE('',*,*,#4625,.T.);
#2409=ORIENTED_EDGE('',*,*,#4626,.F.);
#2410=ORIENTED_EDGE('',*,*,#4627,.F.);
#2411=ORIENTED_EDGE('',*,*,#4628,.T.);
#2412=ORIENTED_EDGE('',*,*,#4623,.T.);
#2413=ORIENTED_EDGE('',*,*,#4629,.F.);
#2414=ORIENTED_EDGE('',*,*,#4630,.F.);
#2415=ORIENTED_EDGE('',*,*,#4631,.T.);
#2416=ORIENTED_EDGE('',*,*,#4627,.T.);
#2417=ORIENTED_EDGE('',*,*,#4632,.F.);
#2418=ORIENTED_EDGE('',*,*,#4633,.F.);
#2419=ORIENTED_EDGE('',*,*,#4634,.T.);
#2420=ORIENTED_EDGE('',*,*,#4630,.T.);
#2421=ORIENTED_EDGE('',*,*,#4635,.F.);
#2422=ORIENTED_EDGE('',*,*,#4636,.F.);
#2423=ORIENTED_EDGE('',*,*,#4637,.T.);
#2424=ORIENTED_EDGE('',*,*,#4633,.T.);
#2425=ORIENTED_EDGE('',*,*,#4638,.F.);
#2426=ORIENTED_EDGE('',*,*,#4639,.F.);
#2427=ORIENTED_EDGE('',*,*,#4640,.T.);
#2428=ORIENTED_EDGE('',*,*,#4636,.T.);
#2429=ORIENTED_EDGE('',*,*,#4641,.F.);
#2430=ORIENTED_EDGE('',*,*,#4642,.F.);
#2431=ORIENTED_EDGE('',*,*,#4643,.T.);
#2432=ORIENTED_EDGE('',*,*,#4639,.T.);
#2433=ORIENTED_EDGE('',*,*,#4644,.F.);
#2434=ORIENTED_EDGE('',*,*,#4645,.F.);
#2435=ORIENTED_EDGE('',*,*,#4646,.T.);
#2436=ORIENTED_EDGE('',*,*,#4642,.T.);
#2437=ORIENTED_EDGE('',*,*,#4647,.F.);
#2438=ORIENTED_EDGE('',*,*,#4648,.F.);
#2439=ORIENTED_EDGE('',*,*,#4649,.T.);
#2440=ORIENTED_EDGE('',*,*,#4645,.T.);
#2441=ORIENTED_EDGE('',*,*,#4650,.F.);
#2442=ORIENTED_EDGE('',*,*,#4651,.F.);
#2443=ORIENTED_EDGE('',*,*,#4652,.T.);
#2444=ORIENTED_EDGE('',*,*,#4648,.T.);
#2445=ORIENTED_EDGE('',*,*,#4347,.F.);
#2446=ORIENTED_EDGE('',*,*,#4653,.F.);
#2447=ORIENTED_EDGE('',*,*,#4654,.T.);
#2448=ORIENTED_EDGE('',*,*,#4655,.T.);
#2449=ORIENTED_EDGE('',*,*,#4361,.F.);
#2450=ORIENTED_EDGE('',*,*,#4656,.F.);
#2451=ORIENTED_EDGE('',*,*,#4657,.T.);
#2452=ORIENTED_EDGE('',*,*,#4653,.T.);
#2453=ORIENTED_EDGE('',*,*,#4360,.F.);
#2454=ORIENTED_EDGE('',*,*,#4658,.F.);
#2455=ORIENTED_EDGE('',*,*,#4659,.T.);
#2456=ORIENTED_EDGE('',*,*,#4656,.T.);
#2457=ORIENTED_EDGE('',*,*,#4359,.F.);
#2458=ORIENTED_EDGE('',*,*,#4660,.F.);
#2459=ORIENTED_EDGE('',*,*,#4661,.T.);
#2460=ORIENTED_EDGE('',*,*,#4658,.T.);
#2461=ORIENTED_EDGE('',*,*,#4358,.F.);
#2462=ORIENTED_EDGE('',*,*,#4662,.F.);
#2463=ORIENTED_EDGE('',*,*,#4663,.T.);
#2464=ORIENTED_EDGE('',*,*,#4660,.T.);
#2465=ORIENTED_EDGE('',*,*,#4357,.F.);
#2466=ORIENTED_EDGE('',*,*,#4664,.F.);
#2467=ORIENTED_EDGE('',*,*,#4665,.T.);
#2468=ORIENTED_EDGE('',*,*,#4662,.T.);
#2469=ORIENTED_EDGE('',*,*,#4356,.F.);
#2470=ORIENTED_EDGE('',*,*,#4666,.F.);
#2471=ORIENTED_EDGE('',*,*,#4667,.T.);
#2472=ORIENTED_EDGE('',*,*,#4664,.T.);
#2473=ORIENTED_EDGE('',*,*,#4355,.F.);
#2474=ORIENTED_EDGE('',*,*,#4668,.F.);
#2475=ORIENTED_EDGE('',*,*,#4669,.T.);
#2476=ORIENTED_EDGE('',*,*,#4666,.T.);
#2477=ORIENTED_EDGE('',*,*,#4354,.F.);
#2478=ORIENTED_EDGE('',*,*,#4670,.F.);
#2479=ORIENTED_EDGE('',*,*,#4671,.T.);
#2480=ORIENTED_EDGE('',*,*,#4668,.T.);
#2481=ORIENTED_EDGE('',*,*,#4353,.F.);
#2482=ORIENTED_EDGE('',*,*,#4672,.F.);
#2483=ORIENTED_EDGE('',*,*,#4673,.T.);
#2484=ORIENTED_EDGE('',*,*,#4670,.T.);
#2485=ORIENTED_EDGE('',*,*,#4352,.F.);
#2486=ORIENTED_EDGE('',*,*,#4674,.F.);
#2487=ORIENTED_EDGE('',*,*,#4675,.T.);
#2488=ORIENTED_EDGE('',*,*,#4672,.T.);
#2489=ORIENTED_EDGE('',*,*,#4351,.F.);
#2490=ORIENTED_EDGE('',*,*,#4676,.F.);
#2491=ORIENTED_EDGE('',*,*,#4677,.T.);
#2492=ORIENTED_EDGE('',*,*,#4674,.T.);
#2493=ORIENTED_EDGE('',*,*,#4350,.F.);
#2494=ORIENTED_EDGE('',*,*,#4678,.F.);
#2495=ORIENTED_EDGE('',*,*,#4679,.T.);
#2496=ORIENTED_EDGE('',*,*,#4676,.T.);
#2497=ORIENTED_EDGE('',*,*,#4349,.F.);
#2498=ORIENTED_EDGE('',*,*,#4680,.F.);
#2499=ORIENTED_EDGE('',*,*,#4681,.T.);
#2500=ORIENTED_EDGE('',*,*,#4678,.T.);
#2501=ORIENTED_EDGE('',*,*,#4348,.F.);
#2502=ORIENTED_EDGE('',*,*,#4655,.F.);
#2503=ORIENTED_EDGE('',*,*,#4682,.T.);
#2504=ORIENTED_EDGE('',*,*,#4680,.T.);
#2505=ORIENTED_EDGE('',*,*,#4683,.F.);
#2506=ORIENTED_EDGE('',*,*,#4625,.F.);
#2507=ORIENTED_EDGE('',*,*,#4684,.T.);
#2508=ORIENTED_EDGE('',*,*,#4651,.T.);
#2509=ORIENTED_EDGE('',*,*,#4654,.F.);
#2510=ORIENTED_EDGE('',*,*,#4657,.F.);
#2511=ORIENTED_EDGE('',*,*,#4659,.F.);
#2512=ORIENTED_EDGE('',*,*,#4661,.F.);
#2513=ORIENTED_EDGE('',*,*,#4663,.F.);
#2514=ORIENTED_EDGE('',*,*,#4665,.F.);
#2515=ORIENTED_EDGE('',*,*,#4667,.F.);
#2516=ORIENTED_EDGE('',*,*,#4669,.F.);
#2517=ORIENTED_EDGE('',*,*,#4671,.F.);
#2518=ORIENTED_EDGE('',*,*,#4673,.F.);
#2519=ORIENTED_EDGE('',*,*,#4675,.F.);
#2520=ORIENTED_EDGE('',*,*,#4677,.F.);
#2521=ORIENTED_EDGE('',*,*,#4679,.F.);
#2522=ORIENTED_EDGE('',*,*,#4681,.F.);
#2523=ORIENTED_EDGE('',*,*,#4682,.F.);
#2524=ORIENTED_EDGE('',*,*,#4624,.F.);
#2525=ORIENTED_EDGE('',*,*,#4628,.F.);
#2526=ORIENTED_EDGE('',*,*,#4631,.F.);
#2527=ORIENTED_EDGE('',*,*,#4634,.F.);
#2528=ORIENTED_EDGE('',*,*,#4637,.F.);
#2529=ORIENTED_EDGE('',*,*,#4640,.F.);
#2530=ORIENTED_EDGE('',*,*,#4643,.F.);
#2531=ORIENTED_EDGE('',*,*,#4646,.F.);
#2532=ORIENTED_EDGE('',*,*,#4649,.F.);
#2533=ORIENTED_EDGE('',*,*,#4652,.F.);
#2534=ORIENTED_EDGE('',*,*,#4684,.F.);
#2535=ORIENTED_EDGE('',*,*,#4622,.T.);
#2536=ORIENTED_EDGE('',*,*,#4683,.T.);
#2537=ORIENTED_EDGE('',*,*,#4650,.T.);
#2538=ORIENTED_EDGE('',*,*,#4647,.T.);
#2539=ORIENTED_EDGE('',*,*,#4644,.T.);
#2540=ORIENTED_EDGE('',*,*,#4641,.T.);
#2541=ORIENTED_EDGE('',*,*,#4638,.T.);
#2542=ORIENTED_EDGE('',*,*,#4635,.T.);
#2543=ORIENTED_EDGE('',*,*,#4632,.T.);
#2544=ORIENTED_EDGE('',*,*,#4629,.T.);
#2545=ORIENTED_EDGE('',*,*,#4626,.T.);
#2546=ORIENTED_EDGE('',*,*,#4685,.F.);
#2547=ORIENTED_EDGE('',*,*,#4686,.F.);
#2548=ORIENTED_EDGE('',*,*,#4687,.T.);
#2549=ORIENTED_EDGE('',*,*,#4688,.T.);
#2550=ORIENTED_EDGE('',*,*,#4689,.F.);
#2551=ORIENTED_EDGE('',*,*,#4690,.F.);
#2552=ORIENTED_EDGE('',*,*,#4691,.T.);
#2553=ORIENTED_EDGE('',*,*,#4686,.T.);
#2554=ORIENTED_EDGE('',*,*,#4692,.F.);
#2555=ORIENTED_EDGE('',*,*,#4693,.F.);
#2556=ORIENTED_EDGE('',*,*,#4694,.T.);
#2557=ORIENTED_EDGE('',*,*,#4690,.T.);
#2558=ORIENTED_EDGE('',*,*,#4695,.F.);
#2559=ORIENTED_EDGE('',*,*,#4696,.F.);
#2560=ORIENTED_EDGE('',*,*,#4697,.T.);
#2561=ORIENTED_EDGE('',*,*,#4693,.T.);
#2562=ORIENTED_EDGE('',*,*,#4698,.F.);
#2563=ORIENTED_EDGE('',*,*,#4699,.F.);
#2564=ORIENTED_EDGE('',*,*,#4700,.T.);
#2565=ORIENTED_EDGE('',*,*,#4696,.T.);
#2566=ORIENTED_EDGE('',*,*,#4701,.F.);
#2567=ORIENTED_EDGE('',*,*,#4702,.F.);
#2568=ORIENTED_EDGE('',*,*,#4703,.T.);
#2569=ORIENTED_EDGE('',*,*,#4699,.T.);
#2570=ORIENTED_EDGE('',*,*,#4704,.F.);
#2571=ORIENTED_EDGE('',*,*,#4705,.F.);
#2572=ORIENTED_EDGE('',*,*,#4706,.T.);
#2573=ORIENTED_EDGE('',*,*,#4702,.T.);
#2574=ORIENTED_EDGE('',*,*,#4707,.F.);
#2575=ORIENTED_EDGE('',*,*,#4708,.F.);
#2576=ORIENTED_EDGE('',*,*,#4709,.T.);
#2577=ORIENTED_EDGE('',*,*,#4705,.T.);
#2578=ORIENTED_EDGE('',*,*,#4710,.F.);
#2579=ORIENTED_EDGE('',*,*,#4711,.F.);
#2580=ORIENTED_EDGE('',*,*,#4712,.T.);
#2581=ORIENTED_EDGE('',*,*,#4708,.T.);
#2582=ORIENTED_EDGE('',*,*,#4362,.F.);
#2583=ORIENTED_EDGE('',*,*,#4713,.F.);
#2584=ORIENTED_EDGE('',*,*,#4714,.T.);
#2585=ORIENTED_EDGE('',*,*,#4715,.T.);
#2586=ORIENTED_EDGE('',*,*,#4390,.F.);
#2587=ORIENTED_EDGE('',*,*,#4716,.F.);
#2588=ORIENTED_EDGE('',*,*,#4717,.T.);
#2589=ORIENTED_EDGE('',*,*,#4713,.T.);
#2590=ORIENTED_EDGE('',*,*,#4389,.F.);
#2591=ORIENTED_EDGE('',*,*,#4718,.F.);
#2592=ORIENTED_EDGE('',*,*,#4719,.T.);
#2593=ORIENTED_EDGE('',*,*,#4716,.T.);
#2594=ORIENTED_EDGE('',*,*,#4388,.F.);
#2595=ORIENTED_EDGE('',*,*,#4720,.F.);
#2596=ORIENTED_EDGE('',*,*,#4721,.T.);
#2597=ORIENTED_EDGE('',*,*,#4718,.T.);
#2598=ORIENTED_EDGE('',*,*,#4387,.F.);
#2599=ORIENTED_EDGE('',*,*,#4722,.F.);
#2600=ORIENTED_EDGE('',*,*,#4723,.T.);
#2601=ORIENTED_EDGE('',*,*,#4720,.T.);
#2602=ORIENTED_EDGE('',*,*,#4386,.F.);
#2603=ORIENTED_EDGE('',*,*,#4724,.F.);
#2604=ORIENTED_EDGE('',*,*,#4725,.T.);
#2605=ORIENTED_EDGE('',*,*,#4722,.T.);
#2606=ORIENTED_EDGE('',*,*,#4385,.F.);
#2607=ORIENTED_EDGE('',*,*,#4726,.F.);
#2608=ORIENTED_EDGE('',*,*,#4727,.T.);
#2609=ORIENTED_EDGE('',*,*,#4724,.T.);
#2610=ORIENTED_EDGE('',*,*,#4384,.F.);
#2611=ORIENTED_EDGE('',*,*,#4728,.F.);
#2612=ORIENTED_EDGE('',*,*,#4729,.T.);
#2613=ORIENTED_EDGE('',*,*,#4726,.T.);
#2614=ORIENTED_EDGE('',*,*,#4383,.F.);
#2615=ORIENTED_EDGE('',*,*,#4730,.F.);
#2616=ORIENTED_EDGE('',*,*,#4731,.T.);
#2617=ORIENTED_EDGE('',*,*,#4728,.T.);
#2618=ORIENTED_EDGE('',*,*,#4382,.F.);
#2619=ORIENTED_EDGE('',*,*,#4732,.F.);
#2620=ORIENTED_EDGE('',*,*,#4733,.T.);
#2621=ORIENTED_EDGE('',*,*,#4730,.T.);
#2622=ORIENTED_EDGE('',*,*,#4381,.F.);
#2623=ORIENTED_EDGE('',*,*,#4734,.F.);
#2624=ORIENTED_EDGE('',*,*,#4735,.T.);
#2625=ORIENTED_EDGE('',*,*,#4732,.T.);
#2626=ORIENTED_EDGE('',*,*,#4380,.F.);
#2627=ORIENTED_EDGE('',*,*,#4736,.F.);
#2628=ORIENTED_EDGE('',*,*,#4737,.T.);
#2629=ORIENTED_EDGE('',*,*,#4734,.T.);
#2630=ORIENTED_EDGE('',*,*,#4379,.F.);
#2631=ORIENTED_EDGE('',*,*,#4738,.F.);
#2632=ORIENTED_EDGE('',*,*,#4739,.T.);
#2633=ORIENTED_EDGE('',*,*,#4736,.T.);
#2634=ORIENTED_EDGE('',*,*,#4378,.F.);
#2635=ORIENTED_EDGE('',*,*,#4740,.F.);
#2636=ORIENTED_EDGE('',*,*,#4741,.T.);
#2637=ORIENTED_EDGE('',*,*,#4738,.T.);
#2638=ORIENTED_EDGE('',*,*,#4377,.F.);
#2639=ORIENTED_EDGE('',*,*,#4742,.F.);
#2640=ORIENTED_EDGE('',*,*,#4743,.T.);
#2641=ORIENTED_EDGE('',*,*,#4740,.T.);
#2642=ORIENTED_EDGE('',*,*,#4376,.F.);
#2643=ORIENTED_EDGE('',*,*,#4744,.F.);
#2644=ORIENTED_EDGE('',*,*,#4745,.T.);
#2645=ORIENTED_EDGE('',*,*,#4742,.T.);
#2646=ORIENTED_EDGE('',*,*,#4375,.F.);
#2647=ORIENTED_EDGE('',*,*,#4746,.F.);
#2648=ORIENTED_EDGE('',*,*,#4747,.T.);
#2649=ORIENTED_EDGE('',*,*,#4744,.T.);
#2650=ORIENTED_EDGE('',*,*,#4374,.F.);
#2651=ORIENTED_EDGE('',*,*,#4748,.F.);
#2652=ORIENTED_EDGE('',*,*,#4749,.T.);
#2653=ORIENTED_EDGE('',*,*,#4746,.T.);
#2654=ORIENTED_EDGE('',*,*,#4373,.F.);
#2655=ORIENTED_EDGE('',*,*,#4750,.F.);
#2656=ORIENTED_EDGE('',*,*,#4751,.T.);
#2657=ORIENTED_EDGE('',*,*,#4748,.T.);
#2658=ORIENTED_EDGE('',*,*,#4372,.F.);
#2659=ORIENTED_EDGE('',*,*,#4752,.F.);
#2660=ORIENTED_EDGE('',*,*,#4753,.T.);
#2661=ORIENTED_EDGE('',*,*,#4750,.T.);
#2662=ORIENTED_EDGE('',*,*,#4371,.F.);
#2663=ORIENTED_EDGE('',*,*,#4754,.F.);
#2664=ORIENTED_EDGE('',*,*,#4755,.T.);
#2665=ORIENTED_EDGE('',*,*,#4752,.T.);
#2666=ORIENTED_EDGE('',*,*,#4370,.F.);
#2667=ORIENTED_EDGE('',*,*,#4756,.F.);
#2668=ORIENTED_EDGE('',*,*,#4757,.T.);
#2669=ORIENTED_EDGE('',*,*,#4754,.T.);
#2670=ORIENTED_EDGE('',*,*,#4369,.F.);
#2671=ORIENTED_EDGE('',*,*,#4758,.F.);
#2672=ORIENTED_EDGE('',*,*,#4759,.T.);
#2673=ORIENTED_EDGE('',*,*,#4756,.T.);
#2674=ORIENTED_EDGE('',*,*,#4368,.F.);
#2675=ORIENTED_EDGE('',*,*,#4760,.F.);
#2676=ORIENTED_EDGE('',*,*,#4761,.T.);
#2677=ORIENTED_EDGE('',*,*,#4758,.T.);
#2678=ORIENTED_EDGE('',*,*,#4367,.F.);
#2679=ORIENTED_EDGE('',*,*,#4762,.F.);
#2680=ORIENTED_EDGE('',*,*,#4763,.T.);
#2681=ORIENTED_EDGE('',*,*,#4760,.T.);
#2682=ORIENTED_EDGE('',*,*,#4366,.F.);
#2683=ORIENTED_EDGE('',*,*,#4764,.F.);
#2684=ORIENTED_EDGE('',*,*,#4765,.T.);
#2685=ORIENTED_EDGE('',*,*,#4762,.T.);
#2686=ORIENTED_EDGE('',*,*,#4365,.F.);
#2687=ORIENTED_EDGE('',*,*,#4766,.F.);
#2688=ORIENTED_EDGE('',*,*,#4767,.T.);
#2689=ORIENTED_EDGE('',*,*,#4764,.T.);
#2690=ORIENTED_EDGE('',*,*,#4364,.F.);
#2691=ORIENTED_EDGE('',*,*,#4768,.F.);
#2692=ORIENTED_EDGE('',*,*,#4769,.T.);
#2693=ORIENTED_EDGE('',*,*,#4766,.T.);
#2694=ORIENTED_EDGE('',*,*,#4363,.F.);
#2695=ORIENTED_EDGE('',*,*,#4715,.F.);
#2696=ORIENTED_EDGE('',*,*,#4770,.T.);
#2697=ORIENTED_EDGE('',*,*,#4768,.T.);
#2698=ORIENTED_EDGE('',*,*,#4771,.F.);
#2699=ORIENTED_EDGE('',*,*,#4688,.F.);
#2700=ORIENTED_EDGE('',*,*,#4772,.T.);
#2701=ORIENTED_EDGE('',*,*,#4711,.T.);
#2702=ORIENTED_EDGE('',*,*,#4714,.F.);
#2703=ORIENTED_EDGE('',*,*,#4717,.F.);
#2704=ORIENTED_EDGE('',*,*,#4719,.F.);
#2705=ORIENTED_EDGE('',*,*,#4721,.F.);
#2706=ORIENTED_EDGE('',*,*,#4723,.F.);
#2707=ORIENTED_EDGE('',*,*,#4725,.F.);
#2708=ORIENTED_EDGE('',*,*,#4727,.F.);
#2709=ORIENTED_EDGE('',*,*,#4729,.F.);
#2710=ORIENTED_EDGE('',*,*,#4731,.F.);
#2711=ORIENTED_EDGE('',*,*,#4733,.F.);
#2712=ORIENTED_EDGE('',*,*,#4735,.F.);
#2713=ORIENTED_EDGE('',*,*,#4737,.F.);
#2714=ORIENTED_EDGE('',*,*,#4739,.F.);
#2715=ORIENTED_EDGE('',*,*,#4741,.F.);
#2716=ORIENTED_EDGE('',*,*,#4743,.F.);
#2717=ORIENTED_EDGE('',*,*,#4745,.F.);
#2718=ORIENTED_EDGE('',*,*,#4747,.F.);
#2719=ORIENTED_EDGE('',*,*,#4749,.F.);
#2720=ORIENTED_EDGE('',*,*,#4751,.F.);
#2721=ORIENTED_EDGE('',*,*,#4753,.F.);
#2722=ORIENTED_EDGE('',*,*,#4755,.F.);
#2723=ORIENTED_EDGE('',*,*,#4757,.F.);
#2724=ORIENTED_EDGE('',*,*,#4759,.F.);
#2725=ORIENTED_EDGE('',*,*,#4761,.F.);
#2726=ORIENTED_EDGE('',*,*,#4763,.F.);
#2727=ORIENTED_EDGE('',*,*,#4765,.F.);
#2728=ORIENTED_EDGE('',*,*,#4767,.F.);
#2729=ORIENTED_EDGE('',*,*,#4769,.F.);
#2730=ORIENTED_EDGE('',*,*,#4770,.F.);
#2731=ORIENTED_EDGE('',*,*,#4687,.F.);
#2732=ORIENTED_EDGE('',*,*,#4691,.F.);
#2733=ORIENTED_EDGE('',*,*,#4694,.F.);
#2734=ORIENTED_EDGE('',*,*,#4697,.F.);
#2735=ORIENTED_EDGE('',*,*,#4700,.F.);
#2736=ORIENTED_EDGE('',*,*,#4703,.F.);
#2737=ORIENTED_EDGE('',*,*,#4706,.F.);
#2738=ORIENTED_EDGE('',*,*,#4709,.F.);
#2739=ORIENTED_EDGE('',*,*,#4712,.F.);
#2740=ORIENTED_EDGE('',*,*,#4772,.F.);
#2741=ORIENTED_EDGE('',*,*,#4685,.T.);
#2742=ORIENTED_EDGE('',*,*,#4771,.T.);
#2743=ORIENTED_EDGE('',*,*,#4710,.T.);
#2744=ORIENTED_EDGE('',*,*,#4707,.T.);
#2745=ORIENTED_EDGE('',*,*,#4704,.T.);
#2746=ORIENTED_EDGE('',*,*,#4701,.T.);
#2747=ORIENTED_EDGE('',*,*,#4698,.T.);
#2748=ORIENTED_EDGE('',*,*,#4695,.T.);
#2749=ORIENTED_EDGE('',*,*,#4692,.T.);
#2750=ORIENTED_EDGE('',*,*,#4689,.T.);
#2751=ORIENTED_EDGE('',*,*,#4773,.F.);
#2752=ORIENTED_EDGE('',*,*,#4774,.F.);
#2753=ORIENTED_EDGE('',*,*,#4775,.T.);
#2754=ORIENTED_EDGE('',*,*,#4776,.T.);
#2755=ORIENTED_EDGE('',*,*,#4777,.F.);
#2756=ORIENTED_EDGE('',*,*,#4778,.F.);
#2757=ORIENTED_EDGE('',*,*,#4779,.T.);
#2758=ORIENTED_EDGE('',*,*,#4774,.T.);
#2759=ORIENTED_EDGE('',*,*,#4780,.F.);
#2760=ORIENTED_EDGE('',*,*,#4781,.F.);
#2761=ORIENTED_EDGE('',*,*,#4782,.T.);
#2762=ORIENTED_EDGE('',*,*,#4778,.T.);
#2763=ORIENTED_EDGE('',*,*,#4783,.F.);
#2764=ORIENTED_EDGE('',*,*,#4784,.F.);
#2765=ORIENTED_EDGE('',*,*,#4785,.T.);
#2766=ORIENTED_EDGE('',*,*,#4781,.T.);
#2767=ORIENTED_EDGE('',*,*,#4786,.F.);
#2768=ORIENTED_EDGE('',*,*,#4787,.F.);
#2769=ORIENTED_EDGE('',*,*,#4788,.T.);
#2770=ORIENTED_EDGE('',*,*,#4784,.T.);
#2771=ORIENTED_EDGE('',*,*,#4789,.F.);
#2772=ORIENTED_EDGE('',*,*,#4790,.F.);
#2773=ORIENTED_EDGE('',*,*,#4791,.T.);
#2774=ORIENTED_EDGE('',*,*,#4787,.T.);
#2775=ORIENTED_EDGE('',*,*,#4792,.F.);
#2776=ORIENTED_EDGE('',*,*,#4793,.F.);
#2777=ORIENTED_EDGE('',*,*,#4794,.T.);
#2778=ORIENTED_EDGE('',*,*,#4790,.T.);
#2779=ORIENTED_EDGE('',*,*,#4795,.F.);
#2780=ORIENTED_EDGE('',*,*,#4796,.F.);
#2781=ORIENTED_EDGE('',*,*,#4797,.T.);
#2782=ORIENTED_EDGE('',*,*,#4793,.T.);
#2783=ORIENTED_EDGE('',*,*,#4391,.F.);
#2784=ORIENTED_EDGE('',*,*,#4798,.F.);
#2785=ORIENTED_EDGE('',*,*,#4799,.T.);
#2786=ORIENTED_EDGE('',*,*,#4800,.T.);
#2787=ORIENTED_EDGE('',*,*,#4401,.F.);
#2788=ORIENTED_EDGE('',*,*,#4801,.F.);
#2789=ORIENTED_EDGE('',*,*,#4802,.T.);
#2790=ORIENTED_EDGE('',*,*,#4798,.T.);
#2791=ORIENTED_EDGE('',*,*,#4400,.F.);
#2792=ORIENTED_EDGE('',*,*,#4803,.F.);
#2793=ORIENTED_EDGE('',*,*,#4804,.T.);
#2794=ORIENTED_EDGE('',*,*,#4801,.T.);
#2795=ORIENTED_EDGE('',*,*,#4399,.F.);
#2796=ORIENTED_EDGE('',*,*,#4805,.F.);
#2797=ORIENTED_EDGE('',*,*,#4806,.T.);
#2798=ORIENTED_EDGE('',*,*,#4803,.T.);
#2799=ORIENTED_EDGE('',*,*,#4398,.F.);
#2800=ORIENTED_EDGE('',*,*,#4807,.F.);
#2801=ORIENTED_EDGE('',*,*,#4808,.T.);
#2802=ORIENTED_EDGE('',*,*,#4805,.T.);
#2803=ORIENTED_EDGE('',*,*,#4397,.F.);
#2804=ORIENTED_EDGE('',*,*,#4809,.F.);
#2805=ORIENTED_EDGE('',*,*,#4810,.T.);
#2806=ORIENTED_EDGE('',*,*,#4807,.T.);
#2807=ORIENTED_EDGE('',*,*,#4396,.F.);
#2808=ORIENTED_EDGE('',*,*,#4811,.F.);
#2809=ORIENTED_EDGE('',*,*,#4812,.T.);
#2810=ORIENTED_EDGE('',*,*,#4809,.T.);
#2811=ORIENTED_EDGE('',*,*,#4395,.F.);
#2812=ORIENTED_EDGE('',*,*,#4813,.F.);
#2813=ORIENTED_EDGE('',*,*,#4814,.T.);
#2814=ORIENTED_EDGE('',*,*,#4811,.T.);
#2815=ORIENTED_EDGE('',*,*,#4394,.F.);
#2816=ORIENTED_EDGE('',*,*,#4815,.F.);
#2817=ORIENTED_EDGE('',*,*,#4816,.T.);
#2818=ORIENTED_EDGE('',*,*,#4813,.T.);
#2819=ORIENTED_EDGE('',*,*,#4393,.F.);
#2820=ORIENTED_EDGE('',*,*,#4817,.F.);
#2821=ORIENTED_EDGE('',*,*,#4818,.T.);
#2822=ORIENTED_EDGE('',*,*,#4815,.T.);
#2823=ORIENTED_EDGE('',*,*,#4392,.F.);
#2824=ORIENTED_EDGE('',*,*,#4800,.F.);
#2825=ORIENTED_EDGE('',*,*,#4819,.T.);
#2826=ORIENTED_EDGE('',*,*,#4817,.T.);
#2827=ORIENTED_EDGE('',*,*,#4820,.F.);
#2828=ORIENTED_EDGE('',*,*,#4776,.F.);
#2829=ORIENTED_EDGE('',*,*,#4821,.T.);
#2830=ORIENTED_EDGE('',*,*,#4796,.T.);
#2831=ORIENTED_EDGE('',*,*,#4799,.F.);
#2832=ORIENTED_EDGE('',*,*,#4802,.F.);
#2833=ORIENTED_EDGE('',*,*,#4804,.F.);
#2834=ORIENTED_EDGE('',*,*,#4806,.F.);
#2835=ORIENTED_EDGE('',*,*,#4808,.F.);
#2836=ORIENTED_EDGE('',*,*,#4810,.F.);
#2837=ORIENTED_EDGE('',*,*,#4812,.F.);
#2838=ORIENTED_EDGE('',*,*,#4814,.F.);
#2839=ORIENTED_EDGE('',*,*,#4816,.F.);
#2840=ORIENTED_EDGE('',*,*,#4818,.F.);
#2841=ORIENTED_EDGE('',*,*,#4819,.F.);
#2842=ORIENTED_EDGE('',*,*,#4775,.F.);
#2843=ORIENTED_EDGE('',*,*,#4779,.F.);
#2844=ORIENTED_EDGE('',*,*,#4782,.F.);
#2845=ORIENTED_EDGE('',*,*,#4785,.F.);
#2846=ORIENTED_EDGE('',*,*,#4788,.F.);
#2847=ORIENTED_EDGE('',*,*,#4791,.F.);
#2848=ORIENTED_EDGE('',*,*,#4794,.F.);
#2849=ORIENTED_EDGE('',*,*,#4797,.F.);
#2850=ORIENTED_EDGE('',*,*,#4821,.F.);
#2851=ORIENTED_EDGE('',*,*,#4773,.T.);
#2852=ORIENTED_EDGE('',*,*,#4820,.T.);
#2853=ORIENTED_EDGE('',*,*,#4795,.T.);
#2854=ORIENTED_EDGE('',*,*,#4792,.T.);
#2855=ORIENTED_EDGE('',*,*,#4789,.T.);
#2856=ORIENTED_EDGE('',*,*,#4786,.T.);
#2857=ORIENTED_EDGE('',*,*,#4783,.T.);
#2858=ORIENTED_EDGE('',*,*,#4780,.T.);
#2859=ORIENTED_EDGE('',*,*,#4777,.T.);
#2860=ORIENTED_EDGE('',*,*,#4402,.F.);
#2861=ORIENTED_EDGE('',*,*,#4822,.F.);
#2862=ORIENTED_EDGE('',*,*,#4823,.T.);
#2863=ORIENTED_EDGE('',*,*,#4824,.T.);
#2864=ORIENTED_EDGE('',*,*,#4405,.F.);
#2865=ORIENTED_EDGE('',*,*,#4825,.F.);
#2866=ORIENTED_EDGE('',*,*,#4826,.T.);
#2867=ORIENTED_EDGE('',*,*,#4822,.T.);
#2868=ORIENTED_EDGE('',*,*,#4404,.F.);
#2869=ORIENTED_EDGE('',*,*,#4827,.F.);
#2870=ORIENTED_EDGE('',*,*,#4828,.T.);
#2871=ORIENTED_EDGE('',*,*,#4825,.T.);
#2872=ORIENTED_EDGE('',*,*,#4403,.F.);
#2873=ORIENTED_EDGE('',*,*,#4824,.F.);
#2874=ORIENTED_EDGE('',*,*,#4829,.T.);
#2875=ORIENTED_EDGE('',*,*,#4827,.T.);
#2876=ORIENTED_EDGE('',*,*,#4823,.F.);
#2877=ORIENTED_EDGE('',*,*,#4826,.F.);
#2878=ORIENTED_EDGE('',*,*,#4828,.F.);
#2879=ORIENTED_EDGE('',*,*,#4829,.F.);
#2880=ORIENTED_EDGE('',*,*,#4830,.F.);
#2881=ORIENTED_EDGE('',*,*,#4831,.F.);
#2882=ORIENTED_EDGE('',*,*,#4832,.T.);
#2883=ORIENTED_EDGE('',*,*,#4833,.T.);
#2884=ORIENTED_EDGE('',*,*,#4834,.F.);
#2885=ORIENTED_EDGE('',*,*,#4835,.F.);
#2886=ORIENTED_EDGE('',*,*,#4836,.T.);
#2887=ORIENTED_EDGE('',*,*,#4831,.T.);
#2888=ORIENTED_EDGE('',*,*,#4837,.F.);
#2889=ORIENTED_EDGE('',*,*,#4838,.F.);
#2890=ORIENTED_EDGE('',*,*,#4839,.T.);
#2891=ORIENTED_EDGE('',*,*,#4835,.T.);
#2892=ORIENTED_EDGE('',*,*,#4840,.F.);
#2893=ORIENTED_EDGE('',*,*,#4841,.F.);
#2894=ORIENTED_EDGE('',*,*,#4842,.T.);
#2895=ORIENTED_EDGE('',*,*,#4838,.T.);
#2896=ORIENTED_EDGE('',*,*,#4843,.F.);
#2897=ORIENTED_EDGE('',*,*,#4844,.F.);
#2898=ORIENTED_EDGE('',*,*,#4845,.T.);
#2899=ORIENTED_EDGE('',*,*,#4841,.T.);
#2900=ORIENTED_EDGE('',*,*,#4846,.F.);
#2901=ORIENTED_EDGE('',*,*,#4847,.F.);
#2902=ORIENTED_EDGE('',*,*,#4848,.T.);
#2903=ORIENTED_EDGE('',*,*,#4844,.T.);
#2904=ORIENTED_EDGE('',*,*,#4849,.F.);
#2905=ORIENTED_EDGE('',*,*,#4850,.F.);
#2906=ORIENTED_EDGE('',*,*,#4851,.T.);
#2907=ORIENTED_EDGE('',*,*,#4847,.T.);
#2908=ORIENTED_EDGE('',*,*,#4852,.F.);
#2909=ORIENTED_EDGE('',*,*,#4853,.F.);
#2910=ORIENTED_EDGE('',*,*,#4854,.T.);
#2911=ORIENTED_EDGE('',*,*,#4850,.T.);
#2912=ORIENTED_EDGE('',*,*,#4855,.F.);
#2913=ORIENTED_EDGE('',*,*,#4856,.F.);
#2914=ORIENTED_EDGE('',*,*,#4857,.T.);
#2915=ORIENTED_EDGE('',*,*,#4853,.T.);
#2916=ORIENTED_EDGE('',*,*,#4858,.F.);
#2917=ORIENTED_EDGE('',*,*,#4859,.F.);
#2918=ORIENTED_EDGE('',*,*,#4860,.T.);
#2919=ORIENTED_EDGE('',*,*,#4856,.T.);
#2920=ORIENTED_EDGE('',*,*,#4861,.F.);
#2921=ORIENTED_EDGE('',*,*,#4862,.F.);
#2922=ORIENTED_EDGE('',*,*,#4863,.T.);
#2923=ORIENTED_EDGE('',*,*,#4859,.T.);
#2924=ORIENTED_EDGE('',*,*,#4864,.F.);
#2925=ORIENTED_EDGE('',*,*,#4865,.F.);
#2926=ORIENTED_EDGE('',*,*,#4866,.T.);
#2927=ORIENTED_EDGE('',*,*,#4862,.T.);
#2928=ORIENTED_EDGE('',*,*,#4867,.F.);
#2929=ORIENTED_EDGE('',*,*,#4868,.F.);
#2930=ORIENTED_EDGE('',*,*,#4869,.T.);
#2931=ORIENTED_EDGE('',*,*,#4865,.T.);
#2932=ORIENTED_EDGE('',*,*,#4406,.F.);
#2933=ORIENTED_EDGE('',*,*,#4870,.F.);
#2934=ORIENTED_EDGE('',*,*,#4871,.T.);
#2935=ORIENTED_EDGE('',*,*,#4872,.T.);
#2936=ORIENTED_EDGE('',*,*,#4419,.F.);
#2937=ORIENTED_EDGE('',*,*,#4873,.F.);
#2938=ORIENTED_EDGE('',*,*,#4874,.T.);
#2939=ORIENTED_EDGE('',*,*,#4870,.T.);
#2940=ORIENTED_EDGE('',*,*,#4418,.F.);
#2941=ORIENTED_EDGE('',*,*,#4875,.F.);
#2942=ORIENTED_EDGE('',*,*,#4876,.T.);
#2943=ORIENTED_EDGE('',*,*,#4873,.T.);
#2944=ORIENTED_EDGE('',*,*,#4417,.F.);
#2945=ORIENTED_EDGE('',*,*,#4877,.F.);
#2946=ORIENTED_EDGE('',*,*,#4878,.T.);
#2947=ORIENTED_EDGE('',*,*,#4875,.T.);
#2948=ORIENTED_EDGE('',*,*,#4416,.F.);
#2949=ORIENTED_EDGE('',*,*,#4879,.F.);
#2950=ORIENTED_EDGE('',*,*,#4880,.T.);
#2951=ORIENTED_EDGE('',*,*,#4877,.T.);
#2952=ORIENTED_EDGE('',*,*,#4415,.F.);
#2953=ORIENTED_EDGE('',*,*,#4881,.F.);
#2954=ORIENTED_EDGE('',*,*,#4882,.T.);
#2955=ORIENTED_EDGE('',*,*,#4879,.T.);
#2956=ORIENTED_EDGE('',*,*,#4414,.F.);
#2957=ORIENTED_EDGE('',*,*,#4883,.F.);
#2958=ORIENTED_EDGE('',*,*,#4884,.T.);
#2959=ORIENTED_EDGE('',*,*,#4881,.T.);
#2960=ORIENTED_EDGE('',*,*,#4413,.F.);
#2961=ORIENTED_EDGE('',*,*,#4885,.F.);
#2962=ORIENTED_EDGE('',*,*,#4886,.T.);
#2963=ORIENTED_EDGE('',*,*,#4883,.T.);
#2964=ORIENTED_EDGE('',*,*,#4412,.F.);
#2965=ORIENTED_EDGE('',*,*,#4887,.F.);
#2966=ORIENTED_EDGE('',*,*,#4888,.T.);
#2967=ORIENTED_EDGE('',*,*,#4885,.T.);
#2968=ORIENTED_EDGE('',*,*,#4411,.F.);
#2969=ORIENTED_EDGE('',*,*,#4889,.F.);
#2970=ORIENTED_EDGE('',*,*,#4890,.T.);
#2971=ORIENTED_EDGE('',*,*,#4887,.T.);
#2972=ORIENTED_EDGE('',*,*,#4410,.F.);
#2973=ORIENTED_EDGE('',*,*,#4891,.F.);
#2974=ORIENTED_EDGE('',*,*,#4892,.T.);
#2975=ORIENTED_EDGE('',*,*,#4889,.T.);
#2976=ORIENTED_EDGE('',*,*,#4409,.F.);
#2977=ORIENTED_EDGE('',*,*,#4893,.F.);
#2978=ORIENTED_EDGE('',*,*,#4894,.T.);
#2979=ORIENTED_EDGE('',*,*,#4891,.T.);
#2980=ORIENTED_EDGE('',*,*,#4408,.F.);
#2981=ORIENTED_EDGE('',*,*,#4895,.F.);
#2982=ORIENTED_EDGE('',*,*,#4896,.T.);
#2983=ORIENTED_EDGE('',*,*,#4893,.T.);
#2984=ORIENTED_EDGE('',*,*,#4407,.F.);
#2985=ORIENTED_EDGE('',*,*,#4872,.F.);
#2986=ORIENTED_EDGE('',*,*,#4897,.T.);
#2987=ORIENTED_EDGE('',*,*,#4895,.T.);
#2988=ORIENTED_EDGE('',*,*,#4898,.F.);
#2989=ORIENTED_EDGE('',*,*,#4833,.F.);
#2990=ORIENTED_EDGE('',*,*,#4899,.T.);
#2991=ORIENTED_EDGE('',*,*,#4868,.T.);
#2992=ORIENTED_EDGE('',*,*,#4871,.F.);
#2993=ORIENTED_EDGE('',*,*,#4874,.F.);
#2994=ORIENTED_EDGE('',*,*,#4876,.F.);
#2995=ORIENTED_EDGE('',*,*,#4878,.F.);
#2996=ORIENTED_EDGE('',*,*,#4880,.F.);
#2997=ORIENTED_EDGE('',*,*,#4882,.F.);
#2998=ORIENTED_EDGE('',*,*,#4884,.F.);
#2999=ORIENTED_EDGE('',*,*,#4886,.F.);
#3000=ORIENTED_EDGE('',*,*,#4888,.F.);
#3001=ORIENTED_EDGE('',*,*,#4890,.F.);
#3002=ORIENTED_EDGE('',*,*,#4892,.F.);
#3003=ORIENTED_EDGE('',*,*,#4894,.F.);
#3004=ORIENTED_EDGE('',*,*,#4896,.F.);
#3005=ORIENTED_EDGE('',*,*,#4897,.F.);
#3006=ORIENTED_EDGE('',*,*,#4832,.F.);
#3007=ORIENTED_EDGE('',*,*,#4836,.F.);
#3008=ORIENTED_EDGE('',*,*,#4839,.F.);
#3009=ORIENTED_EDGE('',*,*,#4842,.F.);
#3010=ORIENTED_EDGE('',*,*,#4845,.F.);
#3011=ORIENTED_EDGE('',*,*,#4848,.F.);
#3012=ORIENTED_EDGE('',*,*,#4851,.F.);
#3013=ORIENTED_EDGE('',*,*,#4854,.F.);
#3014=ORIENTED_EDGE('',*,*,#4857,.F.);
#3015=ORIENTED_EDGE('',*,*,#4860,.F.);
#3016=ORIENTED_EDGE('',*,*,#4863,.F.);
#3017=ORIENTED_EDGE('',*,*,#4866,.F.);
#3018=ORIENTED_EDGE('',*,*,#4869,.F.);
#3019=ORIENTED_EDGE('',*,*,#4899,.F.);
#3020=ORIENTED_EDGE('',*,*,#4830,.T.);
#3021=ORIENTED_EDGE('',*,*,#4898,.T.);
#3022=ORIENTED_EDGE('',*,*,#4867,.T.);
#3023=ORIENTED_EDGE('',*,*,#4864,.T.);
#3024=ORIENTED_EDGE('',*,*,#4861,.T.);
#3025=ORIENTED_EDGE('',*,*,#4858,.T.);
#3026=ORIENTED_EDGE('',*,*,#4855,.T.);
#3027=ORIENTED_EDGE('',*,*,#4852,.T.);
#3028=ORIENTED_EDGE('',*,*,#4849,.T.);
#3029=ORIENTED_EDGE('',*,*,#4846,.T.);
#3030=ORIENTED_EDGE('',*,*,#4843,.T.);
#3031=ORIENTED_EDGE('',*,*,#4840,.T.);
#3032=ORIENTED_EDGE('',*,*,#4837,.T.);
#3033=ORIENTED_EDGE('',*,*,#4834,.T.);
#3034=ORIENTED_EDGE('',*,*,#4420,.F.);
#3035=ORIENTED_EDGE('',*,*,#4900,.F.);
#3036=ORIENTED_EDGE('',*,*,#4901,.T.);
#3037=ORIENTED_EDGE('',*,*,#4902,.T.);
#3038=ORIENTED_EDGE('',*,*,#4447,.F.);
#3039=ORIENTED_EDGE('',*,*,#4903,.F.);
#3040=ORIENTED_EDGE('',*,*,#4904,.T.);
#3041=ORIENTED_EDGE('',*,*,#4900,.T.);
#3042=ORIENTED_EDGE('',*,*,#4446,.F.);
#3043=ORIENTED_EDGE('',*,*,#4905,.F.);
#3044=ORIENTED_EDGE('',*,*,#4906,.T.);
#3045=ORIENTED_EDGE('',*,*,#4903,.T.);
#3046=ORIENTED_EDGE('',*,*,#4445,.F.);
#3047=ORIENTED_EDGE('',*,*,#4907,.F.);
#3048=ORIENTED_EDGE('',*,*,#4908,.T.);
#3049=ORIENTED_EDGE('',*,*,#4905,.T.);
#3050=ORIENTED_EDGE('',*,*,#4444,.F.);
#3051=ORIENTED_EDGE('',*,*,#4909,.F.);
#3052=ORIENTED_EDGE('',*,*,#4910,.T.);
#3053=ORIENTED_EDGE('',*,*,#4907,.T.);
#3054=ORIENTED_EDGE('',*,*,#4443,.F.);
#3055=ORIENTED_EDGE('',*,*,#4911,.F.);
#3056=ORIENTED_EDGE('',*,*,#4912,.T.);
#3057=ORIENTED_EDGE('',*,*,#4909,.T.);
#3058=ORIENTED_EDGE('',*,*,#4442,.F.);
#3059=ORIENTED_EDGE('',*,*,#4913,.F.);
#3060=ORIENTED_EDGE('',*,*,#4914,.T.);
#3061=ORIENTED_EDGE('',*,*,#4911,.T.);
#3062=ORIENTED_EDGE('',*,*,#4441,.F.);
#3063=ORIENTED_EDGE('',*,*,#4915,.F.);
#3064=ORIENTED_EDGE('',*,*,#4916,.T.);
#3065=ORIENTED_EDGE('',*,*,#4913,.T.);
#3066=ORIENTED_EDGE('',*,*,#4440,.F.);
#3067=ORIENTED_EDGE('',*,*,#4917,.F.);
#3068=ORIENTED_EDGE('',*,*,#4918,.T.);
#3069=ORIENTED_EDGE('',*,*,#4915,.T.);
#3070=ORIENTED_EDGE('',*,*,#4439,.F.);
#3071=ORIENTED_EDGE('',*,*,#4919,.F.);
#3072=ORIENTED_EDGE('',*,*,#4920,.T.);
#3073=ORIENTED_EDGE('',*,*,#4917,.T.);
#3074=ORIENTED_EDGE('',*,*,#4438,.F.);
#3075=ORIENTED_EDGE('',*,*,#4921,.F.);
#3076=ORIENTED_EDGE('',*,*,#4922,.T.);
#3077=ORIENTED_EDGE('',*,*,#4919,.T.);
#3078=ORIENTED_EDGE('',*,*,#4437,.F.);
#3079=ORIENTED_EDGE('',*,*,#4923,.F.);
#3080=ORIENTED_EDGE('',*,*,#4924,.T.);
#3081=ORIENTED_EDGE('',*,*,#4921,.T.);
#3082=ORIENTED_EDGE('',*,*,#4436,.F.);
#3083=ORIENTED_EDGE('',*,*,#4925,.F.);
#3084=ORIENTED_EDGE('',*,*,#4926,.T.);
#3085=ORIENTED_EDGE('',*,*,#4923,.T.);
#3086=ORIENTED_EDGE('',*,*,#4435,.F.);
#3087=ORIENTED_EDGE('',*,*,#4927,.F.);
#3088=ORIENTED_EDGE('',*,*,#4928,.T.);
#3089=ORIENTED_EDGE('',*,*,#4925,.T.);
#3090=ORIENTED_EDGE('',*,*,#4434,.F.);
#3091=ORIENTED_EDGE('',*,*,#4929,.F.);
#3092=ORIENTED_EDGE('',*,*,#4930,.T.);
#3093=ORIENTED_EDGE('',*,*,#4927,.T.);
#3094=ORIENTED_EDGE('',*,*,#4433,.F.);
#3095=ORIENTED_EDGE('',*,*,#4931,.F.);
#3096=ORIENTED_EDGE('',*,*,#4932,.T.);
#3097=ORIENTED_EDGE('',*,*,#4929,.T.);
#3098=ORIENTED_EDGE('',*,*,#4432,.F.);
#3099=ORIENTED_EDGE('',*,*,#4933,.F.);
#3100=ORIENTED_EDGE('',*,*,#4934,.T.);
#3101=ORIENTED_EDGE('',*,*,#4931,.T.);
#3102=ORIENTED_EDGE('',*,*,#4431,.F.);
#3103=ORIENTED_EDGE('',*,*,#4935,.F.);
#3104=ORIENTED_EDGE('',*,*,#4936,.T.);
#3105=ORIENTED_EDGE('',*,*,#4933,.T.);
#3106=ORIENTED_EDGE('',*,*,#4430,.F.);
#3107=ORIENTED_EDGE('',*,*,#4937,.F.);
#3108=ORIENTED_EDGE('',*,*,#4938,.T.);
#3109=ORIENTED_EDGE('',*,*,#4935,.T.);
#3110=ORIENTED_EDGE('',*,*,#4429,.F.);
#3111=ORIENTED_EDGE('',*,*,#4939,.F.);
#3112=ORIENTED_EDGE('',*,*,#4940,.T.);
#3113=ORIENTED_EDGE('',*,*,#4937,.T.);
#3114=ORIENTED_EDGE('',*,*,#4428,.F.);
#3115=ORIENTED_EDGE('',*,*,#4941,.F.);
#3116=ORIENTED_EDGE('',*,*,#4942,.T.);
#3117=ORIENTED_EDGE('',*,*,#4939,.T.);
#3118=ORIENTED_EDGE('',*,*,#4427,.F.);
#3119=ORIENTED_EDGE('',*,*,#4943,.F.);
#3120=ORIENTED_EDGE('',*,*,#4944,.T.);
#3121=ORIENTED_EDGE('',*,*,#4941,.T.);
#3122=ORIENTED_EDGE('',*,*,#4426,.F.);
#3123=ORIENTED_EDGE('',*,*,#4945,.F.);
#3124=ORIENTED_EDGE('',*,*,#4946,.T.);
#3125=ORIENTED_EDGE('',*,*,#4943,.T.);
#3126=ORIENTED_EDGE('',*,*,#4425,.F.);
#3127=ORIENTED_EDGE('',*,*,#4947,.F.);
#3128=ORIENTED_EDGE('',*,*,#4948,.T.);
#3129=ORIENTED_EDGE('',*,*,#4945,.T.);
#3130=ORIENTED_EDGE('',*,*,#4424,.F.);
#3131=ORIENTED_EDGE('',*,*,#4949,.F.);
#3132=ORIENTED_EDGE('',*,*,#4950,.T.);
#3133=ORIENTED_EDGE('',*,*,#4947,.T.);
#3134=ORIENTED_EDGE('',*,*,#4423,.F.);
#3135=ORIENTED_EDGE('',*,*,#4951,.F.);
#3136=ORIENTED_EDGE('',*,*,#4952,.T.);
#3137=ORIENTED_EDGE('',*,*,#4949,.T.);
#3138=ORIENTED_EDGE('',*,*,#4422,.F.);
#3139=ORIENTED_EDGE('',*,*,#4953,.F.);
#3140=ORIENTED_EDGE('',*,*,#4954,.T.);
#3141=ORIENTED_EDGE('',*,*,#4951,.T.);
#3142=ORIENTED_EDGE('',*,*,#4421,.F.);
#3143=ORIENTED_EDGE('',*,*,#4902,.F.);
#3144=ORIENTED_EDGE('',*,*,#4955,.T.);
#3145=ORIENTED_EDGE('',*,*,#4953,.T.);
#3146=ORIENTED_EDGE('',*,*,#4901,.F.);
#3147=ORIENTED_EDGE('',*,*,#4904,.F.);
#3148=ORIENTED_EDGE('',*,*,#4906,.F.);
#3149=ORIENTED_EDGE('',*,*,#4908,.F.);
#3150=ORIENTED_EDGE('',*,*,#4910,.F.);
#3151=ORIENTED_EDGE('',*,*,#4912,.F.);
#3152=ORIENTED_EDGE('',*,*,#4914,.F.);
#3153=ORIENTED_EDGE('',*,*,#4916,.F.);
#3154=ORIENTED_EDGE('',*,*,#4918,.F.);
#3155=ORIENTED_EDGE('',*,*,#4920,.F.);
#3156=ORIENTED_EDGE('',*,*,#4922,.F.);
#3157=ORIENTED_EDGE('',*,*,#4924,.F.);
#3158=ORIENTED_EDGE('',*,*,#4926,.F.);
#3159=ORIENTED_EDGE('',*,*,#4928,.F.);
#3160=ORIENTED_EDGE('',*,*,#4930,.F.);
#3161=ORIENTED_EDGE('',*,*,#4932,.F.);
#3162=ORIENTED_EDGE('',*,*,#4934,.F.);
#3163=ORIENTED_EDGE('',*,*,#4936,.F.);
#3164=ORIENTED_EDGE('',*,*,#4938,.F.);
#3165=ORIENTED_EDGE('',*,*,#4940,.F.);
#3166=ORIENTED_EDGE('',*,*,#4942,.F.);
#3167=ORIENTED_EDGE('',*,*,#4944,.F.);
#3168=ORIENTED_EDGE('',*,*,#4946,.F.);
#3169=ORIENTED_EDGE('',*,*,#4948,.F.);
#3170=ORIENTED_EDGE('',*,*,#4950,.F.);
#3171=ORIENTED_EDGE('',*,*,#4952,.F.);
#3172=ORIENTED_EDGE('',*,*,#4954,.F.);
#3173=ORIENTED_EDGE('',*,*,#4955,.F.);
#3174=ORIENTED_EDGE('',*,*,#4448,.F.);
#3175=ORIENTED_EDGE('',*,*,#4956,.F.);
#3176=ORIENTED_EDGE('',*,*,#4957,.T.);
#3177=ORIENTED_EDGE('',*,*,#4958,.T.);
#3178=ORIENTED_EDGE('',*,*,#4481,.F.);
#3179=ORIENTED_EDGE('',*,*,#4959,.F.);
#3180=ORIENTED_EDGE('',*,*,#4960,.T.);
#3181=ORIENTED_EDGE('',*,*,#4956,.T.);
#3182=ORIENTED_EDGE('',*,*,#4480,.F.);
#3183=ORIENTED_EDGE('',*,*,#4961,.F.);
#3184=ORIENTED_EDGE('',*,*,#4962,.T.);
#3185=ORIENTED_EDGE('',*,*,#4959,.T.);
#3186=ORIENTED_EDGE('',*,*,#4479,.F.);
#3187=ORIENTED_EDGE('',*,*,#4963,.F.);
#3188=ORIENTED_EDGE('',*,*,#4964,.T.);
#3189=ORIENTED_EDGE('',*,*,#4961,.T.);
#3190=ORIENTED_EDGE('',*,*,#4478,.F.);
#3191=ORIENTED_EDGE('',*,*,#4965,.F.);
#3192=ORIENTED_EDGE('',*,*,#4966,.T.);
#3193=ORIENTED_EDGE('',*,*,#4963,.T.);
#3194=ORIENTED_EDGE('',*,*,#4477,.F.);
#3195=ORIENTED_EDGE('',*,*,#4967,.F.);
#3196=ORIENTED_EDGE('',*,*,#4968,.T.);
#3197=ORIENTED_EDGE('',*,*,#4965,.T.);
#3198=ORIENTED_EDGE('',*,*,#4476,.F.);
#3199=ORIENTED_EDGE('',*,*,#4969,.F.);
#3200=ORIENTED_EDGE('',*,*,#4970,.T.);
#3201=ORIENTED_EDGE('',*,*,#4967,.T.);
#3202=ORIENTED_EDGE('',*,*,#4475,.F.);
#3203=ORIENTED_EDGE('',*,*,#4971,.F.);
#3204=ORIENTED_EDGE('',*,*,#4972,.T.);
#3205=ORIENTED_EDGE('',*,*,#4969,.T.);
#3206=ORIENTED_EDGE('',*,*,#4474,.F.);
#3207=ORIENTED_EDGE('',*,*,#4973,.F.);
#3208=ORIENTED_EDGE('',*,*,#4974,.T.);
#3209=ORIENTED_EDGE('',*,*,#4971,.T.);
#3210=ORIENTED_EDGE('',*,*,#4473,.F.);
#3211=ORIENTED_EDGE('',*,*,#4975,.F.);
#3212=ORIENTED_EDGE('',*,*,#4976,.T.);
#3213=ORIENTED_EDGE('',*,*,#4973,.T.);
#3214=ORIENTED_EDGE('',*,*,#4472,.F.);
#3215=ORIENTED_EDGE('',*,*,#4977,.F.);
#3216=ORIENTED_EDGE('',*,*,#4978,.T.);
#3217=ORIENTED_EDGE('',*,*,#4975,.T.);
#3218=ORIENTED_EDGE('',*,*,#4471,.F.);
#3219=ORIENTED_EDGE('',*,*,#4979,.F.);
#3220=ORIENTED_EDGE('',*,*,#4980,.T.);
#3221=ORIENTED_EDGE('',*,*,#4977,.T.);
#3222=ORIENTED_EDGE('',*,*,#4470,.F.);
#3223=ORIENTED_EDGE('',*,*,#4981,.F.);
#3224=ORIENTED_EDGE('',*,*,#4982,.T.);
#3225=ORIENTED_EDGE('',*,*,#4979,.T.);
#3226=ORIENTED_EDGE('',*,*,#4469,.F.);
#3227=ORIENTED_EDGE('',*,*,#4983,.F.);
#3228=ORIENTED_EDGE('',*,*,#4984,.T.);
#3229=ORIENTED_EDGE('',*,*,#4981,.T.);
#3230=ORIENTED_EDGE('',*,*,#4468,.F.);
#3231=ORIENTED_EDGE('',*,*,#4985,.F.);
#3232=ORIENTED_EDGE('',*,*,#4986,.T.);
#3233=ORIENTED_EDGE('',*,*,#4983,.T.);
#3234=ORIENTED_EDGE('',*,*,#4467,.F.);
#3235=ORIENTED_EDGE('',*,*,#4987,.F.);
#3236=ORIENTED_EDGE('',*,*,#4988,.T.);
#3237=ORIENTED_EDGE('',*,*,#4985,.T.);
#3238=ORIENTED_EDGE('',*,*,#4466,.F.);
#3239=ORIENTED_EDGE('',*,*,#4989,.F.);
#3240=ORIENTED_EDGE('',*,*,#4990,.T.);
#3241=ORIENTED_EDGE('',*,*,#4987,.T.);
#3242=ORIENTED_EDGE('',*,*,#4465,.F.);
#3243=ORIENTED_EDGE('',*,*,#4991,.F.);
#3244=ORIENTED_EDGE('',*,*,#4992,.T.);
#3245=ORIENTED_EDGE('',*,*,#4989,.T.);
#3246=ORIENTED_EDGE('',*,*,#4464,.F.);
#3247=ORIENTED_EDGE('',*,*,#4993,.F.);
#3248=ORIENTED_EDGE('',*,*,#4994,.T.);
#3249=ORIENTED_EDGE('',*,*,#4991,.T.);
#3250=ORIENTED_EDGE('',*,*,#4463,.F.);
#3251=ORIENTED_EDGE('',*,*,#4995,.F.);
#3252=ORIENTED_EDGE('',*,*,#4996,.T.);
#3253=ORIENTED_EDGE('',*,*,#4993,.T.);
#3254=ORIENTED_EDGE('',*,*,#4462,.F.);
#3255=ORIENTED_EDGE('',*,*,#4997,.F.);
#3256=ORIENTED_EDGE('',*,*,#4998,.T.);
#3257=ORIENTED_EDGE('',*,*,#4995,.T.);
#3258=ORIENTED_EDGE('',*,*,#4461,.F.);
#3259=ORIENTED_EDGE('',*,*,#4999,.F.);
#3260=ORIENTED_EDGE('',*,*,#5000,.T.);
#3261=ORIENTED_EDGE('',*,*,#4997,.T.);
#3262=ORIENTED_EDGE('',*,*,#4460,.F.);
#3263=ORIENTED_EDGE('',*,*,#5001,.F.);
#3264=ORIENTED_EDGE('',*,*,#5002,.T.);
#3265=ORIENTED_EDGE('',*,*,#4999,.T.);
#3266=ORIENTED_EDGE('',*,*,#4459,.F.);
#3267=ORIENTED_EDGE('',*,*,#5003,.F.);
#3268=ORIENTED_EDGE('',*,*,#5004,.T.);
#3269=ORIENTED_EDGE('',*,*,#5001,.T.);
#3270=ORIENTED_EDGE('',*,*,#4458,.F.);
#3271=ORIENTED_EDGE('',*,*,#5005,.F.);
#3272=ORIENTED_EDGE('',*,*,#5006,.T.);
#3273=ORIENTED_EDGE('',*,*,#5003,.T.);
#3274=ORIENTED_EDGE('',*,*,#4457,.F.);
#3275=ORIENTED_EDGE('',*,*,#5007,.F.);
#3276=ORIENTED_EDGE('',*,*,#5008,.T.);
#3277=ORIENTED_EDGE('',*,*,#5005,.T.);
#3278=ORIENTED_EDGE('',*,*,#4456,.F.);
#3279=ORIENTED_EDGE('',*,*,#5009,.F.);
#3280=ORIENTED_EDGE('',*,*,#5010,.T.);
#3281=ORIENTED_EDGE('',*,*,#5007,.T.);
#3282=ORIENTED_EDGE('',*,*,#4455,.F.);
#3283=ORIENTED_EDGE('',*,*,#5011,.F.);
#3284=ORIENTED_EDGE('',*,*,#5012,.T.);
#3285=ORIENTED_EDGE('',*,*,#5009,.T.);
#3286=ORIENTED_EDGE('',*,*,#4454,.F.);
#3287=ORIENTED_EDGE('',*,*,#5013,.F.);
#3288=ORIENTED_EDGE('',*,*,#5014,.T.);
#3289=ORIENTED_EDGE('',*,*,#5011,.T.);
#3290=ORIENTED_EDGE('',*,*,#4453,.F.);
#3291=ORIENTED_EDGE('',*,*,#5015,.F.);
#3292=ORIENTED_EDGE('',*,*,#5016,.T.);
#3293=ORIENTED_EDGE('',*,*,#5013,.T.);
#3294=ORIENTED_EDGE('',*,*,#4452,.F.);
#3295=ORIENTED_EDGE('',*,*,#5017,.F.);
#3296=ORIENTED_EDGE('',*,*,#5018,.T.);
#3297=ORIENTED_EDGE('',*,*,#5015,.T.);
#3298=ORIENTED_EDGE('',*,*,#4451,.F.);
#3299=ORIENTED_EDGE('',*,*,#5019,.F.);
#3300=ORIENTED_EDGE('',*,*,#5020,.T.);
#3301=ORIENTED_EDGE('',*,*,#5017,.T.);
#3302=ORIENTED_EDGE('',*,*,#4450,.F.);
#3303=ORIENTED_EDGE('',*,*,#5021,.F.);
#3304=ORIENTED_EDGE('',*,*,#5022,.T.);
#3305=ORIENTED_EDGE('',*,*,#5019,.T.);
#3306=ORIENTED_EDGE('',*,*,#4449,.F.);
#3307=ORIENTED_EDGE('',*,*,#4958,.F.);
#3308=ORIENTED_EDGE('',*,*,#5023,.T.);
#3309=ORIENTED_EDGE('',*,*,#5021,.T.);
#3310=ORIENTED_EDGE('',*,*,#4957,.F.);
#3311=ORIENTED_EDGE('',*,*,#4960,.F.);
#3312=ORIENTED_EDGE('',*,*,#4962,.F.);
#3313=ORIENTED_EDGE('',*,*,#4964,.F.);
#3314=ORIENTED_EDGE('',*,*,#4966,.F.);
#3315=ORIENTED_EDGE('',*,*,#4968,.F.);
#3316=ORIENTED_EDGE('',*,*,#4970,.F.);
#3317=ORIENTED_EDGE('',*,*,#4972,.F.);
#3318=ORIENTED_EDGE('',*,*,#4974,.F.);
#3319=ORIENTED_EDGE('',*,*,#4976,.F.);
#3320=ORIENTED_EDGE('',*,*,#4978,.F.);
#3321=ORIENTED_EDGE('',*,*,#4980,.F.);
#3322=ORIENTED_EDGE('',*,*,#4982,.F.);
#3323=ORIENTED_EDGE('',*,*,#4984,.F.);
#3324=ORIENTED_EDGE('',*,*,#4986,.F.);
#3325=ORIENTED_EDGE('',*,*,#4988,.F.);
#3326=ORIENTED_EDGE('',*,*,#4990,.F.);
#3327=ORIENTED_EDGE('',*,*,#4992,.F.);
#3328=ORIENTED_EDGE('',*,*,#4994,.F.);
#3329=ORIENTED_EDGE('',*,*,#4996,.F.);
#3330=ORIENTED_EDGE('',*,*,#4998,.F.);
#3331=ORIENTED_EDGE('',*,*,#5000,.F.);
#3332=ORIENTED_EDGE('',*,*,#5002,.F.);
#3333=ORIENTED_EDGE('',*,*,#5004,.F.);
#3334=ORIENTED_EDGE('',*,*,#5006,.F.);
#3335=ORIENTED_EDGE('',*,*,#5008,.F.);
#3336=ORIENTED_EDGE('',*,*,#5010,.F.);
#3337=ORIENTED_EDGE('',*,*,#5012,.F.);
#3338=ORIENTED_EDGE('',*,*,#5014,.F.);
#3339=ORIENTED_EDGE('',*,*,#5016,.F.);
#3340=ORIENTED_EDGE('',*,*,#5018,.F.);
#3341=ORIENTED_EDGE('',*,*,#5020,.F.);
#3342=ORIENTED_EDGE('',*,*,#5022,.F.);
#3343=ORIENTED_EDGE('',*,*,#5023,.F.);
#3344=ORIENTED_EDGE('',*,*,#4483,.F.);
#3345=ORIENTED_EDGE('',*,*,#5024,.F.);
#3346=ORIENTED_EDGE('',*,*,#5025,.T.);
#3347=ORIENTED_EDGE('',*,*,#5026,.T.);
#3348=ORIENTED_EDGE('',*,*,#4482,.T.);
#3349=ORIENTED_EDGE('',*,*,#5027,.F.);
#3350=ORIENTED_EDGE('',*,*,#5028,.F.);
#3351=ORIENTED_EDGE('',*,*,#5024,.T.);
#3352=ORIENTED_EDGE('',*,*,#4485,.T.);
#3353=ORIENTED_EDGE('',*,*,#5029,.F.);
#3354=ORIENTED_EDGE('',*,*,#5030,.F.);
#3355=ORIENTED_EDGE('',*,*,#5027,.T.);
#3356=ORIENTED_EDGE('',*,*,#4484,.F.);
#3357=ORIENTED_EDGE('',*,*,#5026,.F.);
#3358=ORIENTED_EDGE('',*,*,#5031,.T.);
#3359=ORIENTED_EDGE('',*,*,#5029,.T.);
#3360=ORIENTED_EDGE('',*,*,#4561,.F.);
#3361=ORIENTED_EDGE('',*,*,#4559,.T.);
#3362=ORIENTED_EDGE('',*,*,#4565,.T.);
#3363=ORIENTED_EDGE('',*,*,#4563,.F.);
#3364=ORIENTED_EDGE('',*,*,#5025,.F.);
#3365=ORIENTED_EDGE('',*,*,#5028,.T.);
#3366=ORIENTED_EDGE('',*,*,#5030,.T.);
#3367=ORIENTED_EDGE('',*,*,#5031,.F.);
#3368=ORIENTED_EDGE('',*,*,#4568,.T.);
#3369=ORIENTED_EDGE('',*,*,#5032,.T.);
#3370=ORIENTED_EDGE('',*,*,#4486,.F.);
#3371=ORIENTED_EDGE('',*,*,#5033,.F.);
#3372=ORIENTED_EDGE('',*,*,#4551,.T.);
#3373=ORIENTED_EDGE('',*,*,#4493,.T.);
#3374=ORIENTED_EDGE('',*,*,#5034,.F.);
#3375=ORIENTED_EDGE('',*,*,#4552,.F.);
#3376=ORIENTED_EDGE('',*,*,#5033,.T.);
#3377=ORIENTED_EDGE('',*,*,#4492,.T.);
#3378=ORIENTED_EDGE('',*,*,#5035,.T.);
#3379=ORIENTED_EDGE('',*,*,#4494,.F.);
#3380=ORIENTED_EDGE('',*,*,#4553,.F.);
#3381=ORIENTED_EDGE('',*,*,#5034,.T.);
#3382=ORIENTED_EDGE('',*,*,#5032,.F.);
#3383=ORIENTED_EDGE('',*,*,#4567,.F.);
#3384=ORIENTED_EDGE('',*,*,#5036,.F.);
#3385=ORIENTED_EDGE('',*,*,#4487,.F.);
#3386=ORIENTED_EDGE('',*,*,#5036,.T.);
#3387=ORIENTED_EDGE('',*,*,#4570,.F.);
#3388=ORIENTED_EDGE('',*,*,#5037,.F.);
#3389=ORIENTED_EDGE('',*,*,#4488,.F.);
#3390=ORIENTED_EDGE('',*,*,#5035,.F.);
#3391=ORIENTED_EDGE('',*,*,#4491,.F.);
#3392=ORIENTED_EDGE('',*,*,#5038,.F.);
#3393=ORIENTED_EDGE('',*,*,#4495,.F.);
#3394=ORIENTED_EDGE('',*,*,#5037,.T.);
#3395=ORIENTED_EDGE('',*,*,#4572,.F.);
#3396=ORIENTED_EDGE('',*,*,#5039,.F.);
#3397=ORIENTED_EDGE('',*,*,#4489,.F.);
#3398=ORIENTED_EDGE('',*,*,#5038,.T.);
#3399=ORIENTED_EDGE('',*,*,#4490,.F.);
#3400=ORIENTED_EDGE('',*,*,#5039,.T.);
#3401=ORIENTED_EDGE('',*,*,#4573,.F.);
#3402=ORIENTED_EDGE('',*,*,#5040,.F.);
#3403=ORIENTED_EDGE('',*,*,#5041,.F.);
#3404=ORIENTED_EDGE('',*,*,#5042,.T.);
#3405=ORIENTED_EDGE('',*,*,#5043,.T.);
#3406=ORIENTED_EDGE('',*,*,#5044,.F.);
#3407=ORIENTED_EDGE('',*,*,#5045,.F.);
#3408=ORIENTED_EDGE('',*,*,#5046,.T.);
#3409=ORIENTED_EDGE('',*,*,#5041,.T.);
#3410=ORIENTED_EDGE('',*,*,#5047,.F.);
#3411=ORIENTED_EDGE('',*,*,#5048,.F.);
#3412=ORIENTED_EDGE('',*,*,#5049,.T.);
#3413=ORIENTED_EDGE('',*,*,#5045,.T.);
#3414=ORIENTED_EDGE('',*,*,#5050,.F.);
#3415=ORIENTED_EDGE('',*,*,#5051,.F.);
#3416=ORIENTED_EDGE('',*,*,#5052,.T.);
#3417=ORIENTED_EDGE('',*,*,#5048,.T.);
#3418=ORIENTED_EDGE('',*,*,#5053,.F.);
#3419=ORIENTED_EDGE('',*,*,#5054,.F.);
#3420=ORIENTED_EDGE('',*,*,#5055,.T.);
#3421=ORIENTED_EDGE('',*,*,#5051,.T.);
#3422=ORIENTED_EDGE('',*,*,#5056,.F.);
#3423=ORIENTED_EDGE('',*,*,#5057,.F.);
#3424=ORIENTED_EDGE('',*,*,#5058,.T.);
#3425=ORIENTED_EDGE('',*,*,#5054,.T.);
#3426=ORIENTED_EDGE('',*,*,#5059,.F.);
#3427=ORIENTED_EDGE('',*,*,#5060,.F.);
#3428=ORIENTED_EDGE('',*,*,#5061,.T.);
#3429=ORIENTED_EDGE('',*,*,#5057,.T.);
#3430=ORIENTED_EDGE('',*,*,#5062,.F.);
#3431=ORIENTED_EDGE('',*,*,#5063,.F.);
#3432=ORIENTED_EDGE('',*,*,#5064,.T.);
#3433=ORIENTED_EDGE('',*,*,#5060,.T.);
#3434=ORIENTED_EDGE('',*,*,#5065,.F.);
#3435=ORIENTED_EDGE('',*,*,#5066,.F.);
#3436=ORIENTED_EDGE('',*,*,#5067,.T.);
#3437=ORIENTED_EDGE('',*,*,#5063,.T.);
#3438=ORIENTED_EDGE('',*,*,#5068,.F.);
#3439=ORIENTED_EDGE('',*,*,#5069,.F.);
#3440=ORIENTED_EDGE('',*,*,#5070,.T.);
#3441=ORIENTED_EDGE('',*,*,#5066,.T.);
#3442=ORIENTED_EDGE('',*,*,#5071,.F.);
#3443=ORIENTED_EDGE('',*,*,#5072,.F.);
#3444=ORIENTED_EDGE('',*,*,#5073,.T.);
#3445=ORIENTED_EDGE('',*,*,#5069,.T.);
#3446=ORIENTED_EDGE('',*,*,#5074,.F.);
#3447=ORIENTED_EDGE('',*,*,#5075,.F.);
#3448=ORIENTED_EDGE('',*,*,#5076,.T.);
#3449=ORIENTED_EDGE('',*,*,#5077,.T.);
#3450=ORIENTED_EDGE('',*,*,#5078,.F.);
#3451=ORIENTED_EDGE('',*,*,#5079,.F.);
#3452=ORIENTED_EDGE('',*,*,#5080,.T.);
#3453=ORIENTED_EDGE('',*,*,#5075,.T.);
#3454=ORIENTED_EDGE('',*,*,#5081,.F.);
#3455=ORIENTED_EDGE('',*,*,#5082,.F.);
#3456=ORIENTED_EDGE('',*,*,#5083,.T.);
#3457=ORIENTED_EDGE('',*,*,#5079,.T.);
#3458=ORIENTED_EDGE('',*,*,#5084,.F.);
#3459=ORIENTED_EDGE('',*,*,#5085,.F.);
#3460=ORIENTED_EDGE('',*,*,#5086,.T.);
#3461=ORIENTED_EDGE('',*,*,#5082,.T.);
#3462=ORIENTED_EDGE('',*,*,#5087,.F.);
#3463=ORIENTED_EDGE('',*,*,#5088,.F.);
#3464=ORIENTED_EDGE('',*,*,#5089,.T.);
#3465=ORIENTED_EDGE('',*,*,#5085,.T.);
#3466=ORIENTED_EDGE('',*,*,#5090,.F.);
#3467=ORIENTED_EDGE('',*,*,#5091,.F.);
#3468=ORIENTED_EDGE('',*,*,#5092,.T.);
#3469=ORIENTED_EDGE('',*,*,#5088,.T.);
#3470=ORIENTED_EDGE('',*,*,#5093,.F.);
#3471=ORIENTED_EDGE('',*,*,#5094,.F.);
#3472=ORIENTED_EDGE('',*,*,#5095,.T.);
#3473=ORIENTED_EDGE('',*,*,#5091,.T.);
#3474=ORIENTED_EDGE('',*,*,#5096,.F.);
#3475=ORIENTED_EDGE('',*,*,#5097,.F.);
#3476=ORIENTED_EDGE('',*,*,#5098,.T.);
#3477=ORIENTED_EDGE('',*,*,#5094,.T.);
#3478=ORIENTED_EDGE('',*,*,#5099,.F.);
#3479=ORIENTED_EDGE('',*,*,#5100,.F.);
#3480=ORIENTED_EDGE('',*,*,#5101,.T.);
#3481=ORIENTED_EDGE('',*,*,#5097,.T.);
#3482=ORIENTED_EDGE('',*,*,#5102,.F.);
#3483=ORIENTED_EDGE('',*,*,#5103,.F.);
#3484=ORIENTED_EDGE('',*,*,#5104,.T.);
#3485=ORIENTED_EDGE('',*,*,#5100,.T.);
#3486=ORIENTED_EDGE('',*,*,#5105,.F.);
#3487=ORIENTED_EDGE('',*,*,#5106,.F.);
#3488=ORIENTED_EDGE('',*,*,#5107,.T.);
#3489=ORIENTED_EDGE('',*,*,#5103,.T.);
#3490=ORIENTED_EDGE('',*,*,#4287,.F.);
#3491=ORIENTED_EDGE('',*,*,#5108,.F.);
#3492=ORIENTED_EDGE('',*,*,#5109,.T.);
#3493=ORIENTED_EDGE('',*,*,#5110,.T.);
#3494=ORIENTED_EDGE('',*,*,#4301,.F.);
#3495=ORIENTED_EDGE('',*,*,#5111,.F.);
#3496=ORIENTED_EDGE('',*,*,#5112,.T.);
#3497=ORIENTED_EDGE('',*,*,#5108,.T.);
#3498=ORIENTED_EDGE('',*,*,#4300,.F.);
#3499=ORIENTED_EDGE('',*,*,#5113,.F.);
#3500=ORIENTED_EDGE('',*,*,#5114,.T.);
#3501=ORIENTED_EDGE('',*,*,#5111,.T.);
#3502=ORIENTED_EDGE('',*,*,#4299,.F.);
#3503=ORIENTED_EDGE('',*,*,#5115,.F.);
#3504=ORIENTED_EDGE('',*,*,#5116,.T.);
#3505=ORIENTED_EDGE('',*,*,#5113,.T.);
#3506=ORIENTED_EDGE('',*,*,#4298,.F.);
#3507=ORIENTED_EDGE('',*,*,#5117,.F.);
#3508=ORIENTED_EDGE('',*,*,#5118,.T.);
#3509=ORIENTED_EDGE('',*,*,#5115,.T.);
#3510=ORIENTED_EDGE('',*,*,#4297,.F.);
#3511=ORIENTED_EDGE('',*,*,#5119,.F.);
#3512=ORIENTED_EDGE('',*,*,#5120,.T.);
#3513=ORIENTED_EDGE('',*,*,#5117,.T.);
#3514=ORIENTED_EDGE('',*,*,#4296,.F.);
#3515=ORIENTED_EDGE('',*,*,#5121,.F.);
#3516=ORIENTED_EDGE('',*,*,#5122,.T.);
#3517=ORIENTED_EDGE('',*,*,#5119,.T.);
#3518=ORIENTED_EDGE('',*,*,#4295,.F.);
#3519=ORIENTED_EDGE('',*,*,#5123,.F.);
#3520=ORIENTED_EDGE('',*,*,#5124,.T.);
#3521=ORIENTED_EDGE('',*,*,#5121,.T.);
#3522=ORIENTED_EDGE('',*,*,#4294,.F.);
#3523=ORIENTED_EDGE('',*,*,#5125,.F.);
#3524=ORIENTED_EDGE('',*,*,#5126,.T.);
#3525=ORIENTED_EDGE('',*,*,#5123,.T.);
#3526=ORIENTED_EDGE('',*,*,#4293,.F.);
#3527=ORIENTED_EDGE('',*,*,#5127,.F.);
#3528=ORIENTED_EDGE('',*,*,#5128,.T.);
#3529=ORIENTED_EDGE('',*,*,#5125,.T.);
#3530=ORIENTED_EDGE('',*,*,#4292,.F.);
#3531=ORIENTED_EDGE('',*,*,#5129,.F.);
#3532=ORIENTED_EDGE('',*,*,#5130,.T.);
#3533=ORIENTED_EDGE('',*,*,#5127,.T.);
#3534=ORIENTED_EDGE('',*,*,#4291,.F.);
#3535=ORIENTED_EDGE('',*,*,#5131,.F.);
#3536=ORIENTED_EDGE('',*,*,#5132,.T.);
#3537=ORIENTED_EDGE('',*,*,#5129,.T.);
#3538=ORIENTED_EDGE('',*,*,#4290,.F.);
#3539=ORIENTED_EDGE('',*,*,#5133,.F.);
#3540=ORIENTED_EDGE('',*,*,#5134,.T.);
#3541=ORIENTED_EDGE('',*,*,#5131,.T.);
#3542=ORIENTED_EDGE('',*,*,#4289,.F.);
#3543=ORIENTED_EDGE('',*,*,#5135,.F.);
#3544=ORIENTED_EDGE('',*,*,#5136,.T.);
#3545=ORIENTED_EDGE('',*,*,#5133,.T.);
#3546=ORIENTED_EDGE('',*,*,#5137,.F.);
#3547=ORIENTED_EDGE('',*,*,#5077,.F.);
#3548=ORIENTED_EDGE('',*,*,#5138,.T.);
#3549=ORIENTED_EDGE('',*,*,#5106,.T.);
#3550=ORIENTED_EDGE('',*,*,#4288,.F.);
#3551=ORIENTED_EDGE('',*,*,#5110,.F.);
#3552=ORIENTED_EDGE('',*,*,#5139,.T.);
#3553=ORIENTED_EDGE('',*,*,#5135,.T.);
#3554=ORIENTED_EDGE('',*,*,#5140,.F.);
#3555=ORIENTED_EDGE('',*,*,#5043,.F.);
#3556=ORIENTED_EDGE('',*,*,#5141,.T.);
#3557=ORIENTED_EDGE('',*,*,#5072,.T.);
#3558=ORIENTED_EDGE('',*,*,#5109,.F.);
#3559=ORIENTED_EDGE('',*,*,#5112,.F.);
#3560=ORIENTED_EDGE('',*,*,#5114,.F.);
#3561=ORIENTED_EDGE('',*,*,#5116,.F.);
#3562=ORIENTED_EDGE('',*,*,#5118,.F.);
#3563=ORIENTED_EDGE('',*,*,#5120,.F.);
#3564=ORIENTED_EDGE('',*,*,#5122,.F.);
#3565=ORIENTED_EDGE('',*,*,#5124,.F.);
#3566=ORIENTED_EDGE('',*,*,#5126,.F.);
#3567=ORIENTED_EDGE('',*,*,#5128,.F.);
#3568=ORIENTED_EDGE('',*,*,#5130,.F.);
#3569=ORIENTED_EDGE('',*,*,#5132,.F.);
#3570=ORIENTED_EDGE('',*,*,#5134,.F.);
#3571=ORIENTED_EDGE('',*,*,#5136,.F.);
#3572=ORIENTED_EDGE('',*,*,#5139,.F.);
#3573=ORIENTED_EDGE('',*,*,#5076,.F.);
#3574=ORIENTED_EDGE('',*,*,#5080,.F.);
#3575=ORIENTED_EDGE('',*,*,#5083,.F.);
#3576=ORIENTED_EDGE('',*,*,#5086,.F.);
#3577=ORIENTED_EDGE('',*,*,#5089,.F.);
#3578=ORIENTED_EDGE('',*,*,#5092,.F.);
#3579=ORIENTED_EDGE('',*,*,#5095,.F.);
#3580=ORIENTED_EDGE('',*,*,#5098,.F.);
#3581=ORIENTED_EDGE('',*,*,#5101,.F.);
#3582=ORIENTED_EDGE('',*,*,#5104,.F.);
#3583=ORIENTED_EDGE('',*,*,#5107,.F.);
#3584=ORIENTED_EDGE('',*,*,#5138,.F.);
#3585=ORIENTED_EDGE('',*,*,#5042,.F.);
#3586=ORIENTED_EDGE('',*,*,#5046,.F.);
#3587=ORIENTED_EDGE('',*,*,#5049,.F.);
#3588=ORIENTED_EDGE('',*,*,#5052,.F.);
#3589=ORIENTED_EDGE('',*,*,#5055,.F.);
#3590=ORIENTED_EDGE('',*,*,#5058,.F.);
#3591=ORIENTED_EDGE('',*,*,#5061,.F.);
#3592=ORIENTED_EDGE('',*,*,#5064,.F.);
#3593=ORIENTED_EDGE('',*,*,#5067,.F.);
#3594=ORIENTED_EDGE('',*,*,#5070,.F.);
#3595=ORIENTED_EDGE('',*,*,#5073,.F.);
#3596=ORIENTED_EDGE('',*,*,#5141,.F.);
#3597=ORIENTED_EDGE('',*,*,#5040,.T.);
#3598=ORIENTED_EDGE('',*,*,#5140,.T.);
#3599=ORIENTED_EDGE('',*,*,#5071,.T.);
#3600=ORIENTED_EDGE('',*,*,#5068,.T.);
#3601=ORIENTED_EDGE('',*,*,#5065,.T.);
#3602=ORIENTED_EDGE('',*,*,#5062,.T.);
#3603=ORIENTED_EDGE('',*,*,#5059,.T.);
#3604=ORIENTED_EDGE('',*,*,#5056,.T.);
#3605=ORIENTED_EDGE('',*,*,#5053,.T.);
#3606=ORIENTED_EDGE('',*,*,#5050,.T.);
#3607=ORIENTED_EDGE('',*,*,#5047,.T.);
#3608=ORIENTED_EDGE('',*,*,#5044,.T.);
#3609=ORIENTED_EDGE('',*,*,#5074,.T.);
#3610=ORIENTED_EDGE('',*,*,#5137,.T.);
#3611=ORIENTED_EDGE('',*,*,#5105,.T.);
#3612=ORIENTED_EDGE('',*,*,#5102,.T.);
#3613=ORIENTED_EDGE('',*,*,#5099,.T.);
#3614=ORIENTED_EDGE('',*,*,#5096,.T.);
#3615=ORIENTED_EDGE('',*,*,#5093,.T.);
#3616=ORIENTED_EDGE('',*,*,#5090,.T.);
#3617=ORIENTED_EDGE('',*,*,#5087,.T.);
#3618=ORIENTED_EDGE('',*,*,#5084,.T.);
#3619=ORIENTED_EDGE('',*,*,#5081,.T.);
#3620=ORIENTED_EDGE('',*,*,#5078,.T.);
#3621=ORIENTED_EDGE('',*,*,#4269,.F.);
#3622=ORIENTED_EDGE('',*,*,#5142,.F.);
#3623=ORIENTED_EDGE('',*,*,#5143,.T.);
#3624=ORIENTED_EDGE('',*,*,#5144,.T.);
#3625=ORIENTED_EDGE('',*,*,#4286,.F.);
#3626=ORIENTED_EDGE('',*,*,#5145,.F.);
#3627=ORIENTED_EDGE('',*,*,#5146,.T.);
#3628=ORIENTED_EDGE('',*,*,#5142,.T.);
#3629=ORIENTED_EDGE('',*,*,#4285,.F.);
#3630=ORIENTED_EDGE('',*,*,#5147,.F.);
#3631=ORIENTED_EDGE('',*,*,#5148,.T.);
#3632=ORIENTED_EDGE('',*,*,#5145,.T.);
#3633=ORIENTED_EDGE('',*,*,#4284,.F.);
#3634=ORIENTED_EDGE('',*,*,#5149,.F.);
#3635=ORIENTED_EDGE('',*,*,#5150,.T.);
#3636=ORIENTED_EDGE('',*,*,#5147,.T.);
#3637=ORIENTED_EDGE('',*,*,#4283,.F.);
#3638=ORIENTED_EDGE('',*,*,#5151,.F.);
#3639=ORIENTED_EDGE('',*,*,#5152,.T.);
#3640=ORIENTED_EDGE('',*,*,#5149,.T.);
#3641=ORIENTED_EDGE('',*,*,#4282,.F.);
#3642=ORIENTED_EDGE('',*,*,#5153,.F.);
#3643=ORIENTED_EDGE('',*,*,#5154,.T.);
#3644=ORIENTED_EDGE('',*,*,#5151,.T.);
#3645=ORIENTED_EDGE('',*,*,#4281,.F.);
#3646=ORIENTED_EDGE('',*,*,#5155,.F.);
#3647=ORIENTED_EDGE('',*,*,#5156,.T.);
#3648=ORIENTED_EDGE('',*,*,#5153,.T.);
#3649=ORIENTED_EDGE('',*,*,#4280,.F.);
#3650=ORIENTED_EDGE('',*,*,#5157,.F.);
#3651=ORIENTED_EDGE('',*,*,#5158,.T.);
#3652=ORIENTED_EDGE('',*,*,#5155,.T.);
#3653=ORIENTED_EDGE('',*,*,#4279,.F.);
#3654=ORIENTED_EDGE('',*,*,#5159,.F.);
#3655=ORIENTED_EDGE('',*,*,#5160,.T.);
#3656=ORIENTED_EDGE('',*,*,#5157,.T.);
#3657=ORIENTED_EDGE('',*,*,#4278,.F.);
#3658=ORIENTED_EDGE('',*,*,#5161,.F.);
#3659=ORIENTED_EDGE('',*,*,#5162,.T.);
#3660=ORIENTED_EDGE('',*,*,#5159,.T.);
#3661=ORIENTED_EDGE('',*,*,#4277,.F.);
#3662=ORIENTED_EDGE('',*,*,#5163,.F.);
#3663=ORIENTED_EDGE('',*,*,#5164,.T.);
#3664=ORIENTED_EDGE('',*,*,#5161,.T.);
#3665=ORIENTED_EDGE('',*,*,#4276,.F.);
#3666=ORIENTED_EDGE('',*,*,#5165,.F.);
#3667=ORIENTED_EDGE('',*,*,#5166,.T.);
#3668=ORIENTED_EDGE('',*,*,#5163,.T.);
#3669=ORIENTED_EDGE('',*,*,#4275,.F.);
#3670=ORIENTED_EDGE('',*,*,#5167,.F.);
#3671=ORIENTED_EDGE('',*,*,#5168,.T.);
#3672=ORIENTED_EDGE('',*,*,#5165,.T.);
#3673=ORIENTED_EDGE('',*,*,#4274,.F.);
#3674=ORIENTED_EDGE('',*,*,#5169,.F.);
#3675=ORIENTED_EDGE('',*,*,#5170,.T.);
#3676=ORIENTED_EDGE('',*,*,#5167,.T.);
#3677=ORIENTED_EDGE('',*,*,#4273,.F.);
#3678=ORIENTED_EDGE('',*,*,#5171,.F.);
#3679=ORIENTED_EDGE('',*,*,#5172,.T.);
#3680=ORIENTED_EDGE('',*,*,#5169,.T.);
#3681=ORIENTED_EDGE('',*,*,#4272,.F.);
#3682=ORIENTED_EDGE('',*,*,#5173,.F.);
#3683=ORIENTED_EDGE('',*,*,#5174,.T.);
#3684=ORIENTED_EDGE('',*,*,#5171,.T.);
#3685=ORIENTED_EDGE('',*,*,#4271,.F.);
#3686=ORIENTED_EDGE('',*,*,#5175,.F.);
#3687=ORIENTED_EDGE('',*,*,#5176,.T.);
#3688=ORIENTED_EDGE('',*,*,#5173,.T.);
#3689=ORIENTED_EDGE('',*,*,#4270,.F.);
#3690=ORIENTED_EDGE('',*,*,#5144,.F.);
#3691=ORIENTED_EDGE('',*,*,#5177,.T.);
#3692=ORIENTED_EDGE('',*,*,#5175,.T.);
#3693=ORIENTED_EDGE('',*,*,#5143,.F.);
#3694=ORIENTED_EDGE('',*,*,#5146,.F.);
#3695=ORIENTED_EDGE('',*,*,#5148,.F.);
#3696=ORIENTED_EDGE('',*,*,#5150,.F.);
#3697=ORIENTED_EDGE('',*,*,#5152,.F.);
#3698=ORIENTED_EDGE('',*,*,#5154,.F.);
#3699=ORIENTED_EDGE('',*,*,#5156,.F.);
#3700=ORIENTED_EDGE('',*,*,#5158,.F.);
#3701=ORIENTED_EDGE('',*,*,#5160,.F.);
#3702=ORIENTED_EDGE('',*,*,#5162,.F.);
#3703=ORIENTED_EDGE('',*,*,#5164,.F.);
#3704=ORIENTED_EDGE('',*,*,#5166,.F.);
#3705=ORIENTED_EDGE('',*,*,#5168,.F.);
#3706=ORIENTED_EDGE('',*,*,#5170,.F.);
#3707=ORIENTED_EDGE('',*,*,#5172,.F.);
#3708=ORIENTED_EDGE('',*,*,#5174,.F.);
#3709=ORIENTED_EDGE('',*,*,#5176,.F.);
#3710=ORIENTED_EDGE('',*,*,#5177,.F.);
#3711=ORIENTED_EDGE('',*,*,#4263,.F.);
#3712=ORIENTED_EDGE('',*,*,#5178,.F.);
#3713=ORIENTED_EDGE('',*,*,#5179,.T.);
#3714=ORIENTED_EDGE('',*,*,#5180,.T.);
#3715=ORIENTED_EDGE('',*,*,#4268,.F.);
#3716=ORIENTED_EDGE('',*,*,#5181,.F.);
#3717=ORIENTED_EDGE('',*,*,#5182,.T.);
#3718=ORIENTED_EDGE('',*,*,#5178,.T.);
#3719=ORIENTED_EDGE('',*,*,#4267,.F.);
#3720=ORIENTED_EDGE('',*,*,#5183,.F.);
#3721=ORIENTED_EDGE('',*,*,#5184,.T.);
#3722=ORIENTED_EDGE('',*,*,#5181,.T.);
#3723=ORIENTED_EDGE('',*,*,#4266,.F.);
#3724=ORIENTED_EDGE('',*,*,#5185,.F.);
#3725=ORIENTED_EDGE('',*,*,#5186,.T.);
#3726=ORIENTED_EDGE('',*,*,#5183,.T.);
#3727=ORIENTED_EDGE('',*,*,#4265,.F.);
#3728=ORIENTED_EDGE('',*,*,#5187,.F.);
#3729=ORIENTED_EDGE('',*,*,#5188,.T.);
#3730=ORIENTED_EDGE('',*,*,#5185,.T.);
#3731=ORIENTED_EDGE('',*,*,#4264,.F.);
#3732=ORIENTED_EDGE('',*,*,#5180,.F.);
#3733=ORIENTED_EDGE('',*,*,#5189,.T.);
#3734=ORIENTED_EDGE('',*,*,#5187,.T.);
#3735=ORIENTED_EDGE('',*,*,#5179,.F.);
#3736=ORIENTED_EDGE('',*,*,#5182,.F.);
#3737=ORIENTED_EDGE('',*,*,#5184,.F.);
#3738=ORIENTED_EDGE('',*,*,#5186,.F.);
#3739=ORIENTED_EDGE('',*,*,#5188,.F.);
#3740=ORIENTED_EDGE('',*,*,#5189,.F.);
#3741=ORIENTED_EDGE('',*,*,#4245,.F.);
#3742=ORIENTED_EDGE('',*,*,#5190,.F.);
#3743=ORIENTED_EDGE('',*,*,#5191,.T.);
#3744=ORIENTED_EDGE('',*,*,#5192,.T.);
#3745=ORIENTED_EDGE('',*,*,#4262,.F.);
#3746=ORIENTED_EDGE('',*,*,#5193,.F.);
#3747=ORIENTED_EDGE('',*,*,#5194,.T.);
#3748=ORIENTED_EDGE('',*,*,#5190,.T.);
#3749=ORIENTED_EDGE('',*,*,#4261,.F.);
#3750=ORIENTED_EDGE('',*,*,#5195,.F.);
#3751=ORIENTED_EDGE('',*,*,#5196,.T.);
#3752=ORIENTED_EDGE('',*,*,#5193,.T.);
#3753=ORIENTED_EDGE('',*,*,#4260,.F.);
#3754=ORIENTED_EDGE('',*,*,#5197,.F.);
#3755=ORIENTED_EDGE('',*,*,#5198,.T.);
#3756=ORIENTED_EDGE('',*,*,#5195,.T.);
#3757=ORIENTED_EDGE('',*,*,#4259,.F.);
#3758=ORIENTED_EDGE('',*,*,#5199,.F.);
#3759=ORIENTED_EDGE('',*,*,#5200,.T.);
#3760=ORIENTED_EDGE('',*,*,#5197,.T.);
#3761=ORIENTED_EDGE('',*,*,#4258,.F.);
#3762=ORIENTED_EDGE('',*,*,#5201,.F.);
#3763=ORIENTED_EDGE('',*,*,#5202,.T.);
#3764=ORIENTED_EDGE('',*,*,#5199,.T.);
#3765=ORIENTED_EDGE('',*,*,#4257,.F.);
#3766=ORIENTED_EDGE('',*,*,#5203,.F.);
#3767=ORIENTED_EDGE('',*,*,#5204,.T.);
#3768=ORIENTED_EDGE('',*,*,#5201,.T.);
#3769=ORIENTED_EDGE('',*,*,#4256,.F.);
#3770=ORIENTED_EDGE('',*,*,#5205,.F.);
#3771=ORIENTED_EDGE('',*,*,#5206,.T.);
#3772=ORIENTED_EDGE('',*,*,#5203,.T.);
#3773=ORIENTED_EDGE('',*,*,#4255,.F.);
#3774=ORIENTED_EDGE('',*,*,#5207,.F.);
#3775=ORIENTED_EDGE('',*,*,#5208,.T.);
#3776=ORIENTED_EDGE('',*,*,#5205,.T.);
#3777=ORIENTED_EDGE('',*,*,#4254,.F.);
#3778=ORIENTED_EDGE('',*,*,#5209,.F.);
#3779=ORIENTED_EDGE('',*,*,#5210,.T.);
#3780=ORIENTED_EDGE('',*,*,#5207,.T.);
#3781=ORIENTED_EDGE('',*,*,#4253,.F.);
#3782=ORIENTED_EDGE('',*,*,#5211,.F.);
#3783=ORIENTED_EDGE('',*,*,#5212,.T.);
#3784=ORIENTED_EDGE('',*,*,#5209,.T.);
#3785=ORIENTED_EDGE('',*,*,#4252,.F.);
#3786=ORIENTED_EDGE('',*,*,#5213,.F.);
#3787=ORIENTED_EDGE('',*,*,#5214,.T.);
#3788=ORIENTED_EDGE('',*,*,#5211,.T.);
#3789=ORIENTED_EDGE('',*,*,#4251,.F.);
#3790=ORIENTED_EDGE('',*,*,#5215,.F.);
#3791=ORIENTED_EDGE('',*,*,#5216,.T.);
#3792=ORIENTED_EDGE('',*,*,#5213,.T.);
#3793=ORIENTED_EDGE('',*,*,#4250,.F.);
#3794=ORIENTED_EDGE('',*,*,#5217,.F.);
#3795=ORIENTED_EDGE('',*,*,#5218,.T.);
#3796=ORIENTED_EDGE('',*,*,#5215,.T.);
#3797=ORIENTED_EDGE('',*,*,#4249,.F.);
#3798=ORIENTED_EDGE('',*,*,#5219,.F.);
#3799=ORIENTED_EDGE('',*,*,#5220,.T.);
#3800=ORIENTED_EDGE('',*,*,#5217,.T.);
#3801=ORIENTED_EDGE('',*,*,#4248,.F.);
#3802=ORIENTED_EDGE('',*,*,#5221,.F.);
#3803=ORIENTED_EDGE('',*,*,#5222,.T.);
#3804=ORIENTED_EDGE('',*,*,#5219,.T.);
#3805=ORIENTED_EDGE('',*,*,#4247,.F.);
#3806=ORIENTED_EDGE('',*,*,#5223,.F.);
#3807=ORIENTED_EDGE('',*,*,#5224,.T.);
#3808=ORIENTED_EDGE('',*,*,#5221,.T.);
#3809=ORIENTED_EDGE('',*,*,#4246,.F.);
#3810=ORIENTED_EDGE('',*,*,#5192,.F.);
#3811=ORIENTED_EDGE('',*,*,#5225,.T.);
#3812=ORIENTED_EDGE('',*,*,#5223,.T.);
#3813=ORIENTED_EDGE('',*,*,#5191,.F.);
#3814=ORIENTED_EDGE('',*,*,#5194,.F.);
#3815=ORIENTED_EDGE('',*,*,#5196,.F.);
#3816=ORIENTED_EDGE('',*,*,#5198,.F.);
#3817=ORIENTED_EDGE('',*,*,#5200,.F.);
#3818=ORIENTED_EDGE('',*,*,#5202,.F.);
#3819=ORIENTED_EDGE('',*,*,#5204,.F.);
#3820=ORIENTED_EDGE('',*,*,#5206,.F.);
#3821=ORIENTED_EDGE('',*,*,#5208,.F.);
#3822=ORIENTED_EDGE('',*,*,#5210,.F.);
#3823=ORIENTED_EDGE('',*,*,#5212,.F.);
#3824=ORIENTED_EDGE('',*,*,#5214,.F.);
#3825=ORIENTED_EDGE('',*,*,#5216,.F.);
#3826=ORIENTED_EDGE('',*,*,#5218,.F.);
#3827=ORIENTED_EDGE('',*,*,#5220,.F.);
#3828=ORIENTED_EDGE('',*,*,#5222,.F.);
#3829=ORIENTED_EDGE('',*,*,#5224,.F.);
#3830=ORIENTED_EDGE('',*,*,#5225,.F.);
#3831=ORIENTED_EDGE('',*,*,#4230,.F.);
#3832=ORIENTED_EDGE('',*,*,#5226,.F.);
#3833=ORIENTED_EDGE('',*,*,#5227,.T.);
#3834=ORIENTED_EDGE('',*,*,#5228,.T.);
#3835=ORIENTED_EDGE('',*,*,#4244,.F.);
#3836=ORIENTED_EDGE('',*,*,#5229,.F.);
#3837=ORIENTED_EDGE('',*,*,#5230,.T.);
#3838=ORIENTED_EDGE('',*,*,#5226,.T.);
#3839=ORIENTED_EDGE('',*,*,#4243,.F.);
#3840=ORIENTED_EDGE('',*,*,#5231,.F.);
#3841=ORIENTED_EDGE('',*,*,#5232,.T.);
#3842=ORIENTED_EDGE('',*,*,#5229,.T.);
#3843=ORIENTED_EDGE('',*,*,#4242,.F.);
#3844=ORIENTED_EDGE('',*,*,#5233,.F.);
#3845=ORIENTED_EDGE('',*,*,#5234,.T.);
#3846=ORIENTED_EDGE('',*,*,#5231,.T.);
#3847=ORIENTED_EDGE('',*,*,#4241,.F.);
#3848=ORIENTED_EDGE('',*,*,#5235,.F.);
#3849=ORIENTED_EDGE('',*,*,#5236,.T.);
#3850=ORIENTED_EDGE('',*,*,#5233,.T.);
#3851=ORIENTED_EDGE('',*,*,#4240,.F.);
#3852=ORIENTED_EDGE('',*,*,#5237,.F.);
#3853=ORIENTED_EDGE('',*,*,#5238,.T.);
#3854=ORIENTED_EDGE('',*,*,#5235,.T.);
#3855=ORIENTED_EDGE('',*,*,#4239,.F.);
#3856=ORIENTED_EDGE('',*,*,#5239,.F.);
#3857=ORIENTED_EDGE('',*,*,#5240,.T.);
#3858=ORIENTED_EDGE('',*,*,#5237,.T.);
#3859=ORIENTED_EDGE('',*,*,#4238,.F.);
#3860=ORIENTED_EDGE('',*,*,#5241,.F.);
#3861=ORIENTED_EDGE('',*,*,#5242,.T.);
#3862=ORIENTED_EDGE('',*,*,#5239,.T.);
#3863=ORIENTED_EDGE('',*,*,#4237,.F.);
#3864=ORIENTED_EDGE('',*,*,#5243,.F.);
#3865=ORIENTED_EDGE('',*,*,#5244,.T.);
#3866=ORIENTED_EDGE('',*,*,#5241,.T.);
#3867=ORIENTED_EDGE('',*,*,#4236,.F.);
#3868=ORIENTED_EDGE('',*,*,#5245,.F.);
#3869=ORIENTED_EDGE('',*,*,#5246,.T.);
#3870=ORIENTED_EDGE('',*,*,#5243,.T.);
#3871=ORIENTED_EDGE('',*,*,#4235,.F.);
#3872=ORIENTED_EDGE('',*,*,#5247,.F.);
#3873=ORIENTED_EDGE('',*,*,#5248,.T.);
#3874=ORIENTED_EDGE('',*,*,#5245,.T.);
#3875=ORIENTED_EDGE('',*,*,#4234,.F.);
#3876=ORIENTED_EDGE('',*,*,#5249,.F.);
#3877=ORIENTED_EDGE('',*,*,#5250,.T.);
#3878=ORIENTED_EDGE('',*,*,#5247,.T.);
#3879=ORIENTED_EDGE('',*,*,#4233,.F.);
#3880=ORIENTED_EDGE('',*,*,#5251,.F.);
#3881=ORIENTED_EDGE('',*,*,#5252,.T.);
#3882=ORIENTED_EDGE('',*,*,#5249,.T.);
#3883=ORIENTED_EDGE('',*,*,#4232,.F.);
#3884=ORIENTED_EDGE('',*,*,#5253,.F.);
#3885=ORIENTED_EDGE('',*,*,#5254,.T.);
#3886=ORIENTED_EDGE('',*,*,#5251,.T.);
#3887=ORIENTED_EDGE('',*,*,#4231,.F.);
#3888=ORIENTED_EDGE('',*,*,#5228,.F.);
#3889=ORIENTED_EDGE('',*,*,#5255,.T.);
#3890=ORIENTED_EDGE('',*,*,#5253,.T.);
#3891=ORIENTED_EDGE('',*,*,#5227,.F.);
#3892=ORIENTED_EDGE('',*,*,#5230,.F.);
#3893=ORIENTED_EDGE('',*,*,#5232,.F.);
#3894=ORIENTED_EDGE('',*,*,#5234,.F.);
#3895=ORIENTED_EDGE('',*,*,#5236,.F.);
#3896=ORIENTED_EDGE('',*,*,#5238,.F.);
#3897=ORIENTED_EDGE('',*,*,#5240,.F.);
#3898=ORIENTED_EDGE('',*,*,#5242,.F.);
#3899=ORIENTED_EDGE('',*,*,#5244,.F.);
#3900=ORIENTED_EDGE('',*,*,#5246,.F.);
#3901=ORIENTED_EDGE('',*,*,#5248,.F.);
#3902=ORIENTED_EDGE('',*,*,#5250,.F.);
#3903=ORIENTED_EDGE('',*,*,#5252,.F.);
#3904=ORIENTED_EDGE('',*,*,#5254,.F.);
#3905=ORIENTED_EDGE('',*,*,#5255,.F.);
#3906=ORIENTED_EDGE('',*,*,#4212,.F.);
#3907=ORIENTED_EDGE('',*,*,#5256,.F.);
#3908=ORIENTED_EDGE('',*,*,#5257,.T.);
#3909=ORIENTED_EDGE('',*,*,#5258,.T.);
#3910=ORIENTED_EDGE('',*,*,#4229,.F.);
#3911=ORIENTED_EDGE('',*,*,#5259,.F.);
#3912=ORIENTED_EDGE('',*,*,#5260,.T.);
#3913=ORIENTED_EDGE('',*,*,#5256,.T.);
#3914=ORIENTED_EDGE('',*,*,#4228,.F.);
#3915=ORIENTED_EDGE('',*,*,#5261,.F.);
#3916=ORIENTED_EDGE('',*,*,#5262,.T.);
#3917=ORIENTED_EDGE('',*,*,#5259,.T.);
#3918=ORIENTED_EDGE('',*,*,#4227,.F.);
#3919=ORIENTED_EDGE('',*,*,#5263,.F.);
#3920=ORIENTED_EDGE('',*,*,#5264,.T.);
#3921=ORIENTED_EDGE('',*,*,#5261,.T.);
#3922=ORIENTED_EDGE('',*,*,#4226,.F.);
#3923=ORIENTED_EDGE('',*,*,#5265,.F.);
#3924=ORIENTED_EDGE('',*,*,#5266,.T.);
#3925=ORIENTED_EDGE('',*,*,#5263,.T.);
#3926=ORIENTED_EDGE('',*,*,#4225,.F.);
#3927=ORIENTED_EDGE('',*,*,#5267,.F.);
#3928=ORIENTED_EDGE('',*,*,#5268,.T.);
#3929=ORIENTED_EDGE('',*,*,#5265,.T.);
#3930=ORIENTED_EDGE('',*,*,#4224,.F.);
#3931=ORIENTED_EDGE('',*,*,#5269,.F.);
#3932=ORIENTED_EDGE('',*,*,#5270,.T.);
#3933=ORIENTED_EDGE('',*,*,#5267,.T.);
#3934=ORIENTED_EDGE('',*,*,#4223,.F.);
#3935=ORIENTED_EDGE('',*,*,#5271,.F.);
#3936=ORIENTED_EDGE('',*,*,#5272,.T.);
#3937=ORIENTED_EDGE('',*,*,#5269,.T.);
#3938=ORIENTED_EDGE('',*,*,#4222,.F.);
#3939=ORIENTED_EDGE('',*,*,#5273,.F.);
#3940=ORIENTED_EDGE('',*,*,#5274,.T.);
#3941=ORIENTED_EDGE('',*,*,#5271,.T.);
#3942=ORIENTED_EDGE('',*,*,#4221,.F.);
#3943=ORIENTED_EDGE('',*,*,#5275,.F.);
#3944=ORIENTED_EDGE('',*,*,#5276,.T.);
#3945=ORIENTED_EDGE('',*,*,#5273,.T.);
#3946=ORIENTED_EDGE('',*,*,#4220,.F.);
#3947=ORIENTED_EDGE('',*,*,#5277,.F.);
#3948=ORIENTED_EDGE('',*,*,#5278,.T.);
#3949=ORIENTED_EDGE('',*,*,#5275,.T.);
#3950=ORIENTED_EDGE('',*,*,#4219,.F.);
#3951=ORIENTED_EDGE('',*,*,#5279,.F.);
#3952=ORIENTED_EDGE('',*,*,#5280,.T.);
#3953=ORIENTED_EDGE('',*,*,#5277,.T.);
#3954=ORIENTED_EDGE('',*,*,#4218,.F.);
#3955=ORIENTED_EDGE('',*,*,#5281,.F.);
#3956=ORIENTED_EDGE('',*,*,#5282,.T.);
#3957=ORIENTED_EDGE('',*,*,#5279,.T.);
#3958=ORIENTED_EDGE('',*,*,#4217,.F.);
#3959=ORIENTED_EDGE('',*,*,#5283,.F.);
#3960=ORIENTED_EDGE('',*,*,#5284,.T.);
#3961=ORIENTED_EDGE('',*,*,#5281,.T.);
#3962=ORIENTED_EDGE('',*,*,#4216,.F.);
#3963=ORIENTED_EDGE('',*,*,#5285,.F.);
#3964=ORIENTED_EDGE('',*,*,#5286,.T.);
#3965=ORIENTED_EDGE('',*,*,#5283,.T.);
#3966=ORIENTED_EDGE('',*,*,#4215,.F.);
#3967=ORIENTED_EDGE('',*,*,#5287,.F.);
#3968=ORIENTED_EDGE('',*,*,#5288,.T.);
#3969=ORIENTED_EDGE('',*,*,#5285,.T.);
#3970=ORIENTED_EDGE('',*,*,#4214,.F.);
#3971=ORIENTED_EDGE('',*,*,#5289,.F.);
#3972=ORIENTED_EDGE('',*,*,#5290,.T.);
#3973=ORIENTED_EDGE('',*,*,#5287,.T.);
#3974=ORIENTED_EDGE('',*,*,#4213,.F.);
#3975=ORIENTED_EDGE('',*,*,#5258,.F.);
#3976=ORIENTED_EDGE('',*,*,#5291,.T.);
#3977=ORIENTED_EDGE('',*,*,#5289,.T.);
#3978=ORIENTED_EDGE('',*,*,#5257,.F.);
#3979=ORIENTED_EDGE('',*,*,#5260,.F.);
#3980=ORIENTED_EDGE('',*,*,#5262,.F.);
#3981=ORIENTED_EDGE('',*,*,#5264,.F.);
#3982=ORIENTED_EDGE('',*,*,#5266,.F.);
#3983=ORIENTED_EDGE('',*,*,#5268,.F.);
#3984=ORIENTED_EDGE('',*,*,#5270,.F.);
#3985=ORIENTED_EDGE('',*,*,#5272,.F.);
#3986=ORIENTED_EDGE('',*,*,#5274,.F.);
#3987=ORIENTED_EDGE('',*,*,#5276,.F.);
#3988=ORIENTED_EDGE('',*,*,#5278,.F.);
#3989=ORIENTED_EDGE('',*,*,#5280,.F.);
#3990=ORIENTED_EDGE('',*,*,#5282,.F.);
#3991=ORIENTED_EDGE('',*,*,#5284,.F.);
#3992=ORIENTED_EDGE('',*,*,#5286,.F.);
#3993=ORIENTED_EDGE('',*,*,#5288,.F.);
#3994=ORIENTED_EDGE('',*,*,#5290,.F.);
#3995=ORIENTED_EDGE('',*,*,#5291,.F.);
#3996=ORIENTED_EDGE('',*,*,#5292,.F.);
#3997=ORIENTED_EDGE('',*,*,#5293,.F.);
#3998=ORIENTED_EDGE('',*,*,#5294,.T.);
#3999=ORIENTED_EDGE('',*,*,#5295,.T.);
#4000=ORIENTED_EDGE('',*,*,#5296,.F.);
#4001=ORIENTED_EDGE('',*,*,#5297,.F.);
#4002=ORIENTED_EDGE('',*,*,#5298,.T.);
#4003=ORIENTED_EDGE('',*,*,#5293,.T.);
#4004=ORIENTED_EDGE('',*,*,#5299,.F.);
#4005=ORIENTED_EDGE('',*,*,#5300,.F.);
#4006=ORIENTED_EDGE('',*,*,#5301,.T.);
#4007=ORIENTED_EDGE('',*,*,#5297,.T.);
#4008=ORIENTED_EDGE('',*,*,#5302,.F.);
#4009=ORIENTED_EDGE('',*,*,#5303,.F.);
#4010=ORIENTED_EDGE('',*,*,#5304,.T.);
#4011=ORIENTED_EDGE('',*,*,#5300,.T.);
#4012=ORIENTED_EDGE('',*,*,#5305,.F.);
#4013=ORIENTED_EDGE('',*,*,#5306,.F.);
#4014=ORIENTED_EDGE('',*,*,#5307,.T.);
#4015=ORIENTED_EDGE('',*,*,#5303,.T.);
#4016=ORIENTED_EDGE('',*,*,#5308,.F.);
#4017=ORIENTED_EDGE('',*,*,#5309,.F.);
#4018=ORIENTED_EDGE('',*,*,#5310,.T.);
#4019=ORIENTED_EDGE('',*,*,#5306,.T.);
#4020=ORIENTED_EDGE('',*,*,#5311,.F.);
#4021=ORIENTED_EDGE('',*,*,#5312,.F.);
#4022=ORIENTED_EDGE('',*,*,#5313,.T.);
#4023=ORIENTED_EDGE('',*,*,#5309,.T.);
#4024=ORIENTED_EDGE('',*,*,#4198,.F.);
#4025=ORIENTED_EDGE('',*,*,#5314,.F.);
#4026=ORIENTED_EDGE('',*,*,#5315,.T.);
#4027=ORIENTED_EDGE('',*,*,#5316,.T.);
#4028=ORIENTED_EDGE('',*,*,#4211,.F.);
#4029=ORIENTED_EDGE('',*,*,#5317,.F.);
#4030=ORIENTED_EDGE('',*,*,#5318,.T.);
#4031=ORIENTED_EDGE('',*,*,#5314,.T.);
#4032=ORIENTED_EDGE('',*,*,#4210,.F.);
#4033=ORIENTED_EDGE('',*,*,#5319,.F.);
#4034=ORIENTED_EDGE('',*,*,#5320,.T.);
#4035=ORIENTED_EDGE('',*,*,#5317,.T.);
#4036=ORIENTED_EDGE('',*,*,#4209,.F.);
#4037=ORIENTED_EDGE('',*,*,#5321,.F.);
#4038=ORIENTED_EDGE('',*,*,#5322,.T.);
#4039=ORIENTED_EDGE('',*,*,#5319,.T.);
#4040=ORIENTED_EDGE('',*,*,#4208,.F.);
#4041=ORIENTED_EDGE('',*,*,#5323,.F.);
#4042=ORIENTED_EDGE('',*,*,#5324,.T.);
#4043=ORIENTED_EDGE('',*,*,#5321,.T.);
#4044=ORIENTED_EDGE('',*,*,#4207,.F.);
#4045=ORIENTED_EDGE('',*,*,#5325,.F.);
#4046=ORIENTED_EDGE('',*,*,#5326,.T.);
#4047=ORIENTED_EDGE('',*,*,#5323,.T.);
#4048=ORIENTED_EDGE('',*,*,#4206,.F.);
#4049=ORIENTED_EDGE('',*,*,#5327,.F.);
#4050=ORIENTED_EDGE('',*,*,#5328,.T.);
#4051=ORIENTED_EDGE('',*,*,#5325,.T.);
#4052=ORIENTED_EDGE('',*,*,#4205,.F.);
#4053=ORIENTED_EDGE('',*,*,#5329,.F.);
#4054=ORIENTED_EDGE('',*,*,#5330,.T.);
#4055=ORIENTED_EDGE('',*,*,#5327,.T.);
#4056=ORIENTED_EDGE('',*,*,#4204,.F.);
#4057=ORIENTED_EDGE('',*,*,#5331,.F.);
#4058=ORIENTED_EDGE('',*,*,#5332,.T.);
#4059=ORIENTED_EDGE('',*,*,#5329,.T.);
#4060=ORIENTED_EDGE('',*,*,#4203,.F.);
#4061=ORIENTED_EDGE('',*,*,#5333,.F.);
#4062=ORIENTED_EDGE('',*,*,#5334,.T.);
#4063=ORIENTED_EDGE('',*,*,#5331,.T.);
#4064=ORIENTED_EDGE('',*,*,#4202,.F.);
#4065=ORIENTED_EDGE('',*,*,#5335,.F.);
#4066=ORIENTED_EDGE('',*,*,#5336,.T.);
#4067=ORIENTED_EDGE('',*,*,#5333,.T.);
#4068=ORIENTED_EDGE('',*,*,#4201,.F.);
#4069=ORIENTED_EDGE('',*,*,#5337,.F.);
#4070=ORIENTED_EDGE('',*,*,#5338,.T.);
#4071=ORIENTED_EDGE('',*,*,#5335,.T.);
#4072=ORIENTED_EDGE('',*,*,#4200,.F.);
#4073=ORIENTED_EDGE('',*,*,#5339,.F.);
#4074=ORIENTED_EDGE('',*,*,#5340,.T.);
#4075=ORIENTED_EDGE('',*,*,#5337,.T.);
#4076=ORIENTED_EDGE('',*,*,#4199,.F.);
#4077=ORIENTED_EDGE('',*,*,#5316,.F.);
#4078=ORIENTED_EDGE('',*,*,#5341,.T.);
#4079=ORIENTED_EDGE('',*,*,#5339,.T.);
#4080=ORIENTED_EDGE('',*,*,#5342,.F.);
#4081=ORIENTED_EDGE('',*,*,#5295,.F.);
#4082=ORIENTED_EDGE('',*,*,#5343,.T.);
#4083=ORIENTED_EDGE('',*,*,#5312,.T.);
#4084=ORIENTED_EDGE('',*,*,#5315,.F.);
#4085=ORIENTED_EDGE('',*,*,#5318,.F.);
#4086=ORIENTED_EDGE('',*,*,#5320,.F.);
#4087=ORIENTED_EDGE('',*,*,#5322,.F.);
#4088=ORIENTED_EDGE('',*,*,#5324,.F.);
#4089=ORIENTED_EDGE('',*,*,#5326,.F.);
#4090=ORIENTED_EDGE('',*,*,#5328,.F.);
#4091=ORIENTED_EDGE('',*,*,#5330,.F.);
#4092=ORIENTED_EDGE('',*,*,#5332,.F.);
#4093=ORIENTED_EDGE('',*,*,#5334,.F.);
#4094=ORIENTED_EDGE('',*,*,#5336,.F.);
#4095=ORIENTED_EDGE('',*,*,#5338,.F.);
#4096=ORIENTED_EDGE('',*,*,#5340,.F.);
#4097=ORIENTED_EDGE('',*,*,#5341,.F.);
#4098=ORIENTED_EDGE('',*,*,#5294,.F.);
#4099=ORIENTED_EDGE('',*,*,#5298,.F.);
#4100=ORIENTED_EDGE('',*,*,#5301,.F.);
#4101=ORIENTED_EDGE('',*,*,#5304,.F.);
#4102=ORIENTED_EDGE('',*,*,#5307,.F.);
#4103=ORIENTED_EDGE('',*,*,#5310,.F.);
#4104=ORIENTED_EDGE('',*,*,#5313,.F.);
#4105=ORIENTED_EDGE('',*,*,#5343,.F.);
#4106=ORIENTED_EDGE('',*,*,#5292,.T.);
#4107=ORIENTED_EDGE('',*,*,#5342,.T.);
#4108=ORIENTED_EDGE('',*,*,#5311,.T.);
#4109=ORIENTED_EDGE('',*,*,#5308,.T.);
#4110=ORIENTED_EDGE('',*,*,#5305,.T.);
#4111=ORIENTED_EDGE('',*,*,#5302,.T.);
#4112=ORIENTED_EDGE('',*,*,#5299,.T.);
#4113=ORIENTED_EDGE('',*,*,#5296,.T.);
#4114=ORIENTED_EDGE('',*,*,#4186,.F.);
#4115=ORIENTED_EDGE('',*,*,#5344,.F.);
#4116=ORIENTED_EDGE('',*,*,#5345,.T.);
#4117=ORIENTED_EDGE('',*,*,#5346,.T.);
#4118=ORIENTED_EDGE('',*,*,#4197,.F.);
#4119=ORIENTED_EDGE('',*,*,#5347,.F.);
#4120=ORIENTED_EDGE('',*,*,#5348,.T.);
#4121=ORIENTED_EDGE('',*,*,#5344,.T.);
#4122=ORIENTED_EDGE('',*,*,#4196,.F.);
#4123=ORIENTED_EDGE('',*,*,#5349,.F.);
#4124=ORIENTED_EDGE('',*,*,#5350,.T.);
#4125=ORIENTED_EDGE('',*,*,#5347,.T.);
#4126=ORIENTED_EDGE('',*,*,#4195,.F.);
#4127=ORIENTED_EDGE('',*,*,#5351,.F.);
#4128=ORIENTED_EDGE('',*,*,#5352,.T.);
#4129=ORIENTED_EDGE('',*,*,#5349,.T.);
#4130=ORIENTED_EDGE('',*,*,#4194,.F.);
#4131=ORIENTED_EDGE('',*,*,#5353,.F.);
#4132=ORIENTED_EDGE('',*,*,#5354,.T.);
#4133=ORIENTED_EDGE('',*,*,#5351,.T.);
#4134=ORIENTED_EDGE('',*,*,#4193,.F.);
#4135=ORIENTED_EDGE('',*,*,#5355,.F.);
#4136=ORIENTED_EDGE('',*,*,#5356,.T.);
#4137=ORIENTED_EDGE('',*,*,#5353,.T.);
#4138=ORIENTED_EDGE('',*,*,#4192,.F.);
#4139=ORIENTED_EDGE('',*,*,#5357,.F.);
#4140=ORIENTED_EDGE('',*,*,#5358,.T.);
#4141=ORIENTED_EDGE('',*,*,#5355,.T.);
#4142=ORIENTED_EDGE('',*,*,#4191,.F.);
#4143=ORIENTED_EDGE('',*,*,#5359,.F.);
#4144=ORIENTED_EDGE('',*,*,#5360,.T.);
#4145=ORIENTED_EDGE('',*,*,#5357,.T.);
#4146=ORIENTED_EDGE('',*,*,#4190,.F.);
#4147=ORIENTED_EDGE('',*,*,#5361,.F.);
#4148=ORIENTED_EDGE('',*,*,#5362,.T.);
#4149=ORIENTED_EDGE('',*,*,#5359,.T.);
#4150=ORIENTED_EDGE('',*,*,#4189,.F.);
#4151=ORIENTED_EDGE('',*,*,#5363,.F.);
#4152=ORIENTED_EDGE('',*,*,#5364,.T.);
#4153=ORIENTED_EDGE('',*,*,#5361,.T.);
#4154=ORIENTED_EDGE('',*,*,#4188,.F.);
#4155=ORIENTED_EDGE('',*,*,#5365,.F.);
#4156=ORIENTED_EDGE('',*,*,#5366,.T.);
#4157=ORIENTED_EDGE('',*,*,#5363,.T.);
#4158=ORIENTED_EDGE('',*,*,#4187,.F.);
#4159=ORIENTED_EDGE('',*,*,#5346,.F.);
#4160=ORIENTED_EDGE('',*,*,#5367,.T.);
#4161=ORIENTED_EDGE('',*,*,#5365,.T.);
#4162=ORIENTED_EDGE('',*,*,#5345,.F.);
#4163=ORIENTED_EDGE('',*,*,#5348,.F.);
#4164=ORIENTED_EDGE('',*,*,#5350,.F.);
#4165=ORIENTED_EDGE('',*,*,#5352,.F.);
#4166=ORIENTED_EDGE('',*,*,#5354,.F.);
#4167=ORIENTED_EDGE('',*,*,#5356,.F.);
#4168=ORIENTED_EDGE('',*,*,#5358,.F.);
#4169=ORIENTED_EDGE('',*,*,#5360,.F.);
#4170=ORIENTED_EDGE('',*,*,#5362,.F.);
#4171=ORIENTED_EDGE('',*,*,#5364,.F.);
#4172=ORIENTED_EDGE('',*,*,#5366,.F.);
#4173=ORIENTED_EDGE('',*,*,#5367,.F.);
#4174=ORIENTED_EDGE('',*,*,#4182,.F.);
#4175=ORIENTED_EDGE('',*,*,#4617,.F.);
#4176=ORIENTED_EDGE('',*,*,#4183,.F.);
#4177=ORIENTED_EDGE('',*,*,#4616,.F.);
#4178=ORIENTED_EDGE('',*,*,#4184,.F.);
#4179=ORIENTED_EDGE('',*,*,#4615,.F.);
#4180=ORIENTED_EDGE('',*,*,#4185,.F.);
#4181=ORIENTED_EDGE('',*,*,#4606,.F.);
#4182=EDGE_CURVE('',#5368,#5368,#6162,.F.);
#4183=EDGE_CURVE('',#5369,#5369,#6163,.F.);
#4184=EDGE_CURVE('',#5370,#5370,#6164,.F.);
#4185=EDGE_CURVE('',#5371,#5371,#6165,.F.);
#4186=EDGE_CURVE('',#5372,#5373,#286,.T.);
#4187=EDGE_CURVE('',#5373,#5374,#287,.T.);
#4188=EDGE_CURVE('',#5374,#5375,#288,.T.);
#4189=EDGE_CURVE('',#5375,#5376,#289,.T.);
#4190=EDGE_CURVE('',#5376,#5377,#290,.T.);
#4191=EDGE_CURVE('',#5377,#5378,#291,.T.);
#4192=EDGE_CURVE('',#5378,#5379,#292,.T.);
#4193=EDGE_CURVE('',#5379,#5380,#293,.T.);
#4194=EDGE_CURVE('',#5380,#5381,#294,.T.);
#4195=EDGE_CURVE('',#5381,#5382,#295,.T.);
#4196=EDGE_CURVE('',#5382,#5383,#296,.T.);
#4197=EDGE_CURVE('',#5383,#5372,#297,.T.);
#4198=EDGE_CURVE('',#5384,#5385,#298,.T.);
#4199=EDGE_CURVE('',#5385,#5386,#6166,.T.);
#4200=EDGE_CURVE('',#5386,#5387,#6167,.T.);
#4201=EDGE_CURVE('',#5387,#5388,#6168,.T.);
#4202=EDGE_CURVE('',#5388,#5389,#299,.T.);
#4203=EDGE_CURVE('',#5389,#5390,#6169,.T.);
#4204=EDGE_CURVE('',#5390,#5391,#6170,.T.);
#4205=EDGE_CURVE('',#5391,#5392,#6171,.T.);
#4206=EDGE_CURVE('',#5392,#5393,#300,.T.);
#4207=EDGE_CURVE('',#5393,#5394,#301,.T.);
#4208=EDGE_CURVE('',#5394,#5395,#302,.T.);
#4209=EDGE_CURVE('',#5395,#5396,#303,.T.);
#4210=EDGE_CURVE('',#5396,#5397,#304,.T.);
#4211=EDGE_CURVE('',#5397,#5384,#305,.T.);
#4212=EDGE_CURVE('',#5398,#5399,#6172,.T.);
#4213=EDGE_CURVE('',#5399,#5400,#6173,.T.);
#4214=EDGE_CURVE('',#5400,#5401,#6174,.T.);
#4215=EDGE_CURVE('',#5401,#5402,#306,.T.);
#4216=EDGE_CURVE('',#5402,#5403,#6175,.T.);
#4217=EDGE_CURVE('',#5403,#5404,#6176,.T.);
#4218=EDGE_CURVE('',#5404,#5405,#6177,.T.);
#4219=EDGE_CURVE('',#5405,#5406,#307,.T.);
#4220=EDGE_CURVE('',#5406,#5407,#308,.T.);
#4221=EDGE_CURVE('',#5407,#5408,#309,.T.);
#4222=EDGE_CURVE('',#5408,#5409,#6178,.F.);
#4223=EDGE_CURVE('',#5409,#5410,#6179,.F.);
#4224=EDGE_CURVE('',#5410,#5411,#310,.T.);
#4225=EDGE_CURVE('',#5411,#5412,#6180,.F.);
#4226=EDGE_CURVE('',#5412,#5413,#6181,.F.);
#4227=EDGE_CURVE('',#5413,#5414,#311,.T.);
#4228=EDGE_CURVE('',#5414,#5415,#312,.T.);
#4229=EDGE_CURVE('',#5415,#5398,#313,.T.);
#4230=EDGE_CURVE('',#5416,#5417,#314,.T.);
#4231=EDGE_CURVE('',#5417,#5418,#315,.T.);
#4232=EDGE_CURVE('',#5418,#5419,#316,.T.);
#4233=EDGE_CURVE('',#5419,#5420,#317,.T.);
#4234=EDGE_CURVE('',#5420,#5421,#318,.T.);
#4235=EDGE_CURVE('',#5421,#5422,#319,.T.);
#4236=EDGE_CURVE('',#5422,#5423,#320,.T.);
#4237=EDGE_CURVE('',#5423,#5424,#321,.T.);
#4238=EDGE_CURVE('',#5424,#5425,#322,.T.);
#4239=EDGE_CURVE('',#5425,#5426,#323,.T.);
#4240=EDGE_CURVE('',#5426,#5427,#324,.T.);
#4241=EDGE_CURVE('',#5427,#5428,#325,.T.);
#4242=EDGE_CURVE('',#5428,#5429,#326,.T.);
#4243=EDGE_CURVE('',#5429,#5430,#327,.T.);
#4244=EDGE_CURVE('',#5430,#5416,#328,.T.);
#4245=EDGE_CURVE('',#5431,#5432,#6182,.T.);
#4246=EDGE_CURVE('',#5432,#5433,#6183,.T.);
#4247=EDGE_CURVE('',#5433,#5434,#6184,.T.);
#4248=EDGE_CURVE('',#5434,#5435,#329,.T.);
#4249=EDGE_CURVE('',#5435,#5436,#6185,.T.);
#4250=EDGE_CURVE('',#5436,#5437,#6186,.T.);
#4251=EDGE_CURVE('',#5437,#5438,#6187,.T.);
#4252=EDGE_CURVE('',#5438,#5439,#330,.T.);
#4253=EDGE_CURVE('',#5439,#5440,#331,.T.);
#4254=EDGE_CURVE('',#5440,#5441,#332,.T.);
#4255=EDGE_CURVE('',#5441,#5442,#6188,.F.);
#4256=EDGE_CURVE('',#5442,#5443,#6189,.F.);
#4257=EDGE_CURVE('',#5443,#5444,#333,.T.);
#4258=EDGE_CURVE('',#5444,#5445,#6190,.F.);
#4259=EDGE_CURVE('',#5445,#5446,#6191,.F.);
#4260=EDGE_CURVE('',#5446,#5447,#334,.T.);
#4261=EDGE_CURVE('',#5447,#5448,#335,.T.);
#4262=EDGE_CURVE('',#5448,#5431,#336,.T.);
#4263=EDGE_CURVE('',#5449,#5450,#337,.T.);
#4264=EDGE_CURVE('',#5450,#5451,#338,.T.);
#4265=EDGE_CURVE('',#5451,#5452,#339,.T.);
#4266=EDGE_CURVE('',#5452,#5453,#340,.T.);
#4267=EDGE_CURVE('',#5453,#5454,#341,.T.);
#4268=EDGE_CURVE('',#5454,#5449,#342,.T.);
#4269=EDGE_CURVE('',#5455,#5456,#6192,.T.);
#4270=EDGE_CURVE('',#5456,#5457,#6193,.T.);
#4271=EDGE_CURVE('',#5457,#5458,#6194,.T.);
#4272=EDGE_CURVE('',#5458,#5459,#343,.T.);
#4273=EDGE_CURVE('',#5459,#5460,#344,.T.);
#4274=EDGE_CURVE('',#5460,#5461,#345,.T.);
#4275=EDGE_CURVE('',#5461,#5462,#6195,.F.);
#4276=EDGE_CURVE('',#5462,#5463,#6196,.F.);
#4277=EDGE_CURVE('',#5463,#5464,#346,.T.);
#4278=EDGE_CURVE('',#5464,#5465,#6197,.F.);
#4279=EDGE_CURVE('',#5465,#5466,#6198,.F.);
#4280=EDGE_CURVE('',#5466,#5467,#347,.T.);
#4281=EDGE_CURVE('',#5467,#5468,#348,.T.);
#4282=EDGE_CURVE('',#5468,#5469,#349,.T.);
#4283=EDGE_CURVE('',#5469,#5470,#6199,.T.);
#4284=EDGE_CURVE('',#5470,#5471,#6200,.T.);
#4285=EDGE_CURVE('',#5471,#5472,#6201,.T.);
#4286=EDGE_CURVE('',#5472,#5455,#350,.T.);
#4287=EDGE_CURVE('',#5473,#5474,#351,.T.);
#4288=EDGE_CURVE('',#5474,#5475,#352,.T.);
#4289=EDGE_CURVE('',#5475,#5476,#6202,.T.);
#4290=EDGE_CURVE('',#5476,#5477,#6203,.T.);
#4291=EDGE_CURVE('',#5477,#5478,#6204,.T.);
#4292=EDGE_CURVE('',#5478,#5479,#353,.T.);
#4293=EDGE_CURVE('',#5479,#5480,#6205,.T.);
#4294=EDGE_CURVE('',#5480,#5481,#6206,.T.);
#4295=EDGE_CURVE('',#5481,#5482,#6207,.T.);
#4296=EDGE_CURVE('',#5482,#5483,#6208,.T.);
#4297=EDGE_CURVE('',#5483,#5484,#354,.T.);
#4298=EDGE_CURVE('',#5484,#5485,#6209,.T.);
#4299=EDGE_CURVE('',#5485,#5486,#6210,.T.);
#4300=EDGE_CURVE('',#5486,#5487,#6211,.T.);
#4301=EDGE_CURVE('',#5487,#5473,#355,.T.);
#4302=EDGE_CURVE('',#5488,#5489,#356,.T.);
#4303=EDGE_CURVE('',#5488,#5490,#357,.T.);
#4304=EDGE_CURVE('',#5490,#5491,#358,.T.);
#4305=EDGE_CURVE('',#5489,#5491,#359,.T.);
#4306=EDGE_CURVE('',#5492,#5493,#6212,.T.);
#4307=EDGE_CURVE('',#5492,#5494,#360,.T.);
#4308=EDGE_CURVE('',#5495,#5494,#6213,.T.);
#4309=EDGE_CURVE('',#5495,#5493,#361,.T.);
#4310=EDGE_CURVE('',#5496,#5497,#6214,.T.);
#4311=EDGE_CURVE('',#5496,#5498,#362,.T.);
#4312=EDGE_CURVE('',#5499,#5498,#6215,.T.);
#4313=EDGE_CURVE('',#5499,#5497,#363,.T.);
#4314=EDGE_CURVE('',#5500,#5501,#364,.T.);
#4315=EDGE_CURVE('',#5500,#5502,#365,.T.);
#4316=EDGE_CURVE('',#5502,#5503,#366,.T.);
#4317=EDGE_CURVE('',#5501,#5503,#367,.T.);
#4318=EDGE_CURVE('',#5504,#5505,#368,.T.);
#4319=EDGE_CURVE('',#5504,#5506,#369,.T.);
#4320=EDGE_CURVE('',#5506,#5507,#370,.T.);
#4321=EDGE_CURVE('',#5505,#5507,#371,.T.);
#4322=EDGE_CURVE('',#5508,#5509,#372,.T.);
#4323=EDGE_CURVE('',#5508,#5510,#373,.T.);
#4324=EDGE_CURVE('',#5510,#5511,#374,.T.);
#4325=EDGE_CURVE('',#5509,#5511,#375,.T.);
#4326=EDGE_CURVE('',#5512,#5513,#376,.T.);
#4327=EDGE_CURVE('',#5512,#5514,#377,.T.);
#4328=EDGE_CURVE('',#5514,#5515,#378,.T.);
#4329=EDGE_CURVE('',#5513,#5515,#379,.T.);
#4330=EDGE_CURVE('',#5516,#5517,#380,.T.);
#4331=EDGE_CURVE('',#5516,#5518,#381,.T.);
#4332=EDGE_CURVE('',#5518,#5519,#382,.T.);
#4333=EDGE_CURVE('',#5517,#5519,#383,.T.);
#4334=EDGE_CURVE('',#5520,#5521,#384,.T.);
#4335=EDGE_CURVE('',#5520,#5522,#385,.T.);
#4336=EDGE_CURVE('',#5522,#5523,#386,.T.);
#4337=EDGE_CURVE('',#5521,#5523,#387,.T.);
#4338=EDGE_CURVE('',#5524,#5525,#388,.T.);
#4339=EDGE_CURVE('',#5524,#5526,#389,.T.);
#4340=EDGE_CURVE('',#5526,#5527,#390,.T.);
#4341=EDGE_CURVE('',#5525,#5527,#391,.T.);
#4342=EDGE_CURVE('',#5528,#5529,#392,.T.);
#4343=EDGE_CURVE('',#5528,#5530,#393,.T.);
#4344=EDGE_CURVE('',#5530,#5531,#394,.T.);
#4345=EDGE_CURVE('',#5529,#5531,#395,.T.);
#4346=EDGE_CURVE('',#5532,#5532,#6216,.T.);
#4347=EDGE_CURVE('',#5533,#5534,#232,.T.);
#4348=EDGE_CURVE('',#5534,#5535,#233,.T.);
#4349=EDGE_CURVE('',#5535,#5536,#396,.T.);
#4350=EDGE_CURVE('',#5536,#5537,#6217,.T.);
#4351=EDGE_CURVE('',#5537,#5538,#6218,.T.);
#4352=EDGE_CURVE('',#5538,#5539,#6219,.T.);
#4353=EDGE_CURVE('',#5539,#5540,#6220,.T.);
#4354=EDGE_CURVE('',#5540,#5541,#6221,.T.);
#4355=EDGE_CURVE('',#5541,#5542,#397,.T.);
#4356=EDGE_CURVE('',#5542,#5543,#398,.T.);
#4357=EDGE_CURVE('',#5543,#5544,#399,.T.);
#4358=EDGE_CURVE('',#5544,#5545,#400,.T.);
#4359=EDGE_CURVE('',#5545,#5546,#401,.T.);
#4360=EDGE_CURVE('',#5546,#5547,#6222,.T.);
#4361=EDGE_CURVE('',#5547,#5533,#6223,.T.);
#4362=EDGE_CURVE('',#5548,#5549,#6224,.T.);
#4363=EDGE_CURVE('',#5549,#5550,#6225,.T.);
#4364=EDGE_CURVE('',#5550,#5551,#6226,.T.);
#4365=EDGE_CURVE('',#5551,#5552,#234,.T.);
#4366=EDGE_CURVE('',#5552,#5553,#6227,.T.);
#4367=EDGE_CURVE('',#5553,#5554,#6228,.T.);
#4368=EDGE_CURVE('',#5554,#5555,#6229,.T.);
#4369=EDGE_CURVE('',#5555,#5556,#402,.T.);
#4370=EDGE_CURVE('',#5556,#5557,#6230,.F.);
#4371=EDGE_CURVE('',#5557,#5558,#6231,.F.);
#4372=EDGE_CURVE('',#5558,#5559,#6232,.F.);
#4373=EDGE_CURVE('',#5559,#5560,#6233,.F.);
#4374=EDGE_CURVE('',#5560,#5561,#6234,.F.);
#4375=EDGE_CURVE('',#5561,#5562,#6235,.F.);
#4376=EDGE_CURVE('',#5562,#5563,#403,.T.);
#4377=EDGE_CURVE('',#5563,#5564,#404,.T.);
#4378=EDGE_CURVE('',#5564,#5565,#235,.T.);
#4379=EDGE_CURVE('',#5565,#5566,#236,.T.);
#4380=EDGE_CURVE('',#5566,#5567,#237,.T.);
#4381=EDGE_CURVE('',#5567,#5568,#238,.T.);
#4382=EDGE_CURVE('',#5568,#5569,#405,.T.);
#4383=EDGE_CURVE('',#5569,#5570,#6236,.F.);
#4384=EDGE_CURVE('',#5570,#5571,#6237,.F.);
#4385=EDGE_CURVE('',#5571,#5572,#406,.T.);
#4386=EDGE_CURVE('',#5572,#5573,#407,.T.);
#4387=EDGE_CURVE('',#5573,#5574,#408,.T.);
#4388=EDGE_CURVE('',#5574,#5575,#6238,.F.);
#4389=EDGE_CURVE('',#5575,#5576,#6239,.T.);
#4390=EDGE_CURVE('',#5576,#5548,#6240,.T.);
#4391=EDGE_CURVE('',#5577,#5578,#409,.T.);
#4392=EDGE_CURVE('',#5578,#5579,#410,.T.);
#4393=EDGE_CURVE('',#5579,#5580,#239,.T.);
#4394=EDGE_CURVE('',#5580,#5581,#6241,.T.);
#4395=EDGE_CURVE('',#5581,#5582,#240,.T.);
#4396=EDGE_CURVE('',#5582,#5583,#241,.T.);
#4397=EDGE_CURVE('',#5583,#5584,#6242,.T.);
#4398=EDGE_CURVE('',#5584,#5585,#6243,.T.);
#4399=EDGE_CURVE('',#5585,#5586,#411,.T.);
#4400=EDGE_CURVE('',#5586,#5587,#412,.T.);
#4401=EDGE_CURVE('',#5587,#5577,#413,.T.);
#4402=EDGE_CURVE('',#5588,#5589,#414,.T.);
#4403=EDGE_CURVE('',#5589,#5590,#415,.T.);
#4404=EDGE_CURVE('',#5590,#5591,#416,.T.);
#4405=EDGE_CURVE('',#5591,#5588,#417,.T.);
#4406=EDGE_CURVE('',#5592,#5593,#6244,.T.);
#4407=EDGE_CURVE('',#5593,#5594,#6245,.T.);
#4408=EDGE_CURVE('',#5594,#5595,#242,.T.);
#4409=EDGE_CURVE('',#5595,#5596,#418,.T.);
#4410=EDGE_CURVE('',#5596,#5597,#243,.T.);
#4411=EDGE_CURVE('',#5597,#5598,#6246,.T.);
#4412=EDGE_CURVE('',#5598,#5599,#6247,.T.);
#4413=EDGE_CURVE('',#5599,#5600,#6248,.T.);
#4414=EDGE_CURVE('',#5600,#5601,#6249,.T.);
#4415=EDGE_CURVE('',#5601,#5602,#244,.T.);
#4416=EDGE_CURVE('',#5602,#5603,#419,.T.);
#4417=EDGE_CURVE('',#5603,#5604,#245,.T.);
#4418=EDGE_CURVE('',#5604,#5605,#6250,.T.);
#4419=EDGE_CURVE('',#5605,#5592,#6251,.T.);
#4420=EDGE_CURVE('',#5606,#5607,#420,.T.);
#4421=EDGE_CURVE('',#5607,#5608,#421,.T.);
#4422=EDGE_CURVE('',#5608,#5609,#422,.T.);
#4423=EDGE_CURVE('',#5609,#5610,#6252,.T.);
#4424=EDGE_CURVE('',#5610,#5611,#6253,.T.);
#4425=EDGE_CURVE('',#5611,#5612,#6254,.T.);
#4426=EDGE_CURVE('',#5612,#5613,#6255,.T.);
#4427=EDGE_CURVE('',#5613,#5614,#6256,.T.);
#4428=EDGE_CURVE('',#5614,#5615,#6257,.T.);
#4429=EDGE_CURVE('',#5615,#5616,#6258,.T.);
#4430=EDGE_CURVE('',#5616,#5617,#6259,.T.);
#4431=EDGE_CURVE('',#5617,#5618,#6260,.T.);
#4432=EDGE_CURVE('',#5618,#5619,#423,.T.);
#4433=EDGE_CURVE('',#5619,#5620,#424,.T.);
#4434=EDGE_CURVE('',#5620,#5621,#425,.T.);
#4435=EDGE_CURVE('',#5621,#5622,#246,.T.);
#4436=EDGE_CURVE('',#5622,#5623,#6261,.F.);
#4437=EDGE_CURVE('',#5623,#5624,#6262,.F.);
#4438=EDGE_CURVE('',#5624,#5625,#6263,.F.);
#4439=EDGE_CURVE('',#5625,#5626,#426,.T.);
#4440=EDGE_CURVE('',#5626,#5627,#427,.T.);
#4441=EDGE_CURVE('',#5627,#5628,#428,.T.);
#4442=EDGE_CURVE('',#5628,#5629,#247,.T.);
#4443=EDGE_CURVE('',#5629,#5630,#6264,.F.);
#4444=EDGE_CURVE('',#5630,#5631,#6265,.F.);
#4445=EDGE_CURVE('',#5631,#5632,#6266,.F.);
#4446=EDGE_CURVE('',#5632,#5633,#429,.T.);
#4447=EDGE_CURVE('',#5633,#5606,#430,.T.);
#4448=EDGE_CURVE('',#5634,#5635,#248,.T.);
#4449=EDGE_CURVE('',#5635,#5636,#6267,.T.);
#4450=EDGE_CURVE('',#5636,#5637,#249,.T.);
#4451=EDGE_CURVE('',#5637,#5638,#431,.T.);
#4452=EDGE_CURVE('',#5638,#5639,#6268,.F.);
#4453=EDGE_CURVE('',#5639,#5640,#250,.T.);
#4454=EDGE_CURVE('',#5640,#5641,#6269,.F.);
#4455=EDGE_CURVE('',#5641,#5642,#251,.T.);
#4456=EDGE_CURVE('',#5642,#5643,#6270,.F.);
#4457=EDGE_CURVE('',#5643,#5644,#6271,.F.);
#4458=EDGE_CURVE('',#5644,#5645,#6272,.F.);
#4459=EDGE_CURVE('',#5645,#5646,#432,.T.);
#4460=EDGE_CURVE('',#5646,#5647,#6273,.T.);
#4461=EDGE_CURVE('',#5647,#5648,#252,.T.);
#4462=EDGE_CURVE('',#5648,#5649,#253,.T.);
#4463=EDGE_CURVE('',#5649,#5650,#254,.T.);
#4464=EDGE_CURVE('',#5650,#5651,#255,.T.);
#4465=EDGE_CURVE('',#5651,#5652,#6274,.T.);
#4466=EDGE_CURVE('',#5652,#5653,#6275,.T.);
#4467=EDGE_CURVE('',#5653,#5654,#6276,.T.);
#4468=EDGE_CURVE('',#5654,#5655,#433,.T.);
#4469=EDGE_CURVE('',#5655,#5656,#6277,.F.);
#4470=EDGE_CURVE('',#5656,#5657,#6278,.F.);
#4471=EDGE_CURVE('',#5657,#5658,#6279,.F.);
#4472=EDGE_CURVE('',#5658,#5659,#6280,.F.);
#4473=EDGE_CURVE('',#5659,#5660,#6281,.F.);
#4474=EDGE_CURVE('',#5660,#5661,#6282,.F.);
#4475=EDGE_CURVE('',#5661,#5662,#6283,.F.);
#4476=EDGE_CURVE('',#5662,#5663,#434,.T.);
#4477=EDGE_CURVE('',#5663,#5664,#6284,.T.);
#4478=EDGE_CURVE('',#5664,#5665,#256,.T.);
#4479=EDGE_CURVE('',#5665,#5666,#6285,.T.);
#4480=EDGE_CURVE('',#5666,#5667,#6286,.T.);
#4481=EDGE_CURVE('',#5667,#5634,#6287,.T.);
#4482=EDGE_CURVE('',#5668,#5669,#435,.T.);
#4483=EDGE_CURVE('',#5668,#5670,#436,.T.);
#4484=EDGE_CURVE('',#5670,#5671,#437,.T.);
#4485=EDGE_CURVE('',#5669,#5671,#438,.T.);
#4486=EDGE_CURVE('',#5672,#5673,#439,.T.);
#4487=EDGE_CURVE('',#5673,#5674,#440,.F.);
#4488=EDGE_CURVE('',#5674,#5675,#441,.F.);
#4489=EDGE_CURVE('',#5675,#5676,#442,.F.);
#4490=EDGE_CURVE('',#5676,#5677,#443,.F.);
#4491=EDGE_CURVE('',#5677,#5678,#444,.F.);
#4492=EDGE_CURVE('',#5679,#5678,#445,.T.);
#4493=EDGE_CURVE('',#5672,#5679,#446,.T.);
#4494=EDGE_CURVE('',#5680,#5681,#447,.T.);
#4495=EDGE_CURVE('',#5681,#5682,#448,.T.);
#4496=EDGE_CURVE('',#5682,#5683,#449,.T.);
#4497=EDGE_CURVE('',#5680,#5683,#450,.T.);
#4498=EDGE_CURVE('',#5684,#5685,#451,.T.);
#4499=EDGE_CURVE('',#5684,#5686,#452,.T.);
#4500=EDGE_CURVE('',#5686,#5687,#453,.T.);
#4501=EDGE_CURVE('',#5685,#5687,#454,.T.);
#4502=EDGE_CURVE('',#5688,#5688,#6288,.T.);
#4503=EDGE_CURVE('',#5689,#5689,#6289,.T.);
#4504=EDGE_CURVE('',#5690,#5690,#6290,.T.);
#4505=EDGE_CURVE('',#5691,#5692,#455,.T.);
#4506=EDGE_CURVE('',#5691,#5693,#6291,.T.);
#4507=EDGE_CURVE('',#5694,#5693,#456,.T.);
#4508=EDGE_CURVE('',#5694,#5692,#6292,.T.);
#4509=EDGE_CURVE('',#5695,#5695,#6293,.T.);
#4510=EDGE_CURVE('',#5696,#5696,#6294,.T.);
#4511=EDGE_CURVE('',#5697,#5698,#457,.T.);
#4512=EDGE_CURVE('',#5697,#5699,#458,.T.);
#4513=EDGE_CURVE('',#5699,#5700,#459,.T.);
#4514=EDGE_CURVE('',#5698,#5700,#460,.T.);
#4515=EDGE_CURVE('',#5701,#5702,#461,.T.);
#4516=EDGE_CURVE('',#5701,#5703,#462,.T.);
#4517=EDGE_CURVE('',#5703,#5704,#463,.T.);
#4518=EDGE_CURVE('',#5702,#5704,#464,.T.);
#4519=EDGE_CURVE('',#5705,#5706,#465,.T.);
#4520=EDGE_CURVE('',#5705,#5707,#466,.T.);
#4521=EDGE_CURVE('',#5707,#5708,#467,.T.);
#4522=EDGE_CURVE('',#5706,#5708,#468,.T.);
#4523=EDGE_CURVE('',#5709,#5710,#469,.T.);
#4524=EDGE_CURVE('',#5709,#5711,#470,.T.);
#4525=EDGE_CURVE('',#5711,#5712,#471,.T.);
#4526=EDGE_CURVE('',#5710,#5712,#472,.T.);
#4527=EDGE_CURVE('',#5713,#5714,#473,.T.);
#4528=EDGE_CURVE('',#5713,#5715,#474,.T.);
#4529=EDGE_CURVE('',#5715,#5716,#475,.T.);
#4530=EDGE_CURVE('',#5714,#5716,#476,.T.);
#4531=EDGE_CURVE('',#5717,#5718,#477,.T.);
#4532=EDGE_CURVE('',#5717,#5719,#478,.T.);
#4533=EDGE_CURVE('',#5719,#5720,#479,.T.);
#4534=EDGE_CURVE('',#5718,#5720,#480,.T.);
#4535=EDGE_CURVE('',#5721,#5722,#481,.T.);
#4536=EDGE_CURVE('',#5721,#5723,#482,.T.);
#4537=EDGE_CURVE('',#5723,#5724,#483,.T.);
#4538=EDGE_CURVE('',#5722,#5724,#484,.T.);
#4539=EDGE_CURVE('',#5725,#5726,#485,.T.);
#4540=EDGE_CURVE('',#5725,#5727,#486,.T.);
#4541=EDGE_CURVE('',#5727,#5728,#487,.T.);
#4542=EDGE_CURVE('',#5726,#5728,#488,.T.);
#4543=EDGE_CURVE('',#5729,#5730,#489,.T.);
#4544=EDGE_CURVE('',#5729,#5731,#490,.T.);
#4545=EDGE_CURVE('',#5731,#5732,#491,.T.);
#4546=EDGE_CURVE('',#5730,#5732,#492,.T.);
#4547=EDGE_CURVE('',#5733,#5734,#493,.T.);
#4548=EDGE_CURVE('',#5733,#5735,#6295,.T.);
#4549=EDGE_CURVE('',#5736,#5735,#494,.T.);
#4550=EDGE_CURVE('',#5736,#5734,#6296,.T.);
#4551=EDGE_CURVE('',#5737,#5738,#495,.T.);
#4552=EDGE_CURVE('',#5737,#5739,#496,.T.);
#4553=EDGE_CURVE('',#5739,#5680,#497,.T.);
#4554=EDGE_CURVE('',#5683,#5740,#498,.T.);
#4555=EDGE_CURVE('',#5740,#5741,#499,.T.);
#4556=EDGE_CURVE('',#5741,#5742,#500,.T.);
#4557=EDGE_CURVE('',#5742,#5738,#501,.T.);
#4558=EDGE_CURVE('',#5714,#5743,#502,.T.);
#4559=EDGE_CURVE('',#5744,#5743,#503,.T.);
#4560=EDGE_CURVE('',#5713,#5744,#504,.T.);
#4561=EDGE_CURVE('',#5744,#5745,#505,.T.);
#4562=EDGE_CURVE('',#5715,#5745,#506,.T.);
#4563=EDGE_CURVE('',#5745,#5746,#507,.T.);
#4564=EDGE_CURVE('',#5716,#5746,#508,.T.);
#4565=EDGE_CURVE('',#5743,#5746,#509,.T.);
#4566=EDGE_CURVE('',#5747,#5742,#510,.T.);
#4567=EDGE_CURVE('',#5747,#5748,#511,.T.);
#4568=EDGE_CURVE('',#5738,#5748,#512,.T.);
#4569=EDGE_CURVE('',#5749,#5741,#513,.T.);
#4570=EDGE_CURVE('',#5749,#5747,#514,.T.);
#4571=EDGE_CURVE('',#5750,#5740,#515,.T.);
#4572=EDGE_CURVE('',#5750,#5749,#516,.T.);
#4573=EDGE_CURVE('',#5682,#5750,#517,.T.);
#4574=EDGE_CURVE('',#5710,#5506,#518,.T.);
#4575=EDGE_CURVE('',#5712,#5507,#519,.T.);
#4576=EDGE_CURVE('',#5711,#5505,#520,.T.);
#4577=EDGE_CURVE('',#5709,#5504,#521,.T.);
#4578=EDGE_CURVE('',#5718,#5510,#522,.T.);
#4579=EDGE_CURVE('',#5720,#5511,#523,.T.);
#4580=EDGE_CURVE('',#5719,#5509,#524,.T.);
#4581=EDGE_CURVE('',#5717,#5508,#525,.T.);
#4582=EDGE_CURVE('',#5706,#5514,#526,.T.);
#4583=EDGE_CURVE('',#5708,#5515,#527,.T.);
#4584=EDGE_CURVE('',#5707,#5513,#528,.T.);
#4585=EDGE_CURVE('',#5705,#5512,#529,.T.);
#4586=EDGE_CURVE('',#5722,#5518,#530,.T.);
#4587=EDGE_CURVE('',#5724,#5519,#531,.T.);
#4588=EDGE_CURVE('',#5723,#5517,#532,.T.);
#4589=EDGE_CURVE('',#5721,#5516,#533,.T.);
#4590=EDGE_CURVE('',#5702,#5522,#534,.T.);
#4591=EDGE_CURVE('',#5704,#5523,#535,.T.);
#4592=EDGE_CURVE('',#5703,#5521,#536,.T.);
#4593=EDGE_CURVE('',#5701,#5520,#537,.T.);
#4594=EDGE_CURVE('',#5726,#5526,#538,.T.);
#4595=EDGE_CURVE('',#5728,#5527,#539,.T.);
#4596=EDGE_CURVE('',#5727,#5525,#540,.T.);
#4597=EDGE_CURVE('',#5725,#5524,#541,.T.);
#4598=EDGE_CURVE('',#5698,#5530,#542,.T.);
#4599=EDGE_CURVE('',#5700,#5531,#543,.T.);
#4600=EDGE_CURVE('',#5699,#5529,#544,.T.);
#4601=EDGE_CURVE('',#5697,#5528,#545,.T.);
#4602=EDGE_CURVE('',#5729,#5500,#546,.T.);
#4603=EDGE_CURVE('',#5730,#5502,#547,.T.);
#4604=EDGE_CURVE('',#5731,#5501,#548,.T.);
#4605=EDGE_CURVE('',#5732,#5503,#549,.T.);
#4606=EDGE_CURVE('',#5751,#5751,#6297,.T.);
#4607=EDGE_CURVE('',#5691,#5496,#550,.T.);
#4608=EDGE_CURVE('',#5692,#5498,#551,.T.);
#4609=EDGE_CURVE('',#5693,#5497,#552,.T.);
#4610=EDGE_CURVE('',#5694,#5499,#553,.T.);
#4611=EDGE_CURVE('',#5733,#5492,#554,.T.);
#4612=EDGE_CURVE('',#5734,#5494,#555,.T.);
#4613=EDGE_CURVE('',#5735,#5493,#556,.T.);
#4614=EDGE_CURVE('',#5736,#5495,#557,.T.);
#4615=EDGE_CURVE('',#5752,#5752,#6298,.T.);
#4616=EDGE_CURVE('',#5753,#5753,#6299,.T.);
#4617=EDGE_CURVE('',#5754,#5754,#6300,.T.);
#4618=EDGE_CURVE('',#5685,#5490,#558,.T.);
#4619=EDGE_CURVE('',#5687,#5491,#559,.T.);
#4620=EDGE_CURVE('',#5686,#5489,#560,.T.);
#4621=EDGE_CURVE('',#5684,#5488,#561,.T.);
#4622=EDGE_CURVE('',#5755,#5756,#6301,.F.);
#4623=EDGE_CURVE('',#5757,#5755,#562,.T.);
#4624=EDGE_CURVE('',#5757,#5758,#6302,.F.);
#4625=EDGE_CURVE('',#5758,#5756,#563,.T.);
#4626=EDGE_CURVE('',#5759,#5755,#6303,.F.);
#4627=EDGE_CURVE('',#5760,#5759,#564,.T.);
#4628=EDGE_CURVE('',#5760,#5757,#6304,.F.);
#4629=EDGE_CURVE('',#5761,#5759,#6305,.F.);
#4630=EDGE_CURVE('',#5762,#5761,#565,.T.);
#4631=EDGE_CURVE('',#5762,#5760,#6306,.F.);
#4632=EDGE_CURVE('',#5763,#5761,#6307,.F.);
#4633=EDGE_CURVE('',#5764,#5763,#566,.T.);
#4634=EDGE_CURVE('',#5764,#5762,#6308,.F.);
#4635=EDGE_CURVE('',#5765,#5763,#567,.T.);
#4636=EDGE_CURVE('',#5766,#5765,#568,.T.);
#4637=EDGE_CURVE('',#5766,#5764,#569,.T.);
#4638=EDGE_CURVE('',#5767,#5765,#6309,.F.);
#4639=EDGE_CURVE('',#5768,#5767,#570,.T.);
#4640=EDGE_CURVE('',#5768,#5766,#6310,.F.);
#4641=EDGE_CURVE('',#5769,#5767,#6311,.F.);
#4642=EDGE_CURVE('',#5770,#5769,#571,.T.);
#4643=EDGE_CURVE('',#5770,#5768,#6312,.F.);
#4644=EDGE_CURVE('',#5771,#5769,#6313,.F.);
#4645=EDGE_CURVE('',#5772,#5771,#572,.T.);
#4646=EDGE_CURVE('',#5772,#5770,#6314,.F.);
#4647=EDGE_CURVE('',#5773,#5771,#6315,.T.);
#4648=EDGE_CURVE('',#5774,#5773,#573,.T.);
#4649=EDGE_CURVE('',#5774,#5772,#6316,.T.);
#4650=EDGE_CURVE('',#5775,#5773,#574,.T.);
#4651=EDGE_CURVE('',#5776,#5775,#575,.T.);
#4652=EDGE_CURVE('',#5776,#5774,#576,.T.);
#4653=EDGE_CURVE('',#5777,#5533,#577,.T.);
#4654=EDGE_CURVE('',#5777,#5778,#257,.T.);
#4655=EDGE_CURVE('',#5778,#5534,#578,.T.);
#4656=EDGE_CURVE('',#5779,#5547,#579,.T.);
#4657=EDGE_CURVE('',#5779,#5777,#6317,.T.);
#4658=EDGE_CURVE('',#5780,#5546,#580,.T.);
#4659=EDGE_CURVE('',#5780,#5779,#6318,.T.);
#4660=EDGE_CURVE('',#5781,#5545,#581,.T.);
#4661=EDGE_CURVE('',#5781,#5780,#582,.T.);
#4662=EDGE_CURVE('',#5782,#5544,#583,.T.);
#4663=EDGE_CURVE('',#5782,#5781,#584,.T.);
#4664=EDGE_CURVE('',#5783,#5543,#585,.T.);
#4665=EDGE_CURVE('',#5783,#5782,#586,.T.);
#4666=EDGE_CURVE('',#5784,#5542,#587,.T.);
#4667=EDGE_CURVE('',#5784,#5783,#588,.T.);
#4668=EDGE_CURVE('',#5785,#5541,#589,.T.);
#4669=EDGE_CURVE('',#5785,#5784,#590,.T.);
#4670=EDGE_CURVE('',#5786,#5540,#591,.T.);
#4671=EDGE_CURVE('',#5786,#5785,#6319,.T.);
#4672=EDGE_CURVE('',#5787,#5539,#592,.T.);
#4673=EDGE_CURVE('',#5787,#5786,#6320,.T.);
#4674=EDGE_CURVE('',#5788,#5538,#593,.T.);
#4675=EDGE_CURVE('',#5788,#5787,#6321,.T.);
#4676=EDGE_CURVE('',#5789,#5537,#594,.T.);
#4677=EDGE_CURVE('',#5789,#5788,#6322,.T.);
#4678=EDGE_CURVE('',#5790,#5536,#595,.T.);
#4679=EDGE_CURVE('',#5790,#5789,#6323,.T.);
#4680=EDGE_CURVE('',#5791,#5535,#596,.T.);
#4681=EDGE_CURVE('',#5791,#5790,#597,.T.);
#4682=EDGE_CURVE('',#5778,#5791,#258,.T.);
#4683=EDGE_CURVE('',#5756,#5775,#6324,.F.);
#4684=EDGE_CURVE('',#5758,#5776,#6325,.F.);
#4685=EDGE_CURVE('',#5792,#5793,#6326,.F.);
#4686=EDGE_CURVE('',#5794,#5792,#598,.T.);
#4687=EDGE_CURVE('',#5794,#5795,#6327,.F.);
#4688=EDGE_CURVE('',#5795,#5793,#599,.T.);
#4689=EDGE_CURVE('',#5796,#5792,#6328,.F.);
#4690=EDGE_CURVE('',#5797,#5796,#600,.T.);
#4691=EDGE_CURVE('',#5797,#5794,#6329,.F.);
#4692=EDGE_CURVE('',#5798,#5796,#6330,.F.);
#4693=EDGE_CURVE('',#5799,#5798,#601,.T.);
#4694=EDGE_CURVE('',#5799,#5797,#6331,.F.);
#4695=EDGE_CURVE('',#5800,#5798,#6332,.F.);
#4696=EDGE_CURVE('',#5801,#5800,#602,.T.);
#4697=EDGE_CURVE('',#5801,#5799,#6333,.F.);
#4698=EDGE_CURVE('',#5802,#5800,#6334,.F.);
#4699=EDGE_CURVE('',#5803,#5802,#603,.T.);
#4700=EDGE_CURVE('',#5803,#5801,#6335,.F.);
#4701=EDGE_CURVE('',#5804,#5802,#6336,.F.);
#4702=EDGE_CURVE('',#5805,#5804,#604,.T.);
#4703=EDGE_CURVE('',#5805,#5803,#6337,.F.);
#4704=EDGE_CURVE('',#5806,#5804,#6338,.F.);
#4705=EDGE_CURVE('',#5807,#5806,#605,.T.);
#4706=EDGE_CURVE('',#5807,#5805,#6339,.F.);
#4707=EDGE_CURVE('',#5808,#5806,#606,.T.);
#4708=EDGE_CURVE('',#5809,#5808,#607,.T.);
#4709=EDGE_CURVE('',#5809,#5807,#608,.T.);
#4710=EDGE_CURVE('',#5810,#5808,#6340,.F.);
#4711=EDGE_CURVE('',#5811,#5810,#609,.T.);
#4712=EDGE_CURVE('',#5811,#5809,#6341,.F.);
#4713=EDGE_CURVE('',#5812,#5548,#610,.T.);
#4714=EDGE_CURVE('',#5812,#5813,#6342,.T.);
#4715=EDGE_CURVE('',#5813,#5549,#611,.T.);
#4716=EDGE_CURVE('',#5814,#5576,#612,.T.);
#4717=EDGE_CURVE('',#5814,#5812,#6343,.T.);
#4718=EDGE_CURVE('',#5815,#5575,#613,.T.);
#4719=EDGE_CURVE('',#5815,#5814,#6344,.T.);
#4720=EDGE_CURVE('',#5816,#5574,#614,.T.);
#4721=EDGE_CURVE('',#5816,#5815,#6345,.F.);
#4722=EDGE_CURVE('',#5817,#5573,#615,.T.);
#4723=EDGE_CURVE('',#5817,#5816,#616,.F.);
#4724=EDGE_CURVE('',#5818,#5572,#617,.T.);
#4725=EDGE_CURVE('',#5818,#5817,#618,.T.);
#4726=EDGE_CURVE('',#5819,#5571,#619,.T.);
#4727=EDGE_CURVE('',#5819,#5818,#620,.T.);
#4728=EDGE_CURVE('',#5820,#5570,#621,.T.);
#4729=EDGE_CURVE('',#5820,#5819,#6346,.F.);
#4730=EDGE_CURVE('',#5821,#5569,#622,.T.);
#4731=EDGE_CURVE('',#5821,#5820,#6347,.F.);
#4732=EDGE_CURVE('',#5822,#5568,#623,.T.);
#4733=EDGE_CURVE('',#5822,#5821,#624,.T.);
#4734=EDGE_CURVE('',#5823,#5567,#625,.T.);
#4735=EDGE_CURVE('',#5823,#5822,#259,.T.);
#4736=EDGE_CURVE('',#5824,#5566,#626,.T.);
#4737=EDGE_CURVE('',#5824,#5823,#260,.T.);
#4738=EDGE_CURVE('',#5825,#5565,#627,.T.);
#4739=EDGE_CURVE('',#5825,#5824,#261,.T.);
#4740=EDGE_CURVE('',#5826,#5564,#628,.T.);
#4741=EDGE_CURVE('',#5826,#5825,#262,.T.);
#4742=EDGE_CURVE('',#5827,#5563,#629,.T.);
#4743=EDGE_CURVE('',#5827,#5826,#630,.T.);
#4744=EDGE_CURVE('',#5828,#5562,#631,.T.);
#4745=EDGE_CURVE('',#5828,#5827,#632,.T.);
#4746=EDGE_CURVE('',#5829,#5561,#633,.T.);
#4747=EDGE_CURVE('',#5829,#5828,#6348,.F.);
#4748=EDGE_CURVE('',#5830,#5560,#634,.T.);
#4749=EDGE_CURVE('',#5830,#5829,#6349,.F.);
#4750=EDGE_CURVE('',#5831,#5559,#635,.T.);
#4751=EDGE_CURVE('',#5831,#5830,#6350,.F.);
#4752=EDGE_CURVE('',#5832,#5558,#636,.T.);
#4753=EDGE_CURVE('',#5832,#5831,#6351,.F.);
#4754=EDGE_CURVE('',#5833,#5557,#637,.T.);
#4755=EDGE_CURVE('',#5833,#5832,#6352,.F.);
#4756=EDGE_CURVE('',#5834,#5556,#638,.T.);
#4757=EDGE_CURVE('',#5834,#5833,#6353,.F.);
#4758=EDGE_CURVE('',#5835,#5555,#639,.T.);
#4759=EDGE_CURVE('',#5835,#5834,#640,.T.);
#4760=EDGE_CURVE('',#5836,#5554,#641,.T.);
#4761=EDGE_CURVE('',#5836,#5835,#6354,.T.);
#4762=EDGE_CURVE('',#5837,#5553,#642,.T.);
#4763=EDGE_CURVE('',#5837,#5836,#6355,.T.);
#4764=EDGE_CURVE('',#5838,#5552,#643,.T.);
#4765=EDGE_CURVE('',#5838,#5837,#6356,.T.);
#4766=EDGE_CURVE('',#5839,#5551,#644,.T.);
#4767=EDGE_CURVE('',#5839,#5838,#263,.T.);
#4768=EDGE_CURVE('',#5840,#5550,#645,.T.);
#4769=EDGE_CURVE('',#5840,#5839,#6357,.T.);
#4770=EDGE_CURVE('',#5813,#5840,#6358,.T.);
#4771=EDGE_CURVE('',#5793,#5810,#6359,.F.);
#4772=EDGE_CURVE('',#5795,#5811,#6360,.F.);
#4773=EDGE_CURVE('',#5841,#5842,#646,.T.);
#4774=EDGE_CURVE('',#5843,#5841,#647,.T.);
#4775=EDGE_CURVE('',#5843,#5844,#648,.T.);
#4776=EDGE_CURVE('',#5844,#5842,#649,.T.);
#4777=EDGE_CURVE('',#5845,#5841,#650,.T.);
#4778=EDGE_CURVE('',#5846,#5845,#651,.T.);
#4779=EDGE_CURVE('',#5846,#5843,#652,.T.);
#4780=EDGE_CURVE('',#5847,#5845,#653,.T.);
#4781=EDGE_CURVE('',#5848,#5847,#654,.T.);
#4782=EDGE_CURVE('',#5848,#5846,#655,.T.);
#4783=EDGE_CURVE('',#5849,#5847,#264,.T.);
#4784=EDGE_CURVE('',#5850,#5849,#656,.T.);
#4785=EDGE_CURVE('',#5850,#5848,#265,.T.);
#4786=EDGE_CURVE('',#5851,#5849,#6361,.F.);
#4787=EDGE_CURVE('',#5852,#5851,#657,.T.);
#4788=EDGE_CURVE('',#5852,#5850,#6362,.F.);
#4789=EDGE_CURVE('',#5853,#5851,#6363,.F.);
#4790=EDGE_CURVE('',#5854,#5853,#658,.T.);
#4791=EDGE_CURVE('',#5854,#5852,#6364,.F.);
#4792=EDGE_CURVE('',#5855,#5853,#6365,.F.);
#4793=EDGE_CURVE('',#5856,#5855,#659,.T.);
#4794=EDGE_CURVE('',#5856,#5854,#6366,.F.);
#4795=EDGE_CURVE('',#5857,#5855,#6367,.F.);
#4796=EDGE_CURVE('',#5858,#5857,#660,.T.);
#4797=EDGE_CURVE('',#5858,#5856,#6368,.F.);
#4798=EDGE_CURVE('',#5859,#5577,#661,.T.);
#4799=EDGE_CURVE('',#5859,#5860,#662,.T.);
#4800=EDGE_CURVE('',#5860,#5578,#663,.T.);
#4801=EDGE_CURVE('',#5861,#5587,#664,.T.);
#4802=EDGE_CURVE('',#5861,#5859,#665,.T.);
#4803=EDGE_CURVE('',#5862,#5586,#666,.T.);
#4804=EDGE_CURVE('',#5862,#5861,#667,.T.);
#4805=EDGE_CURVE('',#5863,#5585,#668,.T.);
#4806=EDGE_CURVE('',#5863,#5862,#669,.T.);
#4807=EDGE_CURVE('',#5864,#5584,#670,.T.);
#4808=EDGE_CURVE('',#5864,#5863,#6369,.T.);
#4809=EDGE_CURVE('',#5865,#5583,#671,.T.);
#4810=EDGE_CURVE('',#5865,#5864,#6370,.T.);
#4811=EDGE_CURVE('',#5866,#5582,#672,.T.);
#4812=EDGE_CURVE('',#5866,#5865,#266,.T.);
#4813=EDGE_CURVE('',#5867,#5581,#673,.T.);
#4814=EDGE_CURVE('',#5867,#5866,#267,.T.);
#4815=EDGE_CURVE('',#5868,#5580,#674,.T.);
#4816=EDGE_CURVE('',#5868,#5867,#6371,.T.);
#4817=EDGE_CURVE('',#5869,#5579,#675,.T.);
#4818=EDGE_CURVE('',#5869,#5868,#268,.T.);
#4819=EDGE_CURVE('',#5860,#5869,#676,.T.);
#4820=EDGE_CURVE('',#5842,#5857,#269,.T.);
#4821=EDGE_CURVE('',#5844,#5858,#270,.T.);
#4822=EDGE_CURVE('',#5870,#5588,#677,.T.);
#4823=EDGE_CURVE('',#5870,#5871,#678,.T.);
#4824=EDGE_CURVE('',#5871,#5589,#679,.T.);
#4825=EDGE_CURVE('',#5872,#5591,#680,.T.);
#4826=EDGE_CURVE('',#5872,#5870,#681,.T.);
#4827=EDGE_CURVE('',#5873,#5590,#682,.T.);
#4828=EDGE_CURVE('',#5873,#5872,#683,.T.);
#4829=EDGE_CURVE('',#5871,#5873,#684,.T.);
#4830=EDGE_CURVE('',#5874,#5875,#6372,.F.);
#4831=EDGE_CURVE('',#5876,#5874,#685,.T.);
#4832=EDGE_CURVE('',#5876,#5877,#6373,.F.);
#4833=EDGE_CURVE('',#5877,#5875,#686,.T.);
#4834=EDGE_CURVE('',#5878,#5874,#6374,.F.);
#4835=EDGE_CURVE('',#5879,#5878,#687,.T.);
#4836=EDGE_CURVE('',#5879,#5876,#6375,.F.);
#4837=EDGE_CURVE('',#5880,#5878,#6376,.F.);
#4838=EDGE_CURVE('',#5881,#5880,#688,.T.);
#4839=EDGE_CURVE('',#5881,#5879,#6377,.F.);
#4840=EDGE_CURVE('',#5882,#5880,#6378,.F.);
#4841=EDGE_CURVE('',#5883,#5882,#689,.T.);
#4842=EDGE_CURVE('',#5883,#5881,#6379,.F.);
#4843=EDGE_CURVE('',#5884,#5882,#690,.T.);
#4844=EDGE_CURVE('',#5885,#5884,#691,.T.);
#4845=EDGE_CURVE('',#5885,#5883,#692,.T.);
#4846=EDGE_CURVE('',#5886,#5884,#6380,.F.);
#4847=EDGE_CURVE('',#5887,#5886,#693,.T.);
#4848=EDGE_CURVE('',#5887,#5885,#6381,.F.);
#4849=EDGE_CURVE('',#5888,#5886,#6382,.F.);
#4850=EDGE_CURVE('',#5889,#5888,#694,.T.);
#4851=EDGE_CURVE('',#5889,#5887,#6383,.F.);
#4852=EDGE_CURVE('',#5890,#5888,#6384,.F.);
#4853=EDGE_CURVE('',#5891,#5890,#695,.T.);
#4854=EDGE_CURVE('',#5891,#5889,#6385,.F.);
#4855=EDGE_CURVE('',#5892,#5890,#6386,.F.);
#4856=EDGE_CURVE('',#5893,#5892,#696,.T.);
#4857=EDGE_CURVE('',#5893,#5891,#6387,.F.);
#4858=EDGE_CURVE('',#5894,#5892,#6388,.F.);
#4859=EDGE_CURVE('',#5895,#5894,#697,.T.);
#4860=EDGE_CURVE('',#5895,#5893,#6389,.F.);
#4861=EDGE_CURVE('',#5896,#5894,#6390,.F.);
#4862=EDGE_CURVE('',#5897,#5896,#698,.T.);
#4863=EDGE_CURVE('',#5897,#5895,#6391,.F.);
#4864=EDGE_CURVE('',#5898,#5896,#699,.T.);
#4865=EDGE_CURVE('',#5899,#5898,#700,.T.);
#4866=EDGE_CURVE('',#5899,#5897,#701,.T.);
#4867=EDGE_CURVE('',#5900,#5898,#6392,.F.);
#4868=EDGE_CURVE('',#5901,#5900,#702,.T.);
#4869=EDGE_CURVE('',#5901,#5899,#6393,.F.);
#4870=EDGE_CURVE('',#5902,#5592,#703,.T.);
#4871=EDGE_CURVE('',#5902,#5903,#6394,.T.);
#4872=EDGE_CURVE('',#5903,#5593,#704,.T.);
#4873=EDGE_CURVE('',#5904,#5605,#705,.T.);
#4874=EDGE_CURVE('',#5904,#5902,#6395,.T.);
#4875=EDGE_CURVE('',#5905,#5604,#706,.T.);
#4876=EDGE_CURVE('',#5905,#5904,#6396,.T.);
#4877=EDGE_CURVE('',#5906,#5603,#707,.T.);
#4878=EDGE_CURVE('',#5906,#5905,#271,.T.);
#4879=EDGE_CURVE('',#5907,#5602,#708,.T.);
#4880=EDGE_CURVE('',#5907,#5906,#709,.T.);
#4881=EDGE_CURVE('',#5908,#5601,#710,.T.);
#4882=EDGE_CURVE('',#5908,#5907,#272,.T.);
#4883=EDGE_CURVE('',#5909,#5600,#711,.T.);
#4884=EDGE_CURVE('',#5909,#5908,#6397,.T.);
#4885=EDGE_CURVE('',#5910,#5599,#712,.T.);
#4886=EDGE_CURVE('',#5910,#5909,#6398,.T.);
#4887=EDGE_CURVE('',#5911,#5598,#713,.T.);
#4888=EDGE_CURVE('',#5911,#5910,#6399,.T.);
#4889=EDGE_CURVE('',#5912,#5597,#714,.T.);
#4890=EDGE_CURVE('',#5912,#5911,#6400,.T.);
#4891=EDGE_CURVE('',#5913,#5596,#715,.T.);
#4892=EDGE_CURVE('',#5913,#5912,#273,.T.);
#4893=EDGE_CURVE('',#5914,#5595,#716,.T.);
#4894=EDGE_CURVE('',#5914,#5913,#717,.T.);
#4895=EDGE_CURVE('',#5915,#5594,#718,.T.);
#4896=EDGE_CURVE('',#5915,#5914,#274,.T.);
#4897=EDGE_CURVE('',#5903,#5915,#6401,.T.);
#4898=EDGE_CURVE('',#5875,#5900,#6402,.F.);
#4899=EDGE_CURVE('',#5877,#5901,#6403,.F.);
#4900=EDGE_CURVE('',#5916,#5606,#719,.T.);
#4901=EDGE_CURVE('',#5916,#5917,#720,.T.);
#4902=EDGE_CURVE('',#5917,#5607,#721,.T.);
#4903=EDGE_CURVE('',#5918,#5633,#722,.T.);
#4904=EDGE_CURVE('',#5918,#5916,#723,.T.);
#4905=EDGE_CURVE('',#5919,#5632,#724,.T.);
#4906=EDGE_CURVE('',#5919,#5918,#725,.T.);
#4907=EDGE_CURVE('',#5920,#5631,#726,.T.);
#4908=EDGE_CURVE('',#5920,#5919,#6404,.F.);
#4909=EDGE_CURVE('',#5921,#5630,#727,.T.);
#4910=EDGE_CURVE('',#5921,#5920,#6405,.F.);
#4911=EDGE_CURVE('',#5922,#5629,#728,.T.);
#4912=EDGE_CURVE('',#5922,#5921,#6406,.F.);
#4913=EDGE_CURVE('',#5923,#5628,#729,.T.);
#4914=EDGE_CURVE('',#5923,#5922,#275,.T.);
#4915=EDGE_CURVE('',#5924,#5627,#730,.T.);
#4916=EDGE_CURVE('',#5924,#5923,#731,.T.);
#4917=EDGE_CURVE('',#5925,#5626,#732,.T.);
#4918=EDGE_CURVE('',#5925,#5924,#733,.T.);
#4919=EDGE_CURVE('',#5926,#5625,#734,.T.);
#4920=EDGE_CURVE('',#5926,#5925,#735,.T.);
#4921=EDGE_CURVE('',#5927,#5624,#736,.T.);
#4922=EDGE_CURVE('',#5927,#5926,#6407,.F.);
#4923=EDGE_CURVE('',#5928,#5623,#737,.T.);
#4924=EDGE_CURVE('',#5928,#5927,#6408,.F.);
#4925=EDGE_CURVE('',#5929,#5622,#738,.T.);
#4926=EDGE_CURVE('',#5929,#5928,#6409,.F.);
#4927=EDGE_CURVE('',#5930,#5621,#739,.T.);
#4928=EDGE_CURVE('',#5930,#5929,#276,.T.);
#4929=EDGE_CURVE('',#5931,#5620,#740,.T.);
#4930=EDGE_CURVE('',#5931,#5930,#741,.T.);
#4931=EDGE_CURVE('',#5932,#5619,#742,.T.);
#4932=EDGE_CURVE('',#5932,#5931,#743,.T.);
#4933=EDGE_CURVE('',#5933,#5618,#744,.T.);
#4934=EDGE_CURVE('',#5933,#5932,#745,.T.);
#4935=EDGE_CURVE('',#5934,#5617,#746,.T.);
#4936=EDGE_CURVE('',#5934,#5933,#6410,.T.);
#4937=EDGE_CURVE('',#5935,#5616,#747,.T.);
#4938=EDGE_CURVE('',#5935,#5934,#6411,.T.);
#4939=EDGE_CURVE('',#5936,#5615,#748,.T.);
#4940=EDGE_CURVE('',#5936,#5935,#6412,.T.);
#4941=EDGE_CURVE('',#5937,#5614,#749,.T.);
#4942=EDGE_CURVE('',#5937,#5936,#6413,.T.);
#4943=EDGE_CURVE('',#5938,#5613,#750,.T.);
#4944=EDGE_CURVE('',#5938,#5937,#6414,.T.);
#4945=EDGE_CURVE('',#5939,#5612,#751,.T.);
#4946=EDGE_CURVE('',#5939,#5938,#6415,.T.);
#4947=EDGE_CURVE('',#5940,#5611,#752,.T.);
#4948=EDGE_CURVE('',#5940,#5939,#6416,.T.);
#4949=EDGE_CURVE('',#5941,#5610,#753,.T.);
#4950=EDGE_CURVE('',#5941,#5940,#6417,.T.);
#4951=EDGE_CURVE('',#5942,#5609,#754,.T.);
#4952=EDGE_CURVE('',#5942,#5941,#6418,.T.);
#4953=EDGE_CURVE('',#5943,#5608,#755,.T.);
#4954=EDGE_CURVE('',#5943,#5942,#756,.T.);
#4955=EDGE_CURVE('',#5917,#5943,#757,.T.);
#4956=EDGE_CURVE('',#5944,#5634,#758,.T.);
#4957=EDGE_CURVE('',#5944,#5945,#277,.T.);
#4958=EDGE_CURVE('',#5945,#5635,#759,.T.);
#4959=EDGE_CURVE('',#5946,#5667,#760,.T.);
#4960=EDGE_CURVE('',#5946,#5944,#6419,.T.);
#4961=EDGE_CURVE('',#5947,#5666,#761,.T.);
#4962=EDGE_CURVE('',#5947,#5946,#6420,.T.);
#4963=EDGE_CURVE('',#5948,#5665,#762,.T.);
#4964=EDGE_CURVE('',#5948,#5947,#6421,.T.);
#4965=EDGE_CURVE('',#5949,#5664,#763,.T.);
#4966=EDGE_CURVE('',#5949,#5948,#278,.T.);
#4967=EDGE_CURVE('',#5950,#5663,#764,.T.);
#4968=EDGE_CURVE('',#5950,#5949,#6422,.T.);
#4969=EDGE_CURVE('',#5951,#5662,#765,.T.);
#4970=EDGE_CURVE('',#5951,#5950,#766,.T.);
#4971=EDGE_CURVE('',#5952,#5661,#767,.T.);
#4972=EDGE_CURVE('',#5952,#5951,#6423,.F.);
#4973=EDGE_CURVE('',#5953,#5660,#768,.T.);
#4974=EDGE_CURVE('',#5953,#5952,#6424,.F.);
#4975=EDGE_CURVE('',#5954,#5659,#769,.T.);
#4976=EDGE_CURVE('',#5954,#5953,#6425,.F.);
#4977=EDGE_CURVE('',#5955,#5658,#770,.T.);
#4978=EDGE_CURVE('',#5955,#5954,#6426,.F.);
#4979=EDGE_CURVE('',#5956,#5657,#771,.T.);
#4980=EDGE_CURVE('',#5956,#5955,#6427,.F.);
#4981=EDGE_CURVE('',#5957,#5656,#772,.T.);
#4982=EDGE_CURVE('',#5957,#5956,#6428,.F.);
#4983=EDGE_CURVE('',#5958,#5655,#773,.T.);
#4984=EDGE_CURVE('',#5958,#5957,#6429,.F.);
#4985=EDGE_CURVE('',#5959,#5654,#774,.T.);
#4986=EDGE_CURVE('',#5959,#5958,#775,.T.);
#4987=EDGE_CURVE('',#5960,#5653,#776,.T.);
#4988=EDGE_CURVE('',#5960,#5959,#6430,.T.);
#4989=EDGE_CURVE('',#5961,#5652,#777,.T.);
#4990=EDGE_CURVE('',#5961,#5960,#6431,.T.);
#4991=EDGE_CURVE('',#5962,#5651,#778,.T.);
#4992=EDGE_CURVE('',#5962,#5961,#6432,.T.);
#4993=EDGE_CURVE('',#5963,#5650,#779,.T.);
#4994=EDGE_CURVE('',#5963,#5962,#279,.T.);
#4995=EDGE_CURVE('',#5964,#5649,#780,.T.);
#4996=EDGE_CURVE('',#5964,#5963,#280,.T.);
#4997=EDGE_CURVE('',#5965,#5648,#781,.T.);
#4998=EDGE_CURVE('',#5965,#5964,#281,.T.);
#4999=EDGE_CURVE('',#5966,#5647,#782,.T.);
#5000=EDGE_CURVE('',#5966,#5965,#282,.T.);
#5001=EDGE_CURVE('',#5967,#5646,#783,.T.);
#5002=EDGE_CURVE('',#5967,#5966,#6433,.T.);
#5003=EDGE_CURVE('',#5968,#5645,#784,.T.);
#5004=EDGE_CURVE('',#5968,#5967,#785,.T.);
#5005=EDGE_CURVE('',#5969,#5644,#786,.T.);
#5006=EDGE_CURVE('',#5969,#5968,#6434,.F.);
#5007=EDGE_CURVE('',#5970,#5643,#787,.T.);
#5008=EDGE_CURVE('',#5970,#5969,#6435,.F.);
#5009=EDGE_CURVE('',#5971,#5642,#788,.T.);
#5010=EDGE_CURVE('',#5971,#5970,#6436,.F.);
#5011=EDGE_CURVE('',#5972,#5641,#789,.T.);
#5012=EDGE_CURVE('',#5972,#5971,#283,.T.);
#5013=EDGE_CURVE('',#5973,#5640,#790,.T.);
#5014=EDGE_CURVE('',#5973,#5972,#6437,.F.);
#5015=EDGE_CURVE('',#5974,#5639,#791,.T.);
#5016=EDGE_CURVE('',#5974,#5973,#284,.T.);
#5017=EDGE_CURVE('',#5975,#5638,#792,.T.);
#5018=EDGE_CURVE('',#5975,#5974,#6438,.F.);
#5019=EDGE_CURVE('',#5976,#5637,#793,.T.);
#5020=EDGE_CURVE('',#5976,#5975,#794,.T.);
#5021=EDGE_CURVE('',#5977,#5636,#795,.T.);
#5022=EDGE_CURVE('',#5977,#5976,#285,.T.);
#5023=EDGE_CURVE('',#5945,#5977,#6439,.T.);
#5024=EDGE_CURVE('',#5978,#5668,#796,.T.);
#5025=EDGE_CURVE('',#5978,#5979,#797,.T.);
#5026=EDGE_CURVE('',#5979,#5670,#798,.T.);
#5027=EDGE_CURVE('',#5980,#5669,#799,.T.);
#5028=EDGE_CURVE('',#5978,#5980,#800,.T.);
#5029=EDGE_CURVE('',#5981,#5671,#801,.T.);
#5030=EDGE_CURVE('',#5980,#5981,#802,.T.);
#5031=EDGE_CURVE('',#5979,#5981,#803,.T.);
#5032=EDGE_CURVE('',#5748,#5673,#6440,.T.);
#5033=EDGE_CURVE('',#5737,#5672,#804,.T.);
#5034=EDGE_CURVE('',#5739,#5679,#805,.T.);
#5035=EDGE_CURVE('',#5678,#5681,#6441,.F.);
#5036=EDGE_CURVE('',#5674,#5747,#16,.F.);
#5037=EDGE_CURVE('',#5675,#5749,#17,.F.);
#5038=EDGE_CURVE('',#5682,#5677,#18,.T.);
#5039=EDGE_CURVE('',#5676,#5750,#19,.F.);
#5040=EDGE_CURVE('',#5982,#5983,#806,.T.);
#5041=EDGE_CURVE('',#5984,#5982,#807,.T.);
#5042=EDGE_CURVE('',#5984,#5985,#808,.T.);
#5043=EDGE_CURVE('',#5985,#5983,#809,.T.);
#5044=EDGE_CURVE('',#5986,#5982,#6442,.F.);
#5045=EDGE_CURVE('',#5987,#5986,#810,.T.);
#5046=EDGE_CURVE('',#5987,#5984,#6443,.F.);
#5047=EDGE_CURVE('',#5988,#5986,#6444,.F.);
#5048=EDGE_CURVE('',#5989,#5988,#811,.T.);
#5049=EDGE_CURVE('',#5989,#5987,#6445,.F.);
#5050=EDGE_CURVE('',#5990,#5988,#812,.T.);
#5051=EDGE_CURVE('',#5991,#5990,#813,.T.);
#5052=EDGE_CURVE('',#5991,#5989,#814,.T.);
#5053=EDGE_CURVE('',#5992,#5990,#6446,.F.);
#5054=EDGE_CURVE('',#5993,#5992,#815,.T.);
#5055=EDGE_CURVE('',#5993,#5991,#6447,.F.);
#5056=EDGE_CURVE('',#5994,#5992,#6448,.F.);
#5057=EDGE_CURVE('',#5995,#5994,#816,.T.);
#5058=EDGE_CURVE('',#5995,#5993,#6449,.F.);
#5059=EDGE_CURVE('',#5996,#5994,#817,.T.);
#5060=EDGE_CURVE('',#5997,#5996,#818,.T.);
#5061=EDGE_CURVE('',#5997,#5995,#819,.T.);
#5062=EDGE_CURVE('',#5998,#5996,#6450,.F.);
#5063=EDGE_CURVE('',#5999,#5998,#820,.T.);
#5064=EDGE_CURVE('',#5999,#5997,#6451,.F.);
#5065=EDGE_CURVE('',#6000,#5998,#6452,.F.);
#5066=EDGE_CURVE('',#6001,#6000,#821,.T.);
#5067=EDGE_CURVE('',#6001,#5999,#6453,.F.);
#5068=EDGE_CURVE('',#6002,#6000,#822,.T.);
#5069=EDGE_CURVE('',#6003,#6002,#823,.T.);
#5070=EDGE_CURVE('',#6003,#6001,#824,.T.);
#5071=EDGE_CURVE('',#6004,#6002,#6454,.F.);
#5072=EDGE_CURVE('',#6005,#6004,#825,.T.);
#5073=EDGE_CURVE('',#6005,#6003,#6455,.F.);
#5074=EDGE_CURVE('',#6006,#6007,#826,.T.);
#5075=EDGE_CURVE('',#6008,#6006,#827,.T.);
#5076=EDGE_CURVE('',#6008,#6009,#828,.T.);
#5077=EDGE_CURVE('',#6009,#6007,#829,.T.);
#5078=EDGE_CURVE('',#6010,#6006,#6456,.F.);
#5079=EDGE_CURVE('',#6011,#6010,#830,.T.);
#5080=EDGE_CURVE('',#6011,#6008,#6457,.F.);
#5081=EDGE_CURVE('',#6012,#6010,#6458,.F.);
#5082=EDGE_CURVE('',#6013,#6012,#831,.T.);
#5083=EDGE_CURVE('',#6013,#6011,#6459,.F.);
#5084=EDGE_CURVE('',#6014,#6012,#832,.T.);
#5085=EDGE_CURVE('',#6015,#6014,#833,.T.);
#5086=EDGE_CURVE('',#6015,#6013,#834,.T.);
#5087=EDGE_CURVE('',#6016,#6014,#6460,.F.);
#5088=EDGE_CURVE('',#6017,#6016,#835,.T.);
#5089=EDGE_CURVE('',#6017,#6015,#6461,.F.);
#5090=EDGE_CURVE('',#6018,#6016,#6462,.F.);
#5091=EDGE_CURVE('',#6019,#6018,#836,.T.);
#5092=EDGE_CURVE('',#6019,#6017,#6463,.F.);
#5093=EDGE_CURVE('',#6020,#6018,#837,.T.);
#5094=EDGE_CURVE('',#6021,#6020,#838,.T.);
#5095=EDGE_CURVE('',#6021,#6019,#839,.T.);
#5096=EDGE_CURVE('',#6022,#6020,#6464,.F.);
#5097=EDGE_CURVE('',#6023,#6022,#840,.T.);
#5098=EDGE_CURVE('',#6023,#6021,#6465,.F.);
#5099=EDGE_CURVE('',#6024,#6022,#6466,.F.);
#5100=EDGE_CURVE('',#6025,#6024,#841,.T.);
#5101=EDGE_CURVE('',#6025,#6023,#6467,.F.);
#5102=EDGE_CURVE('',#6026,#6024,#842,.T.);
#5103=EDGE_CURVE('',#6027,#6026,#843,.T.);
#5104=EDGE_CURVE('',#6027,#6025,#844,.T.);
#5105=EDGE_CURVE('',#6028,#6026,#6468,.F.);
#5106=EDGE_CURVE('',#6029,#6028,#845,.T.);
#5107=EDGE_CURVE('',#6029,#6027,#6469,.F.);
#5108=EDGE_CURVE('',#6030,#5473,#846,.T.);
#5109=EDGE_CURVE('',#6030,#6031,#847,.T.);
#5110=EDGE_CURVE('',#6031,#5474,#848,.T.);
#5111=EDGE_CURVE('',#6032,#5487,#849,.T.);
#5112=EDGE_CURVE('',#6032,#6030,#850,.T.);
#5113=EDGE_CURVE('',#6033,#5486,#851,.T.);
#5114=EDGE_CURVE('',#6033,#6032,#6470,.T.);
#5115=EDGE_CURVE('',#6034,#5485,#852,.T.);
#5116=EDGE_CURVE('',#6034,#6033,#6471,.T.);
#5117=EDGE_CURVE('',#6035,#5484,#853,.T.);
#5118=EDGE_CURVE('',#6035,#6034,#6472,.T.);
#5119=EDGE_CURVE('',#6036,#5483,#854,.T.);
#5120=EDGE_CURVE('',#6036,#6035,#855,.T.);
#5121=EDGE_CURVE('',#6037,#5482,#856,.T.);
#5122=EDGE_CURVE('',#6037,#6036,#6473,.T.);
#5123=EDGE_CURVE('',#6038,#5481,#857,.T.);
#5124=EDGE_CURVE('',#6038,#6037,#6474,.T.);
#5125=EDGE_CURVE('',#6039,#5480,#858,.T.);
#5126=EDGE_CURVE('',#6039,#6038,#6475,.T.);
#5127=EDGE_CURVE('',#6040,#5479,#859,.T.);
#5128=EDGE_CURVE('',#6040,#6039,#6476,.T.);
#5129=EDGE_CURVE('',#6041,#5478,#860,.T.);
#5130=EDGE_CURVE('',#6041,#6040,#861,.T.);
#5131=EDGE_CURVE('',#6042,#5477,#862,.T.);
#5132=EDGE_CURVE('',#6042,#6041,#6477,.T.);
#5133=EDGE_CURVE('',#6043,#5476,#863,.T.);
#5134=EDGE_CURVE('',#6043,#6042,#6478,.T.);
#5135=EDGE_CURVE('',#6044,#5475,#864,.T.);
#5136=EDGE_CURVE('',#6044,#6043,#6479,.T.);
#5137=EDGE_CURVE('',#6007,#6028,#6480,.F.);
#5138=EDGE_CURVE('',#6009,#6029,#6481,.F.);
#5139=EDGE_CURVE('',#6031,#6044,#865,.T.);
#5140=EDGE_CURVE('',#5983,#6004,#6482,.F.);
#5141=EDGE_CURVE('',#5985,#6005,#6483,.F.);
#5142=EDGE_CURVE('',#6045,#5455,#866,.T.);
#5143=EDGE_CURVE('',#6045,#6046,#6484,.T.);
#5144=EDGE_CURVE('',#6046,#5456,#867,.T.);
#5145=EDGE_CURVE('',#6047,#5472,#868,.T.);
#5146=EDGE_CURVE('',#6047,#6045,#869,.T.);
#5147=EDGE_CURVE('',#6048,#5471,#870,.T.);
#5148=EDGE_CURVE('',#6048,#6047,#6485,.T.);
#5149=EDGE_CURVE('',#6049,#5470,#871,.T.);
#5150=EDGE_CURVE('',#6049,#6048,#6486,.T.);
#5151=EDGE_CURVE('',#6050,#5469,#872,.T.);
#5152=EDGE_CURVE('',#6050,#6049,#6487,.T.);
#5153=EDGE_CURVE('',#6051,#5468,#873,.T.);
#5154=EDGE_CURVE('',#6051,#6050,#874,.T.);
#5155=EDGE_CURVE('',#6052,#5467,#875,.T.);
#5156=EDGE_CURVE('',#6052,#6051,#876,.T.);
#5157=EDGE_CURVE('',#6053,#5466,#877,.T.);
#5158=EDGE_CURVE('',#6053,#6052,#878,.T.);
#5159=EDGE_CURVE('',#6054,#5465,#879,.T.);
#5160=EDGE_CURVE('',#6054,#6053,#6488,.F.);
#5161=EDGE_CURVE('',#6055,#5464,#880,.T.);
#5162=EDGE_CURVE('',#6055,#6054,#6489,.F.);
#5163=EDGE_CURVE('',#6056,#5463,#881,.T.);
#5164=EDGE_CURVE('',#6056,#6055,#882,.T.);
#5165=EDGE_CURVE('',#6057,#5462,#883,.T.);
#5166=EDGE_CURVE('',#6057,#6056,#6490,.F.);
#5167=EDGE_CURVE('',#6058,#5461,#884,.T.);
#5168=EDGE_CURVE('',#6058,#6057,#6491,.F.);
#5169=EDGE_CURVE('',#6059,#5460,#885,.T.);
#5170=EDGE_CURVE('',#6059,#6058,#886,.T.);
#5171=EDGE_CURVE('',#6060,#5459,#887,.T.);
#5172=EDGE_CURVE('',#6060,#6059,#888,.T.);
#5173=EDGE_CURVE('',#6061,#5458,#889,.T.);
#5174=EDGE_CURVE('',#6061,#6060,#890,.T.);
#5175=EDGE_CURVE('',#6062,#5457,#891,.T.);
#5176=EDGE_CURVE('',#6062,#6061,#6492,.T.);
#5177=EDGE_CURVE('',#6046,#6062,#6493,.T.);
#5178=EDGE_CURVE('',#6063,#5449,#892,.T.);
#5179=EDGE_CURVE('',#6063,#6064,#893,.T.);
#5180=EDGE_CURVE('',#6064,#5450,#894,.T.);
#5181=EDGE_CURVE('',#6065,#5454,#895,.T.);
#5182=EDGE_CURVE('',#6065,#6063,#896,.T.);
#5183=EDGE_CURVE('',#6066,#5453,#897,.T.);
#5184=EDGE_CURVE('',#6066,#6065,#898,.T.);
#5185=EDGE_CURVE('',#6067,#5452,#899,.T.);
#5186=EDGE_CURVE('',#6067,#6066,#900,.T.);
#5187=EDGE_CURVE('',#6068,#5451,#901,.T.);
#5188=EDGE_CURVE('',#6068,#6067,#902,.T.);
#5189=EDGE_CURVE('',#6064,#6068,#903,.T.);
#5190=EDGE_CURVE('',#6069,#5431,#904,.T.);
#5191=EDGE_CURVE('',#6069,#6070,#6494,.T.);
#5192=EDGE_CURVE('',#6070,#5432,#905,.T.);
#5193=EDGE_CURVE('',#6071,#5448,#906,.T.);
#5194=EDGE_CURVE('',#6071,#6069,#907,.T.);
#5195=EDGE_CURVE('',#6072,#5447,#908,.T.);
#5196=EDGE_CURVE('',#6072,#6071,#909,.T.);
#5197=EDGE_CURVE('',#6073,#5446,#910,.T.);
#5198=EDGE_CURVE('',#6073,#6072,#911,.T.);
#5199=EDGE_CURVE('',#6074,#5445,#912,.T.);
#5200=EDGE_CURVE('',#6074,#6073,#6495,.F.);
#5201=EDGE_CURVE('',#6075,#5444,#913,.T.);
#5202=EDGE_CURVE('',#6075,#6074,#6496,.F.);
#5203=EDGE_CURVE('',#6076,#5443,#914,.T.);
#5204=EDGE_CURVE('',#6076,#6075,#915,.T.);
#5205=EDGE_CURVE('',#6077,#5442,#916,.T.);
#5206=EDGE_CURVE('',#6077,#6076,#6497,.F.);
#5207=EDGE_CURVE('',#6078,#5441,#917,.T.);
#5208=EDGE_CURVE('',#6078,#6077,#6498,.F.);
#5209=EDGE_CURVE('',#6079,#5440,#918,.T.);
#5210=EDGE_CURVE('',#6079,#6078,#919,.T.);
#5211=EDGE_CURVE('',#6080,#5439,#920,.T.);
#5212=EDGE_CURVE('',#6080,#6079,#921,.T.);
#5213=EDGE_CURVE('',#6081,#5438,#922,.T.);
#5214=EDGE_CURVE('',#6081,#6080,#923,.T.);
#5215=EDGE_CURVE('',#6082,#5437,#924,.T.);
#5216=EDGE_CURVE('',#6082,#6081,#6499,.T.);
#5217=EDGE_CURVE('',#6083,#5436,#925,.T.);
#5218=EDGE_CURVE('',#6083,#6082,#6500,.T.);
#5219=EDGE_CURVE('',#6084,#5435,#926,.T.);
#5220=EDGE_CURVE('',#6084,#6083,#6501,.T.);
#5221=EDGE_CURVE('',#6085,#5434,#927,.T.);
#5222=EDGE_CURVE('',#6085,#6084,#928,.T.);
#5223=EDGE_CURVE('',#6086,#5433,#929,.T.);
#5224=EDGE_CURVE('',#6086,#6085,#6502,.T.);
#5225=EDGE_CURVE('',#6070,#6086,#6503,.T.);
#5226=EDGE_CURVE('',#6087,#5416,#930,.T.);
#5227=EDGE_CURVE('',#6087,#6088,#931,.T.);
#5228=EDGE_CURVE('',#6088,#5417,#932,.T.);
#5229=EDGE_CURVE('',#6089,#5430,#933,.T.);
#5230=EDGE_CURVE('',#6089,#6087,#934,.T.);
#5231=EDGE_CURVE('',#6090,#5429,#935,.T.);
#5232=EDGE_CURVE('',#6090,#6089,#936,.T.);
#5233=EDGE_CURVE('',#6091,#5428,#937,.T.);
#5234=EDGE_CURVE('',#6091,#6090,#938,.T.);
#5235=EDGE_CURVE('',#6092,#5427,#939,.T.);
#5236=EDGE_CURVE('',#6092,#6091,#940,.T.);
#5237=EDGE_CURVE('',#6093,#5426,#941,.T.);
#5238=EDGE_CURVE('',#6093,#6092,#942,.T.);
#5239=EDGE_CURVE('',#6094,#5425,#943,.T.);
#5240=EDGE_CURVE('',#6094,#6093,#944,.T.);
#5241=EDGE_CURVE('',#6095,#5424,#945,.T.);
#5242=EDGE_CURVE('',#6095,#6094,#946,.T.);
#5243=EDGE_CURVE('',#6096,#5423,#947,.T.);
#5244=EDGE_CURVE('',#6096,#6095,#948,.T.);
#5245=EDGE_CURVE('',#6097,#5422,#949,.T.);
#5246=EDGE_CURVE('',#6097,#6096,#950,.T.);
#5247=EDGE_CURVE('',#6098,#5421,#951,.T.);
#5248=EDGE_CURVE('',#6098,#6097,#952,.T.);
#5249=EDGE_CURVE('',#6099,#5420,#953,.T.);
#5250=EDGE_CURVE('',#6099,#6098,#954,.T.);
#5251=EDGE_CURVE('',#6100,#5419,#955,.T.);
#5252=EDGE_CURVE('',#6100,#6099,#956,.T.);
#5253=EDGE_CURVE('',#6101,#5418,#957,.T.);
#5254=EDGE_CURVE('',#6101,#6100,#958,.T.);
#5255=EDGE_CURVE('',#6088,#6101,#959,.T.);
#5256=EDGE_CURVE('',#6102,#5398,#960,.T.);
#5257=EDGE_CURVE('',#6102,#6103,#6504,.T.);
#5258=EDGE_CURVE('',#6103,#5399,#961,.T.);
#5259=EDGE_CURVE('',#6104,#5415,#962,.T.);
#5260=EDGE_CURVE('',#6104,#6102,#963,.T.);
#5261=EDGE_CURVE('',#6105,#5414,#964,.T.);
#5262=EDGE_CURVE('',#6105,#6104,#965,.T.);
#5263=EDGE_CURVE('',#6106,#5413,#966,.T.);
#5264=EDGE_CURVE('',#6106,#6105,#967,.T.);
#5265=EDGE_CURVE('',#6107,#5412,#968,.T.);
#5266=EDGE_CURVE('',#6107,#6106,#6505,.F.);
#5267=EDGE_CURVE('',#6108,#5411,#969,.T.);
#5268=EDGE_CURVE('',#6108,#6107,#6506,.F.);
#5269=EDGE_CURVE('',#6109,#5410,#970,.T.);
#5270=EDGE_CURVE('',#6109,#6108,#971,.T.);
#5271=EDGE_CURVE('',#6110,#5409,#972,.T.);
#5272=EDGE_CURVE('',#6110,#6109,#6507,.F.);
#5273=EDGE_CURVE('',#6111,#5408,#973,.T.);
#5274=EDGE_CURVE('',#6111,#6110,#6508,.F.);
#5275=EDGE_CURVE('',#6112,#5407,#974,.T.);
#5276=EDGE_CURVE('',#6112,#6111,#975,.T.);
#5277=EDGE_CURVE('',#6113,#5406,#976,.T.);
#5278=EDGE_CURVE('',#6113,#6112,#977,.T.);
#5279=EDGE_CURVE('',#6114,#5405,#978,.T.);
#5280=EDGE_CURVE('',#6114,#6113,#979,.T.);
#5281=EDGE_CURVE('',#6115,#5404,#980,.T.);
#5282=EDGE_CURVE('',#6115,#6114,#6509,.T.);
#5283=EDGE_CURVE('',#6116,#5403,#981,.T.);
#5284=EDGE_CURVE('',#6116,#6115,#6510,.T.);
#5285=EDGE_CURVE('',#6117,#5402,#982,.T.);
#5286=EDGE_CURVE('',#6117,#6116,#6511,.T.);
#5287=EDGE_CURVE('',#6118,#5401,#983,.T.);
#5288=EDGE_CURVE('',#6118,#6117,#984,.T.);
#5289=EDGE_CURVE('',#6119,#5400,#985,.T.);
#5290=EDGE_CURVE('',#6119,#6118,#6512,.T.);
#5291=EDGE_CURVE('',#6103,#6119,#6513,.T.);
#5292=EDGE_CURVE('',#6120,#6121,#986,.T.);
#5293=EDGE_CURVE('',#6122,#6120,#987,.T.);
#5294=EDGE_CURVE('',#6122,#6123,#988,.T.);
#5295=EDGE_CURVE('',#6123,#6121,#989,.T.);
#5296=EDGE_CURVE('',#6124,#6120,#990,.T.);
#5297=EDGE_CURVE('',#6125,#6124,#991,.T.);
#5298=EDGE_CURVE('',#6125,#6122,#992,.T.);
#5299=EDGE_CURVE('',#6126,#6124,#6514,.F.);
#5300=EDGE_CURVE('',#6127,#6126,#993,.T.);
#5301=EDGE_CURVE('',#6127,#6125,#6515,.F.);
#5302=EDGE_CURVE('',#6128,#6126,#6516,.F.);
#5303=EDGE_CURVE('',#6129,#6128,#994,.T.);
#5304=EDGE_CURVE('',#6129,#6127,#6517,.F.);
#5305=EDGE_CURVE('',#6130,#6128,#995,.T.);
#5306=EDGE_CURVE('',#6131,#6130,#996,.T.);
#5307=EDGE_CURVE('',#6131,#6129,#997,.T.);
#5308=EDGE_CURVE('',#6132,#6130,#6518,.F.);
#5309=EDGE_CURVE('',#6133,#6132,#998,.T.);
#5310=EDGE_CURVE('',#6133,#6131,#6519,.F.);
#5311=EDGE_CURVE('',#6134,#6132,#6520,.F.);
#5312=EDGE_CURVE('',#6135,#6134,#999,.T.);
#5313=EDGE_CURVE('',#6135,#6133,#6521,.F.);
#5314=EDGE_CURVE('',#6136,#5384,#1000,.T.);
#5315=EDGE_CURVE('',#6136,#6137,#1001,.T.);
#5316=EDGE_CURVE('',#6137,#5385,#1002,.T.);
#5317=EDGE_CURVE('',#6138,#5397,#1003,.T.);
#5318=EDGE_CURVE('',#6138,#6136,#1004,.T.);
#5319=EDGE_CURVE('',#6139,#5396,#1005,.T.);
#5320=EDGE_CURVE('',#6139,#6138,#1006,.T.);
#5321=EDGE_CURVE('',#6140,#5395,#1007,.T.);
#5322=EDGE_CURVE('',#6140,#6139,#1008,.T.);
#5323=EDGE_CURVE('',#6141,#5394,#1009,.T.);
#5324=EDGE_CURVE('',#6141,#6140,#1010,.T.);
#5325=EDGE_CURVE('',#6142,#5393,#1011,.T.);
#5326=EDGE_CURVE('',#6142,#6141,#1012,.T.);
#5327=EDGE_CURVE('',#6143,#5392,#1013,.T.);
#5328=EDGE_CURVE('',#6143,#6142,#1014,.T.);
#5329=EDGE_CURVE('',#6144,#5391,#1015,.T.);
#5330=EDGE_CURVE('',#6144,#6143,#6522,.T.);
#5331=EDGE_CURVE('',#6145,#5390,#1016,.T.);
#5332=EDGE_CURVE('',#6145,#6144,#6523,.T.);
#5333=EDGE_CURVE('',#6146,#5389,#1017,.T.);
#5334=EDGE_CURVE('',#6146,#6145,#6524,.T.);
#5335=EDGE_CURVE('',#6147,#5388,#1018,.T.);
#5336=EDGE_CURVE('',#6147,#6146,#1019,.T.);
#5337=EDGE_CURVE('',#6148,#5387,#1020,.T.);
#5338=EDGE_CURVE('',#6148,#6147,#6525,.T.);
#5339=EDGE_CURVE('',#6149,#5386,#1021,.T.);
#5340=EDGE_CURVE('',#6149,#6148,#6526,.T.);
#5341=EDGE_CURVE('',#6137,#6149,#6527,.T.);
#5342=EDGE_CURVE('',#6121,#6134,#1022,.T.);
#5343=EDGE_CURVE('',#6123,#6135,#1023,.T.);
#5344=EDGE_CURVE('',#6150,#5372,#1024,.T.);
#5345=EDGE_CURVE('',#6150,#6151,#1025,.T.);
#5346=EDGE_CURVE('',#6151,#5373,#1026,.T.);
#5347=EDGE_CURVE('',#6152,#5383,#1027,.T.);
#5348=EDGE_CURVE('',#6152,#6150,#1028,.T.);
#5349=EDGE_CURVE('',#6153,#5382,#1029,.T.);
#5350=EDGE_CURVE('',#6153,#6152,#1030,.T.);
#5351=EDGE_CURVE('',#6154,#5381,#1031,.T.);
#5352=EDGE_CURVE('',#6154,#6153,#1032,.T.);
#5353=EDGE_CURVE('',#6155,#5380,#1033,.T.);
#5354=EDGE_CURVE('',#6155,#6154,#1034,.T.);
#5355=EDGE_CURVE('',#6156,#5379,#1035,.T.);
#5356=EDGE_CURVE('',#6156,#6155,#1036,.T.);
#5357=EDGE_CURVE('',#6157,#5378,#1037,.T.);
#5358=EDGE_CURVE('',#6157,#6156,#1038,.T.);
#5359=EDGE_CURVE('',#6158,#5377,#1039,.T.);
#5360=EDGE_CURVE('',#6158,#6157,#1040,.T.);
#5361=EDGE_CURVE('',#6159,#5376,#1041,.T.);
#5362=EDGE_CURVE('',#6159,#6158,#1042,.T.);
#5363=EDGE_CURVE('',#6160,#5375,#1043,.T.);
#5364=EDGE_CURVE('',#6160,#6159,#1044,.T.);
#5365=EDGE_CURVE('',#6161,#5374,#1045,.T.);
#5366=EDGE_CURVE('',#6161,#6160,#1046,.T.);
#5367=EDGE_CURVE('',#6151,#6161,#1047,.T.);
#5368=VERTEX_POINT('',#11235);
#5369=VERTEX_POINT('',#11237);
#5370=VERTEX_POINT('',#11239);
#5371=VERTEX_POINT('',#11241);
#5372=VERTEX_POINT('',#11243);
#5373=VERTEX_POINT('',#11244);
#5374=VERTEX_POINT('',#11246);
#5375=VERTEX_POINT('',#11248);
#5376=VERTEX_POINT('',#11250);
#5377=VERTEX_POINT('',#11252);
#5378=VERTEX_POINT('',#11254);
#5379=VERTEX_POINT('',#11256);
#5380=VERTEX_POINT('',#11258);
#5381=VERTEX_POINT('',#11260);
#5382=VERTEX_POINT('',#11262);
#5383=VERTEX_POINT('',#11264);
#5384=VERTEX_POINT('',#11267);
#5385=VERTEX_POINT('',#11268);
#5386=VERTEX_POINT('',#11270);
#5387=VERTEX_POINT('',#11272);
#5388=VERTEX_POINT('',#11274);
#5389=VERTEX_POINT('',#11276);
#5390=VERTEX_POINT('',#11278);
#5391=VERTEX_POINT('',#11280);
#5392=VERTEX_POINT('',#11282);
#5393=VERTEX_POINT('',#11284);
#5394=VERTEX_POINT('',#11286);
#5395=VERTEX_POINT('',#11288);
#5396=VERTEX_POINT('',#11290);
#5397=VERTEX_POINT('',#11292);
#5398=VERTEX_POINT('',#11295);
#5399=VERTEX_POINT('',#11296);
#5400=VERTEX_POINT('',#11298);
#5401=VERTEX_POINT('',#11300);
#5402=VERTEX_POINT('',#11302);
#5403=VERTEX_POINT('',#11304);
#5404=VERTEX_POINT('',#11306);
#5405=VERTEX_POINT('',#11308);
#5406=VERTEX_POINT('',#11310);
#5407=VERTEX_POINT('',#11312);
#5408=VERTEX_POINT('',#11314);
#5409=VERTEX_POINT('',#11316);
#5410=VERTEX_POINT('',#11318);
#5411=VERTEX_POINT('',#11320);
#5412=VERTEX_POINT('',#11322);
#5413=VERTEX_POINT('',#11324);
#5414=VERTEX_POINT('',#11326);
#5415=VERTEX_POINT('',#11328);
#5416=VERTEX_POINT('',#11331);
#5417=VERTEX_POINT('',#11332);
#5418=VERTEX_POINT('',#11334);
#5419=VERTEX_POINT('',#11336);
#5420=VERTEX_POINT('',#11338);
#5421=VERTEX_POINT('',#11340);
#5422=VERTEX_POINT('',#11342);
#5423=VERTEX_POINT('',#11344);
#5424=VERTEX_POINT('',#11346);
#5425=VERTEX_POINT('',#11348);
#5426=VERTEX_POINT('',#11350);
#5427=VERTEX_POINT('',#11352);
#5428=VERTEX_POINT('',#11354);
#5429=VERTEX_POINT('',#11356);
#5430=VERTEX_POINT('',#11358);
#5431=VERTEX_POINT('',#11361);
#5432=VERTEX_POINT('',#11362);
#5433=VERTEX_POINT('',#11364);
#5434=VERTEX_POINT('',#11366);
#5435=VERTEX_POINT('',#11368);
#5436=VERTEX_POINT('',#11370);
#5437=VERTEX_POINT('',#11372);
#5438=VERTEX_POINT('',#11374);
#5439=VERTEX_POINT('',#11376);
#5440=VERTEX_POINT('',#11378);
#5441=VERTEX_POINT('',#11380);
#5442=VERTEX_POINT('',#11382);
#5443=VERTEX_POINT('',#11384);
#5444=VERTEX_POINT('',#11386);
#5445=VERTEX_POINT('',#11388);
#5446=VERTEX_POINT('',#11390);
#5447=VERTEX_POINT('',#11392);
#5448=VERTEX_POINT('',#11394);
#5449=VERTEX_POINT('',#11397);
#5450=VERTEX_POINT('',#11398);
#5451=VERTEX_POINT('',#11400);
#5452=VERTEX_POINT('',#11402);
#5453=VERTEX_POINT('',#11404);
#5454=VERTEX_POINT('',#11406);
#5455=VERTEX_POINT('',#11409);
#5456=VERTEX_POINT('',#11410);
#5457=VERTEX_POINT('',#11412);
#5458=VERTEX_POINT('',#11414);
#5459=VERTEX_POINT('',#11416);
#5460=VERTEX_POINT('',#11418);
#5461=VERTEX_POINT('',#11420);
#5462=VERTEX_POINT('',#11422);
#5463=VERTEX_POINT('',#11424);
#5464=VERTEX_POINT('',#11426);
#5465=VERTEX_POINT('',#11428);
#5466=VERTEX_POINT('',#11430);
#5467=VERTEX_POINT('',#11432);
#5468=VERTEX_POINT('',#11434);
#5469=VERTEX_POINT('',#11436);
#5470=VERTEX_POINT('',#11438);
#5471=VERTEX_POINT('',#11440);
#5472=VERTEX_POINT('',#11442);
#5473=VERTEX_POINT('',#11445);
#5474=VERTEX_POINT('',#11446);
#5475=VERTEX_POINT('',#11448);
#5476=VERTEX_POINT('',#11450);
#5477=VERTEX_POINT('',#11452);
#5478=VERTEX_POINT('',#11454);
#5479=VERTEX_POINT('',#11456);
#5480=VERTEX_POINT('',#11458);
#5481=VERTEX_POINT('',#11460);
#5482=VERTEX_POINT('',#11462);
#5483=VERTEX_POINT('',#11464);
#5484=VERTEX_POINT('',#11466);
#5485=VERTEX_POINT('',#11468);
#5486=VERTEX_POINT('',#11470);
#5487=VERTEX_POINT('',#11472);
#5488=VERTEX_POINT('',#11475);
#5489=VERTEX_POINT('',#11476);
#5490=VERTEX_POINT('',#11478);
#5491=VERTEX_POINT('',#11480);
#5492=VERTEX_POINT('',#11483);
#5493=VERTEX_POINT('',#11484);
#5494=VERTEX_POINT('',#11486);
#5495=VERTEX_POINT('',#11488);
#5496=VERTEX_POINT('',#11491);
#5497=VERTEX_POINT('',#11492);
#5498=VERTEX_POINT('',#11494);
#5499=VERTEX_POINT('',#11496);
#5500=VERTEX_POINT('',#11499);
#5501=VERTEX_POINT('',#11500);
#5502=VERTEX_POINT('',#11502);
#5503=VERTEX_POINT('',#11504);
#5504=VERTEX_POINT('',#11507);
#5505=VERTEX_POINT('',#11508);
#5506=VERTEX_POINT('',#11510);
#5507=VERTEX_POINT('',#11512);
#5508=VERTEX_POINT('',#11515);
#5509=VERTEX_POINT('',#11516);
#5510=VERTEX_POINT('',#11518);
#5511=VERTEX_POINT('',#11520);
#5512=VERTEX_POINT('',#11523);
#5513=VERTEX_POINT('',#11524);
#5514=VERTEX_POINT('',#11526);
#5515=VERTEX_POINT('',#11528);
#5516=VERTEX_POINT('',#11531);
#5517=VERTEX_POINT('',#11532);
#5518=VERTEX_POINT('',#11534);
#5519=VERTEX_POINT('',#11536);
#5520=VERTEX_POINT('',#11539);
#5521=VERTEX_POINT('',#11540);
#5522=VERTEX_POINT('',#11542);
#5523=VERTEX_POINT('',#11544);
#5524=VERTEX_POINT('',#11547);
#5525=VERTEX_POINT('',#11548);
#5526=VERTEX_POINT('',#11550);
#5527=VERTEX_POINT('',#11552);
#5528=VERTEX_POINT('',#11555);
#5529=VERTEX_POINT('',#11556);
#5530=VERTEX_POINT('',#11558);
#5531=VERTEX_POINT('',#11560);
#5532=VERTEX_POINT('',#11563);
#5533=VERTEX_POINT('',#11567);
#5534=VERTEX_POINT('',#11568);
#5535=VERTEX_POINT('',#11572);
#5536=VERTEX_POINT('',#11574);
#5537=VERTEX_POINT('',#11576);
#5538=VERTEX_POINT('',#11578);
#5539=VERTEX_POINT('',#11580);
#5540=VERTEX_POINT('',#11582);
#5541=VERTEX_POINT('',#11584);
#5542=VERTEX_POINT('',#11586);
#5543=VERTEX_POINT('',#11588);
#5544=VERTEX_POINT('',#11590);
#5545=VERTEX_POINT('',#11592);
#5546=VERTEX_POINT('',#11594);
#5547=VERTEX_POINT('',#11596);
#5548=VERTEX_POINT('',#11599);
#5549=VERTEX_POINT('',#11600);
#5550=VERTEX_POINT('',#11602);
#5551=VERTEX_POINT('',#11604);
#5552=VERTEX_POINT('',#11608);
#5553=VERTEX_POINT('',#11610);
#5554=VERTEX_POINT('',#11612);
#5555=VERTEX_POINT('',#11614);
#5556=VERTEX_POINT('',#11616);
#5557=VERTEX_POINT('',#11618);
#5558=VERTEX_POINT('',#11620);
#5559=VERTEX_POINT('',#11622);
#5560=VERTEX_POINT('',#11624);
#5561=VERTEX_POINT('',#11626);
#5562=VERTEX_POINT('',#11628);
#5563=VERTEX_POINT('',#11630);
#5564=VERTEX_POINT('',#11632);
#5565=VERTEX_POINT('',#11636);
#5566=VERTEX_POINT('',#11640);
#5567=VERTEX_POINT('',#11644);
#5568=VERTEX_POINT('',#11648);
#5569=VERTEX_POINT('',#11650);
#5570=VERTEX_POINT('',#11652);
#5571=VERTEX_POINT('',#11654);
#5572=VERTEX_POINT('',#11656);
#5573=VERTEX_POINT('',#11658);
#5574=VERTEX_POINT('',#11660);
#5575=VERTEX_POINT('',#11662);
#5576=VERTEX_POINT('',#11664);
#5577=VERTEX_POINT('',#11667);
#5578=VERTEX_POINT('',#11668);
#5579=VERTEX_POINT('',#11670);
#5580=VERTEX_POINT('',#11674);
#5581=VERTEX_POINT('',#11676);
#5582=VERTEX_POINT('',#11680);
#5583=VERTEX_POINT('',#11684);
#5584=VERTEX_POINT('',#11686);
#5585=VERTEX_POINT('',#11688);
#5586=VERTEX_POINT('',#11690);
#5587=VERTEX_POINT('',#11692);
#5588=VERTEX_POINT('',#11695);
#5589=VERTEX_POINT('',#11696);
#5590=VERTEX_POINT('',#11698);
#5591=VERTEX_POINT('',#11700);
#5592=VERTEX_POINT('',#11703);
#5593=VERTEX_POINT('',#11704);
#5594=VERTEX_POINT('',#11706);
#5595=VERTEX_POINT('',#11710);
#5596=VERTEX_POINT('',#11712);
#5597=VERTEX_POINT('',#11716);
#5598=VERTEX_POINT('',#11718);
#5599=VERTEX_POINT('',#11720);
#5600=VERTEX_POINT('',#11722);
#5601=VERTEX_POINT('',#11724);
#5602=VERTEX_POINT('',#11728);
#5603=VERTEX_POINT('',#11730);
#5604=VERTEX_POINT('',#11734);
#5605=VERTEX_POINT('',#11736);
#5606=VERTEX_POINT('',#11739);
#5607=VERTEX_POINT('',#11740);
#5608=VERTEX_POINT('',#11742);
#5609=VERTEX_POINT('',#11744);
#5610=VERTEX_POINT('',#11746);
#5611=VERTEX_POINT('',#11748);
#5612=VERTEX_POINT('',#11750);
#5613=VERTEX_POINT('',#11752);
#5614=VERTEX_POINT('',#11754);
#5615=VERTEX_POINT('',#11756);
#5616=VERTEX_POINT('',#11758);
#5617=VERTEX_POINT('',#11760);
#5618=VERTEX_POINT('',#11762);
#5619=VERTEX_POINT('',#11764);
#5620=VERTEX_POINT('',#11766);
#5621=VERTEX_POINT('',#11768);
#5622=VERTEX_POINT('',#11772);
#5623=VERTEX_POINT('',#11774);
#5624=VERTEX_POINT('',#11776);
#5625=VERTEX_POINT('',#11778);
#5626=VERTEX_POINT('',#11780);
#5627=VERTEX_POINT('',#11782);
#5628=VERTEX_POINT('',#11784);
#5629=VERTEX_POINT('',#11788);
#5630=VERTEX_POINT('',#11790);
#5631=VERTEX_POINT('',#11792);
#5632=VERTEX_POINT('',#11794);
#5633=VERTEX_POINT('',#11796);
#5634=VERTEX_POINT('',#11801);
#5635=VERTEX_POINT('',#11802);
#5636=VERTEX_POINT('',#11804);
#5637=VERTEX_POINT('',#11808);
#5638=VERTEX_POINT('',#11810);
#5639=VERTEX_POINT('',#11812);
#5640=VERTEX_POINT('',#11816);
#5641=VERTEX_POINT('',#11818);
#5642=VERTEX_POINT('',#11822);
#5643=VERTEX_POINT('',#11824);
#5644=VERTEX_POINT('',#11826);
#5645=VERTEX_POINT('',#11828);
#5646=VERTEX_POINT('',#11830);
#5647=VERTEX_POINT('',#11832);
#5648=VERTEX_POINT('',#11836);
#5649=VERTEX_POINT('',#11840);
#5650=VERTEX_POINT('',#11844);
#5651=VERTEX_POINT('',#11848);
#5652=VERTEX_POINT('',#11850);
#5653=VERTEX_POINT('',#11852);
#5654=VERTEX_POINT('',#11854);
#5655=VERTEX_POINT('',#11856);
#5656=VERTEX_POINT('',#11858);
#5657=VERTEX_POINT('',#11860);
#5658=VERTEX_POINT('',#11862);
#5659=VERTEX_POINT('',#11864);
#5660=VERTEX_POINT('',#11866);
#5661=VERTEX_POINT('',#11868);
#5662=VERTEX_POINT('',#11870);
#5663=VERTEX_POINT('',#11872);
#5664=VERTEX_POINT('',#11874);
#5665=VERTEX_POINT('',#11878);
#5666=VERTEX_POINT('',#11880);
#5667=VERTEX_POINT('',#11882);
#5668=VERTEX_POINT('',#11885);
#5669=VERTEX_POINT('',#11886);
#5670=VERTEX_POINT('',#11888);
#5671=VERTEX_POINT('',#11890);
#5672=VERTEX_POINT('',#11893);
#5673=VERTEX_POINT('',#11894);
#5674=VERTEX_POINT('',#11896);
#5675=VERTEX_POINT('',#11898);
#5676=VERTEX_POINT('',#11900);
#5677=VERTEX_POINT('',#11902);
#5678=VERTEX_POINT('',#11904);
#5679=VERTEX_POINT('',#11906);
#5680=VERTEX_POINT('',#11910);
#5681=VERTEX_POINT('',#11911);
#5682=VERTEX_POINT('',#11913);
#5683=VERTEX_POINT('',#11915);
#5684=VERTEX_POINT('',#11919);
#5685=VERTEX_POINT('',#11920);
#5686=VERTEX_POINT('',#11922);
#5687=VERTEX_POINT('',#11924);
#5688=VERTEX_POINT('',#11927);
#5689=VERTEX_POINT('',#11929);
#5690=VERTEX_POINT('',#11931);
#5691=VERTEX_POINT('',#11933);
#5692=VERTEX_POINT('',#11934);
#5693=VERTEX_POINT('',#11936);
#5694=VERTEX_POINT('',#11938);
#5695=VERTEX_POINT('',#11941);
#5696=VERTEX_POINT('',#11943);
#5697=VERTEX_POINT('',#11945);
#5698=VERTEX_POINT('',#11946);
#5699=VERTEX_POINT('',#11948);
#5700=VERTEX_POINT('',#11950);
#5701=VERTEX_POINT('',#11953);
#5702=VERTEX_POINT('',#11954);
#5703=VERTEX_POINT('',#11956);
#5704=VERTEX_POINT('',#11958);
#5705=VERTEX_POINT('',#11961);
#5706=VERTEX_POINT('',#11962);
#5707=VERTEX_POINT('',#11964);
#5708=VERTEX_POINT('',#11966);
#5709=VERTEX_POINT('',#11969);
#5710=VERTEX_POINT('',#11970);
#5711=VERTEX_POINT('',#11972);
#5712=VERTEX_POINT('',#11974);
#5713=VERTEX_POINT('',#11977);
#5714=VERTEX_POINT('',#11978);
#5715=VERTEX_POINT('',#11980);
#5716=VERTEX_POINT('',#11982);
#5717=VERTEX_POINT('',#11985);
#5718=VERTEX_POINT('',#11986);
#5719=VERTEX_POINT('',#11988);
#5720=VERTEX_POINT('',#11990);
#5721=VERTEX_POINT('',#11993);
#5722=VERTEX_POINT('',#11994);
#5723=VERTEX_POINT('',#11996);
#5724=VERTEX_POINT('',#11998);
#5725=VERTEX_POINT('',#12001);
#5726=VERTEX_POINT('',#12002);
#5727=VERTEX_POINT('',#12004);
#5728=VERTEX_POINT('',#12006);
#5729=VERTEX_POINT('',#12009);
#5730=VERTEX_POINT('',#12010);
#5731=VERTEX_POINT('',#12012);
#5732=VERTEX_POINT('',#12014);
#5733=VERTEX_POINT('',#12017);
#5734=VERTEX_POINT('',#12018);
#5735=VERTEX_POINT('',#12020);
#5736=VERTEX_POINT('',#12022);
#5737=VERTEX_POINT('',#12025);
#5738=VERTEX_POINT('',#12026);
#5739=VERTEX_POINT('',#12028);
#5740=VERTEX_POINT('',#12031);
#5741=VERTEX_POINT('',#12033);
#5742=VERTEX_POINT('',#12035);
#5743=VERTEX_POINT('',#12039);
#5744=VERTEX_POINT('',#12041);
#5745=VERTEX_POINT('',#12045);
#5746=VERTEX_POINT('',#12049);
#5747=VERTEX_POINT('',#12055);
#5748=VERTEX_POINT('',#12057);
#5749=VERTEX_POINT('',#12061);
#5750=VERTEX_POINT('',#12065);
#5751=VERTEX_POINT('',#12135);
#5752=VERTEX_POINT('',#12155);
#5753=VERTEX_POINT('',#12158);
#5754=VERTEX_POINT('',#12161);
#5755=VERTEX_POINT('',#12172);
#5756=VERTEX_POINT('',#12173);
#5757=VERTEX_POINT('',#12175);
#5758=VERTEX_POINT('',#12177);
#5759=VERTEX_POINT('',#12181);
#5760=VERTEX_POINT('',#12183);
#5761=VERTEX_POINT('',#12187);
#5762=VERTEX_POINT('',#12189);
#5763=VERTEX_POINT('',#12193);
#5764=VERTEX_POINT('',#12195);
#5765=VERTEX_POINT('',#12199);
#5766=VERTEX_POINT('',#12201);
#5767=VERTEX_POINT('',#12205);
#5768=VERTEX_POINT('',#12207);
#5769=VERTEX_POINT('',#12211);
#5770=VERTEX_POINT('',#12213);
#5771=VERTEX_POINT('',#12217);
#5772=VERTEX_POINT('',#12219);
#5773=VERTEX_POINT('',#12223);
#5774=VERTEX_POINT('',#12225);
#5775=VERTEX_POINT('',#12229);
#5776=VERTEX_POINT('',#12231);
#5777=VERTEX_POINT('',#12242);
#5778=VERTEX_POINT('',#12246);
#5779=VERTEX_POINT('',#12250);
#5780=VERTEX_POINT('',#12254);
#5781=VERTEX_POINT('',#12258);
#5782=VERTEX_POINT('',#12262);
#5783=VERTEX_POINT('',#12266);
#5784=VERTEX_POINT('',#12270);
#5785=VERTEX_POINT('',#12274);
#5786=VERTEX_POINT('',#12278);
#5787=VERTEX_POINT('',#12282);
#5788=VERTEX_POINT('',#12286);
#5789=VERTEX_POINT('',#12290);
#5790=VERTEX_POINT('',#12294);
#5791=VERTEX_POINT('',#12298);
#5792=VERTEX_POINT('',#12318);
#5793=VERTEX_POINT('',#12319);
#5794=VERTEX_POINT('',#12321);
#5795=VERTEX_POINT('',#12323);
#5796=VERTEX_POINT('',#12327);
#5797=VERTEX_POINT('',#12329);
#5798=VERTEX_POINT('',#12333);
#5799=VERTEX_POINT('',#12335);
#5800=VERTEX_POINT('',#12339);
#5801=VERTEX_POINT('',#12341);
#5802=VERTEX_POINT('',#12345);
#5803=VERTEX_POINT('',#12347);
#5804=VERTEX_POINT('',#12351);
#5805=VERTEX_POINT('',#12353);
#5806=VERTEX_POINT('',#12357);
#5807=VERTEX_POINT('',#12359);
#5808=VERTEX_POINT('',#12363);
#5809=VERTEX_POINT('',#12365);
#5810=VERTEX_POINT('',#12369);
#5811=VERTEX_POINT('',#12371);
#5812=VERTEX_POINT('',#12375);
#5813=VERTEX_POINT('',#12377);
#5814=VERTEX_POINT('',#12381);
#5815=VERTEX_POINT('',#12385);
#5816=VERTEX_POINT('',#12389);
#5817=VERTEX_POINT('',#12393);
#5818=VERTEX_POINT('',#12397);
#5819=VERTEX_POINT('',#12401);
#5820=VERTEX_POINT('',#12405);
#5821=VERTEX_POINT('',#12409);
#5822=VERTEX_POINT('',#12413);
#5823=VERTEX_POINT('',#12424);
#5824=VERTEX_POINT('',#12437);
#5825=VERTEX_POINT('',#12450);
#5826=VERTEX_POINT('',#12463);
#5827=VERTEX_POINT('',#12469);
#5828=VERTEX_POINT('',#12473);
#5829=VERTEX_POINT('',#12477);
#5830=VERTEX_POINT('',#12481);
#5831=VERTEX_POINT('',#12485);
#5832=VERTEX_POINT('',#12489);
#5833=VERTEX_POINT('',#12493);
#5834=VERTEX_POINT('',#12497);
#5835=VERTEX_POINT('',#12501);
#5836=VERTEX_POINT('',#12505);
#5837=VERTEX_POINT('',#12509);
#5838=VERTEX_POINT('',#12513);
#5839=VERTEX_POINT('',#12524);
#5840=VERTEX_POINT('',#12530);
#5841=VERTEX_POINT('',#12541);
#5842=VERTEX_POINT('',#12542);
#5843=VERTEX_POINT('',#12544);
#5844=VERTEX_POINT('',#12546);
#5845=VERTEX_POINT('',#12550);
#5846=VERTEX_POINT('',#12552);
#5847=VERTEX_POINT('',#12556);
#5848=VERTEX_POINT('',#12558);
#5849=VERTEX_POINT('',#12571);
#5850=VERTEX_POINT('',#12573);
#5851=VERTEX_POINT('',#12579);
#5852=VERTEX_POINT('',#12581);
#5853=VERTEX_POINT('',#12585);
#5854=VERTEX_POINT('',#12587);
#5855=VERTEX_POINT('',#12591);
#5856=VERTEX_POINT('',#12593);
#5857=VERTEX_POINT('',#12597);
#5858=VERTEX_POINT('',#12599);
#5859=VERTEX_POINT('',#12603);
#5860=VERTEX_POINT('',#12605);
#5861=VERTEX_POINT('',#12609);
#5862=VERTEX_POINT('',#12613);
#5863=VERTEX_POINT('',#12617);
#5864=VERTEX_POINT('',#12621);
#5865=VERTEX_POINT('',#12625);
#5866=VERTEX_POINT('',#12636);
#5867=VERTEX_POINT('',#12649);
#5868=VERTEX_POINT('',#12655);
#5869=VERTEX_POINT('',#12666);
#5870=VERTEX_POINT('',#12690);
#5871=VERTEX_POINT('',#12692);
#5872=VERTEX_POINT('',#12696);
#5873=VERTEX_POINT('',#12700);
#5874=VERTEX_POINT('',#12707);
#5875=VERTEX_POINT('',#12708);
#5876=VERTEX_POINT('',#12710);
#5877=VERTEX_POINT('',#12712);
#5878=VERTEX_POINT('',#12716);
#5879=VERTEX_POINT('',#12718);
#5880=VERTEX_POINT('',#12722);
#5881=VERTEX_POINT('',#12724);
#5882=VERTEX_POINT('',#12728);
#5883=VERTEX_POINT('',#12730);
#5884=VERTEX_POINT('',#12734);
#5885=VERTEX_POINT('',#12736);
#5886=VERTEX_POINT('',#12740);
#5887=VERTEX_POINT('',#12742);
#5888=VERTEX_POINT('',#12746);
#5889=VERTEX_POINT('',#12748);
#5890=VERTEX_POINT('',#12752);
#5891=VERTEX_POINT('',#12754);
#5892=VERTEX_POINT('',#12758);
#5893=VERTEX_POINT('',#12760);
#5894=VERTEX_POINT('',#12764);
#5895=VERTEX_POINT('',#12766);
#5896=VERTEX_POINT('',#12770);
#5897=VERTEX_POINT('',#12772);
#5898=VERTEX_POINT('',#12776);
#5899=VERTEX_POINT('',#12778);
#5900=VERTEX_POINT('',#12782);
#5901=VERTEX_POINT('',#12784);
#5902=VERTEX_POINT('',#12788);
#5903=VERTEX_POINT('',#12790);
#5904=VERTEX_POINT('',#12794);
#5905=VERTEX_POINT('',#12798);
#5906=VERTEX_POINT('',#12809);
#5907=VERTEX_POINT('',#12815);
#5908=VERTEX_POINT('',#12826);
#5909=VERTEX_POINT('',#12832);
#5910=VERTEX_POINT('',#12836);
#5911=VERTEX_POINT('',#12840);
#5912=VERTEX_POINT('',#12844);
#5913=VERTEX_POINT('',#12855);
#5914=VERTEX_POINT('',#12861);
#5915=VERTEX_POINT('',#12872);
#5916=VERTEX_POINT('',#12885);
#5917=VERTEX_POINT('',#12887);
#5918=VERTEX_POINT('',#12891);
#5919=VERTEX_POINT('',#12895);
#5920=VERTEX_POINT('',#12899);
#5921=VERTEX_POINT('',#12903);
#5922=VERTEX_POINT('',#12907);
#5923=VERTEX_POINT('',#12918);
#5924=VERTEX_POINT('',#12924);
#5925=VERTEX_POINT('',#12928);
#5926=VERTEX_POINT('',#12932);
#5927=VERTEX_POINT('',#12936);
#5928=VERTEX_POINT('',#12940);
#5929=VERTEX_POINT('',#12944);
#5930=VERTEX_POINT('',#12955);
#5931=VERTEX_POINT('',#12961);
#5932=VERTEX_POINT('',#12965);
#5933=VERTEX_POINT('',#12969);
#5934=VERTEX_POINT('',#12973);
#5935=VERTEX_POINT('',#12977);
#5936=VERTEX_POINT('',#12981);
#5937=VERTEX_POINT('',#12985);
#5938=VERTEX_POINT('',#12989);
#5939=VERTEX_POINT('',#12993);
#5940=VERTEX_POINT('',#12997);
#5941=VERTEX_POINT('',#13001);
#5942=VERTEX_POINT('',#13005);
#5943=VERTEX_POINT('',#13009);
#5944=VERTEX_POINT('',#13023);
#5945=VERTEX_POINT('',#13027);
#5946=VERTEX_POINT('',#13031);
#5947=VERTEX_POINT('',#13035);
#5948=VERTEX_POINT('',#13039);
#5949=VERTEX_POINT('',#13050);
#5950=VERTEX_POINT('',#13056);
#5951=VERTEX_POINT('',#13060);
#5952=VERTEX_POINT('',#13064);
#5953=VERTEX_POINT('',#13068);
#5954=VERTEX_POINT('',#13072);
#5955=VERTEX_POINT('',#13076);
#5956=VERTEX_POINT('',#13080);
#5957=VERTEX_POINT('',#13084);
#5958=VERTEX_POINT('',#13088);
#5959=VERTEX_POINT('',#13092);
#5960=VERTEX_POINT('',#13096);
#5961=VERTEX_POINT('',#13100);
#5962=VERTEX_POINT('',#13104);
#5963=VERTEX_POINT('',#13115);
#5964=VERTEX_POINT('',#13128);
#5965=VERTEX_POINT('',#13141);
#5966=VERTEX_POINT('',#13154);
#5967=VERTEX_POINT('',#13160);
#5968=VERTEX_POINT('',#13164);
#5969=VERTEX_POINT('',#13168);
#5970=VERTEX_POINT('',#13172);
#5971=VERTEX_POINT('',#13176);
#5972=VERTEX_POINT('',#13187);
#5973=VERTEX_POINT('',#13193);
#5974=VERTEX_POINT('',#13204);
#5975=VERTEX_POINT('',#13210);
#5976=VERTEX_POINT('',#13214);
#5977=VERTEX_POINT('',#13225);
#5978=VERTEX_POINT('',#13234);
#5979=VERTEX_POINT('',#13236);
#5980=VERTEX_POINT('',#13240);
#5981=VERTEX_POINT('',#13244);
#5982=VERTEX_POINT('',#13267);
#5983=VERTEX_POINT('',#13268);
#5984=VERTEX_POINT('',#13270);
#5985=VERTEX_POINT('',#13272);
#5986=VERTEX_POINT('',#13276);
#5987=VERTEX_POINT('',#13278);
#5988=VERTEX_POINT('',#13282);
#5989=VERTEX_POINT('',#13284);
#5990=VERTEX_POINT('',#13288);
#5991=VERTEX_POINT('',#13290);
#5992=VERTEX_POINT('',#13294);
#5993=VERTEX_POINT('',#13296);
#5994=VERTEX_POINT('',#13300);
#5995=VERTEX_POINT('',#13302);
#5996=VERTEX_POINT('',#13306);
#5997=VERTEX_POINT('',#13308);
#5998=VERTEX_POINT('',#13312);
#5999=VERTEX_POINT('',#13314);
#6000=VERTEX_POINT('',#13318);
#6001=VERTEX_POINT('',#13320);
#6002=VERTEX_POINT('',#13324);
#6003=VERTEX_POINT('',#13326);
#6004=VERTEX_POINT('',#13330);
#6005=VERTEX_POINT('',#13332);
#6006=VERTEX_POINT('',#13336);
#6007=VERTEX_POINT('',#13337);
#6008=VERTEX_POINT('',#13339);
#6009=VERTEX_POINT('',#13341);
#6010=VERTEX_POINT('',#13345);
#6011=VERTEX_POINT('',#13347);
#6012=VERTEX_POINT('',#13351);
#6013=VERTEX_POINT('',#13353);
#6014=VERTEX_POINT('',#13357);
#6015=VERTEX_POINT('',#13359);
#6016=VERTEX_POINT('',#13363);
#6017=VERTEX_POINT('',#13365);
#6018=VERTEX_POINT('',#13369);
#6019=VERTEX_POINT('',#13371);
#6020=VERTEX_POINT('',#13375);
#6021=VERTEX_POINT('',#13377);
#6022=VERTEX_POINT('',#13381);
#6023=VERTEX_POINT('',#13383);
#6024=VERTEX_POINT('',#13387);
#6025=VERTEX_POINT('',#13389);
#6026=VERTEX_POINT('',#13393);
#6027=VERTEX_POINT('',#13395);
#6028=VERTEX_POINT('',#13399);
#6029=VERTEX_POINT('',#13401);
#6030=VERTEX_POINT('',#13405);
#6031=VERTEX_POINT('',#13407);
#6032=VERTEX_POINT('',#13411);
#6033=VERTEX_POINT('',#13415);
#6034=VERTEX_POINT('',#13419);
#6035=VERTEX_POINT('',#13423);
#6036=VERTEX_POINT('',#13427);
#6037=VERTEX_POINT('',#13431);
#6038=VERTEX_POINT('',#13435);
#6039=VERTEX_POINT('',#13439);
#6040=VERTEX_POINT('',#13443);
#6041=VERTEX_POINT('',#13447);
#6042=VERTEX_POINT('',#13451);
#6043=VERTEX_POINT('',#13455);
#6044=VERTEX_POINT('',#13459);
#6045=VERTEX_POINT('',#13474);
#6046=VERTEX_POINT('',#13476);
#6047=VERTEX_POINT('',#13480);
#6048=VERTEX_POINT('',#13484);
#6049=VERTEX_POINT('',#13488);
#6050=VERTEX_POINT('',#13492);
#6051=VERTEX_POINT('',#13496);
#6052=VERTEX_POINT('',#13500);
#6053=VERTEX_POINT('',#13504);
#6054=VERTEX_POINT('',#13508);
#6055=VERTEX_POINT('',#13512);
#6056=VERTEX_POINT('',#13516);
#6057=VERTEX_POINT('',#13520);
#6058=VERTEX_POINT('',#13524);
#6059=VERTEX_POINT('',#13528);
#6060=VERTEX_POINT('',#13532);
#6061=VERTEX_POINT('',#13536);
#6062=VERTEX_POINT('',#13540);
#6063=VERTEX_POINT('',#13547);
#6064=VERTEX_POINT('',#13549);
#6065=VERTEX_POINT('',#13553);
#6066=VERTEX_POINT('',#13557);
#6067=VERTEX_POINT('',#13561);
#6068=VERTEX_POINT('',#13565);
#6069=VERTEX_POINT('',#13572);
#6070=VERTEX_POINT('',#13574);
#6071=VERTEX_POINT('',#13578);
#6072=VERTEX_POINT('',#13582);
#6073=VERTEX_POINT('',#13586);
#6074=VERTEX_POINT('',#13590);
#6075=VERTEX_POINT('',#13594);
#6076=VERTEX_POINT('',#13598);
#6077=VERTEX_POINT('',#13602);
#6078=VERTEX_POINT('',#13606);
#6079=VERTEX_POINT('',#13610);
#6080=VERTEX_POINT('',#13614);
#6081=VERTEX_POINT('',#13618);
#6082=VERTEX_POINT('',#13622);
#6083=VERTEX_POINT('',#13626);
#6084=VERTEX_POINT('',#13630);
#6085=VERTEX_POINT('',#13634);
#6086=VERTEX_POINT('',#13638);
#6087=VERTEX_POINT('',#13645);
#6088=VERTEX_POINT('',#13647);
#6089=VERTEX_POINT('',#13651);
#6090=VERTEX_POINT('',#13655);
#6091=VERTEX_POINT('',#13659);
#6092=VERTEX_POINT('',#13663);
#6093=VERTEX_POINT('',#13667);
#6094=VERTEX_POINT('',#13671);
#6095=VERTEX_POINT('',#13675);
#6096=VERTEX_POINT('',#13679);
#6097=VERTEX_POINT('',#13683);
#6098=VERTEX_POINT('',#13687);
#6099=VERTEX_POINT('',#13691);
#6100=VERTEX_POINT('',#13695);
#6101=VERTEX_POINT('',#13699);
#6102=VERTEX_POINT('',#13706);
#6103=VERTEX_POINT('',#13708);
#6104=VERTEX_POINT('',#13712);
#6105=VERTEX_POINT('',#13716);
#6106=VERTEX_POINT('',#13720);
#6107=VERTEX_POINT('',#13724);
#6108=VERTEX_POINT('',#13728);
#6109=VERTEX_POINT('',#13732);
#6110=VERTEX_POINT('',#13736);
#6111=VERTEX_POINT('',#13740);
#6112=VERTEX_POINT('',#13744);
#6113=VERTEX_POINT('',#13748);
#6114=VERTEX_POINT('',#13752);
#6115=VERTEX_POINT('',#13756);
#6116=VERTEX_POINT('',#13760);
#6117=VERTEX_POINT('',#13764);
#6118=VERTEX_POINT('',#13768);
#6119=VERTEX_POINT('',#13772);
#6120=VERTEX_POINT('',#13779);
#6121=VERTEX_POINT('',#13780);
#6122=VERTEX_POINT('',#13782);
#6123=VERTEX_POINT('',#13784);
#6124=VERTEX_POINT('',#13788);
#6125=VERTEX_POINT('',#13790);
#6126=VERTEX_POINT('',#13794);
#6127=VERTEX_POINT('',#13796);
#6128=VERTEX_POINT('',#13800);
#6129=VERTEX_POINT('',#13802);
#6130=VERTEX_POINT('',#13806);
#6131=VERTEX_POINT('',#13808);
#6132=VERTEX_POINT('',#13812);
#6133=VERTEX_POINT('',#13814);
#6134=VERTEX_POINT('',#13818);
#6135=VERTEX_POINT('',#13820);
#6136=VERTEX_POINT('',#13824);
#6137=VERTEX_POINT('',#13826);
#6138=VERTEX_POINT('',#13830);
#6139=VERTEX_POINT('',#13834);
#6140=VERTEX_POINT('',#13838);
#6141=VERTEX_POINT('',#13842);
#6142=VERTEX_POINT('',#13846);
#6143=VERTEX_POINT('',#13850);
#6144=VERTEX_POINT('',#13854);
#6145=VERTEX_POINT('',#13858);
#6146=VERTEX_POINT('',#13862);
#6147=VERTEX_POINT('',#13866);
#6148=VERTEX_POINT('',#13870);
#6149=VERTEX_POINT('',#13874);
#6150=VERTEX_POINT('',#13885);
#6151=VERTEX_POINT('',#13887);
#6152=VERTEX_POINT('',#13891);
#6153=VERTEX_POINT('',#13895);
#6154=VERTEX_POINT('',#13899);
#6155=VERTEX_POINT('',#13903);
#6156=VERTEX_POINT('',#13907);
#6157=VERTEX_POINT('',#13911);
#6158=VERTEX_POINT('',#13915);
#6159=VERTEX_POINT('',#13919);
#6160=VERTEX_POINT('',#13923);
#6161=VERTEX_POINT('',#13927);
#6162=CIRCLE('',#8162,1.9);
#6163=CIRCLE('',#8163,1.9);
#6164=CIRCLE('',#8164,1.9);
#6165=CIRCLE('',#8165,1.9);
#6166=CIRCLE('',#8166,0.547586632179712);
#6167=CIRCLE('',#8167,0.604954337739935);
#6168=CIRCLE('',#8168,0.548069064163161);
#6169=CIRCLE('',#8169,0.558193193589243);
#6170=CIRCLE('',#8170,0.59971372899292);
#6171=CIRCLE('',#8171,0.547586632181075);
#6172=CIRCLE('',#8172,0.546395201601055);
#6173=CIRCLE('',#8173,0.608636789354303);
#6174=CIRCLE('',#8174,0.545876192368043);
#6175=CIRCLE('',#8175,0.54587619236787);
#6176=CIRCLE('',#8176,0.608636789354802);
#6177=CIRCLE('',#8177,0.546395201601088);
#6178=CIRCLE('',#8178,0.147994398399936);
#6179=CIRCLE('',#8179,0.141967772902985);
#6180=CIRCLE('',#8180,0.14280984807745);
#6181=CIRCLE('',#8181,0.142809848077231);
#6182=CIRCLE('',#8182,0.546395201601345);
#6183=CIRCLE('',#8183,0.608636789354275);
#6184=CIRCLE('',#8184,0.545876192368175);
#6185=CIRCLE('',#8185,0.545876192368013);
#6186=CIRCLE('',#8186,0.608636789354835);
#6187=CIRCLE('',#8187,0.546395201601329);
#6188=CIRCLE('',#8188,0.147994398399661);
#6189=CIRCLE('',#8189,0.141967772577134);
#6190=CIRCLE('',#8190,0.1428098480774);
#6191=CIRCLE('',#8191,0.142809848077356);
#6192=CIRCLE('',#8192,0.546395201600738);
#6193=CIRCLE('',#8193,0.605864167259114);
#6194=CIRCLE('',#8194,0.547586632181318);
#6195=CIRCLE('',#8195,0.0479461551336495);
#6196=CIRCLE('',#8196,0.0479461551337189);
#6197=CIRCLE('',#8197,0.0547171969087227);
#6198=CIRCLE('',#8198,0.0452867196245668);
#6199=CIRCLE('',#8199,0.545876192367237);
#6200=CIRCLE('',#8200,0.608636789354379);
#6201=CIRCLE('',#8201,0.546395201601076);
#6202=CIRCLE('',#8202,0.547586632180639);
#6203=CIRCLE('',#8203,0.605864167260998);
#6204=CIRCLE('',#8204,0.547586632181149);
#6205=CIRCLE('',#8205,0.621912993800136);
#6206=CIRCLE('',#8206,0.380131842251202);
#6207=CIRCLE('',#8207,0.959872489103593);
#6208=CIRCLE('',#8208,0.529631469727653);
#6209=CIRCLE('',#8209,0.545876192368185);
#6210=CIRCLE('',#8210,0.603275943677699);
#6211=CIRCLE('',#8211,0.556496176777404);
#6212=CIRCLE('',#8212,0.75);
#6213=CIRCLE('',#8213,0.75);
#6214=CIRCLE('',#8214,0.75);
#6215=CIRCLE('',#8215,0.75);
#6216=CIRCLE('',#8216,3.75);
#6217=CIRCLE('',#8217,0.913988204502646);
#6218=CIRCLE('',#8218,0.461885771367971);
#6219=CIRCLE('',#8219,0.395310790413261);
#6220=CIRCLE('',#8220,0.51000934724612);
#6221=CIRCLE('',#8221,0.677939820828327);
#6222=CIRCLE('',#8222,0.774107737676042);
#6223=CIRCLE('',#8223,0.430336044283921);
#6224=CIRCLE('',#8224,0.422486482343846);
#6225=CIRCLE('',#8225,0.440984471399451);
#6226=CIRCLE('',#8226,0.525103793828318);
#6227=CIRCLE('',#8227,0.661026796371843);
#6228=CIRCLE('',#8228,1.30702156862351);
#6229=CIRCLE('',#8229,4.31688010600364);
#6230=CIRCLE('',#8230,0.352130090431448);
#6231=CIRCLE('',#8231,0.123827691114099);
#6232=CIRCLE('',#8232,0.101664070137916);
#6233=CIRCLE('',#8233,0.114757211521779);
#6234=CIRCLE('',#8234,0.10524525741832);
#6235=CIRCLE('',#8235,0.394252890162221);
#6236=CIRCLE('',#8236,3.93317679926256);
#6237=CIRCLE('',#8237,2.33243962403094);
#6238=CIRCLE('',#8238,0.907041168059698);
#6239=CIRCLE('',#8239,0.48772241096172);
#6240=CIRCLE('',#8240,0.329275728742992);
#6241=CIRCLE('',#8241,0.560656199603513);
#6242=CIRCLE('',#8242,0.538716135293672);
#6243=CIRCLE('',#8243,1.17844594736176);
#6244=CIRCLE('',#8244,0.855069506699592);
#6245=CIRCLE('',#8245,0.511661116741624);
#6246=CIRCLE('',#8246,0.51166111674146);
#6247=CIRCLE('',#8247,0.85506950666622);
#6248=CIRCLE('',#8248,0.856543321500277);
#6249=CIRCLE('',#8249,0.522227622784255);
#6250=CIRCLE('',#8250,0.522227622782396);
#6251=CIRCLE('',#8251,0.8565433215387);
#6252=CIRCLE('',#8252,0.660882122431144);
#6253=CIRCLE('',#8253,0.662097964096509);
#6254=CIRCLE('',#8254,0.349908668125838);
#6255=CIRCLE('',#8255,0.355114378254475);
#6256=CIRCLE('',#8256,0.672635007241264);
#6257=CIRCLE('',#8257,0.655892895908072);
#6258=CIRCLE('',#8258,0.348862107433091);
#6259=CIRCLE('',#8259,0.364210399114089);
#6260=CIRCLE('',#8260,0.62241673088418);
#6261=CIRCLE('',#8261,0.102970172458887);
#6262=CIRCLE('',#8262,0.257638116489394);
#6263=CIRCLE('',#8263,0.417991208103584);
#6264=CIRCLE('',#8264,0.108302326467572);
#6265=CIRCLE('',#8265,0.247525005108546);
#6266=CIRCLE('',#8266,0.430476709868303);
#6267=CIRCLE('',#8267,0.578587674522233);
#6268=CIRCLE('',#8268,1.23809325445197);
#6269=CIRCLE('',#8269,0.180419336619072);
#6270=CIRCLE('',#8270,0.325206072535322);
#6271=CIRCLE('',#8271,0.48481244278182);
#6272=CIRCLE('',#8272,1.26296649998843);
#6273=CIRCLE('',#8273,1.30703236724644);
#6274=CIRCLE('',#8274,0.511716579193543);
#6275=CIRCLE('',#8275,0.798701772792703);
#6276=CIRCLE('',#8276,1.57602339292594);
#6277=CIRCLE('',#8277,2.17922717449314);
#6278=CIRCLE('',#8278,0.291018653535469);
#6279=CIRCLE('',#8279,0.134025615809149);
#6280=CIRCLE('',#8280,0.129147973716183);
#6281=CIRCLE('',#8281,0.289489202201999);
#6282=CIRCLE('',#8282,0.398785386183023);
#6283=CIRCLE('',#8283,1.40499872733401);
#6284=CIRCLE('',#8284,1.51780376212708);
#6285=CIRCLE('',#8285,0.696868217932698);
#6286=CIRCLE('',#8286,0.636319329327055);
#6287=CIRCLE('',#8287,0.750694614156796);
#6288=CIRCLE('',#8290,1.6);
#6289=CIRCLE('',#8291,1.6);
#6290=CIRCLE('',#8292,1.6);
#6291=CIRCLE('',#8293,0.75);
#6292=CIRCLE('',#8294,0.75);
#6293=CIRCLE('',#8295,3.75);
#6294=CIRCLE('',#8296,1.6);
#6295=CIRCLE('',#8297,0.75);
#6296=CIRCLE('',#8298,0.75);
#6297=CIRCLE('',#8340,1.6);
#6298=CIRCLE('',#8351,1.6);
#6299=CIRCLE('',#8353,1.6);
#6300=CIRCLE('',#8355,1.6);
#6301=CIRCLE('',#8361,0.209322604996074);
#6302=CIRCLE('',#8362,0.209322604996074);
#6303=CIRCLE('',#8364,0.112790339862203);
#6304=CIRCLE('',#8365,0.112790339862203);
#6305=CIRCLE('',#8367,0.163394149277649);
#6306=CIRCLE('',#8368,0.163394149277649);
#6307=CIRCLE('',#8370,0.405107394988603);
#6308=CIRCLE('',#8371,0.405107394988603);
#6309=CIRCLE('',#8374,0.310308213159717);
#6310=CIRCLE('',#8375,0.310308213159717);
#6311=CIRCLE('',#8377,0.112466052959379);
#6312=CIRCLE('',#8378,0.112466052959379);
#6313=CIRCLE('',#8380,0.207249742340798);
#6314=CIRCLE('',#8381,0.207249742340798);
#6315=CIRCLE('',#8383,0.656428474960822);
#6316=CIRCLE('',#8384,0.656428474960822);
#6317=CIRCLE('',#8387,0.430336044283921);
#6318=CIRCLE('',#8389,0.774107737676042);
#6319=CIRCLE('',#8396,0.677939820828327);
#6320=CIRCLE('',#8398,0.51000934724612);
#6321=CIRCLE('',#8400,0.395310790413261);
#6322=CIRCLE('',#8402,0.461885771367971);
#6323=CIRCLE('',#8404,0.913988204502646);
#6324=CIRCLE('',#8407,0.447959433644299);
#6325=CIRCLE('',#8408,0.447959433644299);
#6326=CIRCLE('',#8412,0.144361643392273);
#6327=CIRCLE('',#8413,0.144361643392273);
#6328=CIRCLE('',#8415,0.127396483056792);
#6329=CIRCLE('',#8416,0.127396483056792);
#6330=CIRCLE('',#8418,0.264788999907124);
#6331=CIRCLE('',#8419,0.264788999907124);
#6332=CIRCLE('',#8421,0.379859035941126);
#6333=CIRCLE('',#8422,0.379859035941126);
#6334=CIRCLE('',#8424,0.388973805789298);
#6335=CIRCLE('',#8425,0.388973805789298);
#6336=CIRCLE('',#8427,0.512377458904658);
#6337=CIRCLE('',#8428,0.512377458904658);
#6338=CIRCLE('',#8430,1.6280159284405);
#6339=CIRCLE('',#8431,1.6280159284405);
#6340=CIRCLE('',#8434,0.372346855430174);
#6341=CIRCLE('',#8435,0.372346855430174);
#6342=CIRCLE('',#8437,0.422486482343846);
#6343=CIRCLE('',#8439,0.329275728742992);
#6344=CIRCLE('',#8441,0.48772241096172);
#6345=CIRCLE('',#8443,0.907041168059698);
#6346=CIRCLE('',#8448,2.33243962403094);
#6347=CIRCLE('',#8450,3.93317679926256);
#6348=CIRCLE('',#8455,0.394252890162221);
#6349=CIRCLE('',#8457,0.10524525741832);
#6350=CIRCLE('',#8459,0.114757211521779);
#6351=CIRCLE('',#8461,0.101664070137916);
#6352=CIRCLE('',#8463,0.123827691114099);
#6353=CIRCLE('',#8465,0.352130090431448);
#6354=CIRCLE('',#8468,4.31688010600364);
#6355=CIRCLE('',#8470,1.30702156862351);
#6356=CIRCLE('',#8472,0.661026796371843);
#6357=CIRCLE('',#8474,0.525103793828318);
#6358=CIRCLE('',#8476,0.440984471399451);
#6359=CIRCLE('',#8478,0.183030092528923);
#6360=CIRCLE('',#8479,0.183030092528923);
#6361=CIRCLE('',#8486,0.20859334145868);
#6362=CIRCLE('',#8487,0.20859334145868);
#6363=CIRCLE('',#8489,0.978251770874988);
#6364=CIRCLE('',#8490,0.978251770874988);
#6365=CIRCLE('',#8492,0.946686497562691);
#6366=CIRCLE('',#8493,0.946686497562691);
#6367=CIRCLE('',#8495,0.194007796600849);
#6368=CIRCLE('',#8496,0.194007796600849);
#6369=CIRCLE('',#8502,1.17844594736176);
#6370=CIRCLE('',#8504,0.538716135293672);
#6371=CIRCLE('',#8506,0.560656199603513);
#6372=CIRCLE('',#8516,0.117050603211088);
#6373=CIRCLE('',#8517,0.117050603211088);
#6374=CIRCLE('',#8519,0.117896837635711);
#6375=CIRCLE('',#8520,0.117896837635711);
#6376=CIRCLE('',#8522,0.165021027357504);
#6377=CIRCLE('',#8523,0.165021027357504);
#6378=CIRCLE('',#8525,0.515524645048462);
#6379=CIRCLE('',#8526,0.515524645048462);
#6380=CIRCLE('',#8529,0.515524645058066);
#6381=CIRCLE('',#8530,0.515524645058066);
#6382=CIRCLE('',#8532,0.165021027313139);
#6383=CIRCLE('',#8533,0.165021027313139);
#6384=CIRCLE('',#8535,0.117896837635805);
#6385=CIRCLE('',#8536,0.117896837635805);
#6386=CIRCLE('',#8538,0.117050603211072);
#6387=CIRCLE('',#8539,0.117050603211072);
#6388=CIRCLE('',#8541,0.15546374659855);
#6389=CIRCLE('',#8542,0.15546374659855);
#6390=CIRCLE('',#8544,0.581754392526221);
#6391=CIRCLE('',#8545,0.581754392526221);
#6392=CIRCLE('',#8548,0.581754392529941);
#6393=CIRCLE('',#8549,0.581754392529941);
#6394=CIRCLE('',#8551,0.855069506699592);
#6395=CIRCLE('',#8553,0.8565433215387);
#6396=CIRCLE('',#8555,0.522227622782396);
#6397=CIRCLE('',#8558,0.522227622784255);
#6398=CIRCLE('',#8560,0.856543321500277);
#6399=CIRCLE('',#8562,0.85506950666622);
#6400=CIRCLE('',#8564,0.51166111674146);
#6401=CIRCLE('',#8567,0.511661116741624);
#6402=CIRCLE('',#8569,0.155463746550896);
#6403=CIRCLE('',#8570,0.155463746550896);
#6404=CIRCLE('',#8577,0.430476709868303);
#6405=CIRCLE('',#8579,0.247525005108546);
#6406=CIRCLE('',#8581,0.108302326467572);
#6407=CIRCLE('',#8586,0.417991208103584);
#6408=CIRCLE('',#8588,0.257638116489394);
#6409=CIRCLE('',#8590,0.102970172458887);
#6410=CIRCLE('',#8595,0.62241673088418);
#6411=CIRCLE('',#8597,0.364210399114089);
#6412=CIRCLE('',#8599,0.348862107433091);
#6413=CIRCLE('',#8601,0.655892895908072);
#6414=CIRCLE('',#8603,0.672635007241264);
#6415=CIRCLE('',#8605,0.355114378254475);
#6416=CIRCLE('',#8607,0.349908668125838);
#6417=CIRCLE('',#8609,0.662097964096509);
#6418=CIRCLE('',#8611,0.660882122431144);
#6419=CIRCLE('',#8616,0.750694614156796);
#6420=CIRCLE('',#8618,0.636319329327055);
#6421=CIRCLE('',#8620,0.696868217932698);
#6422=CIRCLE('',#8622,1.51780376212708);
#6423=CIRCLE('',#8625,1.40499872733401);
#6424=CIRCLE('',#8627,0.398785386183023);
#6425=CIRCLE('',#8629,0.289489202201999);
#6426=CIRCLE('',#8631,0.129147973716183);
#6427=CIRCLE('',#8633,0.134025615809149);
#6428=CIRCLE('',#8635,0.291018653535469);
#6429=CIRCLE('',#8637,2.17922717449314);
#6430=CIRCLE('',#8640,1.57602339292594);
#6431=CIRCLE('',#8642,0.798701772792703);
#6432=CIRCLE('',#8644,0.511716579193543);
#6433=CIRCLE('',#8646,1.30703236724644);
#6434=CIRCLE('',#8649,1.26296649998843);
#6435=CIRCLE('',#8651,0.48481244278182);
#6436=CIRCLE('',#8653,0.325206072535322);
#6437=CIRCLE('',#8655,0.180419336619072);
#6438=CIRCLE('',#8657,1.23809325445197);
#6439=CIRCLE('',#8660,0.578587674522233);
#6440=CIRCLE('',#8668,1.);
#6441=CIRCLE('',#8671,1.);
#6442=CIRCLE('',#8683,0.0479461551339492);
#6443=CIRCLE('',#8684,0.0479461551339492);
#6444=CIRCLE('',#8686,0.047946155134453);
#6445=CIRCLE('',#8687,0.047946155134453);
#6446=CIRCLE('',#8690,0.0479461551338481);
#6447=CIRCLE('',#8691,0.0479461551338481);
#6448=CIRCLE('',#8693,0.0479461551335987);
#6449=CIRCLE('',#8694,0.0479461551335987);
#6450=CIRCLE('',#8697,0.0409190382478159);
#6451=CIRCLE('',#8698,0.0409190382478159);
#6452=CIRCLE('',#8700,0.0528199111276386);
#6453=CIRCLE('',#8701,0.0528199111276386);
#6454=CIRCLE('',#8704,0.0528199111277486);
#6455=CIRCLE('',#8705,0.0528199111277486);
#6456=CIRCLE('',#8708,0.0479461551336964);
#6457=CIRCLE('',#8709,0.0479461551336964);
#6458=CIRCLE('',#8711,0.047946155133567);
#6459=CIRCLE('',#8712,0.047946155133567);
#6460=CIRCLE('',#8715,0.0479461551344594);
#6461=CIRCLE('',#8716,0.0479461551344594);
#6462=CIRCLE('',#8718,0.0479461551344121);
#6463=CIRCLE('',#8719,0.0479461551344121);
#6464=CIRCLE('',#8722,0.0547171969084335);
#6465=CIRCLE('',#8723,0.0547171969084335);
#6466=CIRCLE('',#8725,0.0452867196245871);
#6467=CIRCLE('',#8726,0.0452867196245871);
#6468=CIRCLE('',#8729,0.0452867196178319);
#6469=CIRCLE('',#8730,0.0452867196178319);
#6470=CIRCLE('',#8734,0.556496176777404);
#6471=CIRCLE('',#8736,0.603275943677699);
#6472=CIRCLE('',#8738,0.545876192368185);
#6473=CIRCLE('',#8741,0.529631469727653);
#6474=CIRCLE('',#8743,0.959872489103593);
#6475=CIRCLE('',#8745,0.380131842251202);
#6476=CIRCLE('',#8747,0.621912993800136);
#6477=CIRCLE('',#8750,0.547586632181149);
#6478=CIRCLE('',#8752,0.605864167260998);
#6479=CIRCLE('',#8754,0.547586632180639);
#6480=CIRCLE('',#8756,0.0547171969089887);
#6481=CIRCLE('',#8757,0.0547171969089887);
#6482=CIRCLE('',#8760,0.040919038247845);
#6483=CIRCLE('',#8761,0.040919038247845);
#6484=CIRCLE('',#8766,0.546395201600738);
#6485=CIRCLE('',#8769,0.546395201601076);
#6486=CIRCLE('',#8771,0.608636789354379);
#6487=CIRCLE('',#8773,0.545876192367237);
#6488=CIRCLE('',#8778,0.0452867196245668);
#6489=CIRCLE('',#8780,0.0547171969087227);
#6490=CIRCLE('',#8783,0.0479461551337189);
#6491=CIRCLE('',#8785,0.0479461551336495);
#6492=CIRCLE('',#8790,0.547586632181318);
#6493=CIRCLE('',#8792,0.605864167259114);
#6494=CIRCLE('',#8802,0.546395201601345);
#6495=CIRCLE('',#8807,0.142809848077356);
#6496=CIRCLE('',#8809,0.1428098480774);
#6497=CIRCLE('',#8812,0.141967772577134);
#6498=CIRCLE('',#8814,0.147994398399661);
#6499=CIRCLE('',#8819,0.546395201601329);
#6500=CIRCLE('',#8821,0.608636789354835);
#6501=CIRCLE('',#8823,0.545876192368013);
#6502=CIRCLE('',#8826,0.545876192368175);
#6503=CIRCLE('',#8828,0.608636789354275);
#6504=CIRCLE('',#8847,0.546395201601055);
#6505=CIRCLE('',#8852,0.142809848077231);
#6506=CIRCLE('',#8854,0.14280984807745);
#6507=CIRCLE('',#8857,0.141967772902985);
#6508=CIRCLE('',#8859,0.147994398399936);
#6509=CIRCLE('',#8864,0.546395201601088);
#6510=CIRCLE('',#8866,0.608636789354802);
#6511=CIRCLE('',#8868,0.54587619236787);
#6512=CIRCLE('',#8871,0.545876192368043);
#6513=CIRCLE('',#8873,0.608636789354303);
#6514=CIRCLE('',#8878,0.0479461551335384);
#6515=CIRCLE('',#8879,0.0479461551335384);
#6516=CIRCLE('',#8881,0.0479461551343828);
#6517=CIRCLE('',#8882,0.0479461551343828);
#6518=CIRCLE('',#8885,0.0547171969106354);
#6519=CIRCLE('',#8886,0.0547171969106354);
#6520=CIRCLE('',#8888,0.0452867196178583);
#6521=CIRCLE('',#8889,0.0452867196178583);
#6522=CIRCLE('',#8898,0.547586632181075);
#6523=CIRCLE('',#8900,0.59971372899292);
#6524=CIRCLE('',#8902,0.558193193589243);
#6525=CIRCLE('',#8905,0.548069064163161);
#6526=CIRCLE('',#8907,0.604954337739935);
#6527=CIRCLE('',#8909,0.547586632179712);
#6528=EDGE_LOOP('',(#1810));
#6529=EDGE_LOOP('',(#1811));
#6530=EDGE_LOOP('',(#1812));
#6531=EDGE_LOOP('',(#1813));
#6532=EDGE_LOOP('',(#1814,#1815,#1816,#1817,#1818,#1819,#1820,#1821,#1822,
#1823,#1824,#1825));
#6533=EDGE_LOOP('',(#1826,#1827,#1828,#1829,#1830,#1831,#1832,#1833,#1834,
#1835,#1836,#1837,#1838,#1839));
#6534=EDGE_LOOP('',(#1840,#1841,#1842,#1843,#1844,#1845,#1846,#1847,#1848,
#1849,#1850,#1851,#1852,#1853,#1854,#1855,#1856,#1857));
#6535=EDGE_LOOP('',(#1858,#1859,#1860,#1861,#1862,#1863,#1864,#1865,#1866,
#1867,#1868,#1869,#1870,#1871,#1872));
#6536=EDGE_LOOP('',(#1873,#1874,#1875,#1876,#1877,#1878,#1879,#1880,#1881,
#1882,#1883,#1884,#1885,#1886,#1887,#1888,#1889,#1890));
#6537=EDGE_LOOP('',(#1891,#1892,#1893,#1894,#1895,#1896));
#6538=EDGE_LOOP('',(#1897,#1898,#1899,#1900,#1901,#1902,#1903,#1904,#1905,
#1906,#1907,#1908,#1909,#1910,#1911,#1912,#1913,#1914));
#6539=EDGE_LOOP('',(#1915,#1916,#1917,#1918,#1919,#1920,#1921,#1922,#1923,
#1924,#1925,#1926,#1927,#1928,#1929));
#6540=EDGE_LOOP('',(#1930,#1931,#1932,#1933));
#6541=EDGE_LOOP('',(#1934,#1935,#1936,#1937));
#6542=EDGE_LOOP('',(#1938,#1939,#1940,#1941));
#6543=EDGE_LOOP('',(#1942,#1943,#1944,#1945));
#6544=EDGE_LOOP('',(#1946,#1947,#1948,#1949));
#6545=EDGE_LOOP('',(#1950,#1951,#1952,#1953));
#6546=EDGE_LOOP('',(#1954,#1955,#1956,#1957));
#6547=EDGE_LOOP('',(#1958,#1959,#1960,#1961));
#6548=EDGE_LOOP('',(#1962,#1963,#1964,#1965));
#6549=EDGE_LOOP('',(#1966,#1967,#1968,#1969));
#6550=EDGE_LOOP('',(#1970,#1971,#1972,#1973));
#6551=EDGE_LOOP('',(#1974));
#6552=EDGE_LOOP('',(#1975,#1976,#1977,#1978,#1979,#1980,#1981,#1982,#1983,
#1984,#1985,#1986,#1987,#1988,#1989));
#6553=EDGE_LOOP('',(#1990,#1991,#1992,#1993,#1994,#1995,#1996,#1997,#1998,
#1999,#2000,#2001,#2002,#2003,#2004,#2005,#2006,#2007,#2008,#2009,#2010,
#2011,#2012,#2013,#2014,#2015,#2016,#2017,#2018));
#6554=EDGE_LOOP('',(#2019,#2020,#2021,#2022,#2023,#2024,#2025,#2026,#2027,
#2028,#2029));
#6555=EDGE_LOOP('',(#2030,#2031,#2032,#2033));
#6556=EDGE_LOOP('',(#2034,#2035,#2036,#2037,#2038,#2039,#2040,#2041,#2042,
#2043,#2044,#2045,#2046,#2047));
#6557=EDGE_LOOP('',(#2048,#2049,#2050,#2051,#2052,#2053,#2054,#2055,#2056,
#2057,#2058,#2059,#2060,#2061,#2062,#2063,#2064,#2065,#2066,#2067,#2068,
#2069,#2070,#2071,#2072,#2073,#2074,#2075));
#6558=EDGE_LOOP('',(#2076,#2077,#2078,#2079,#2080,#2081,#2082,#2083,#2084,
#2085,#2086,#2087,#2088,#2089,#2090,#2091,#2092,#2093,#2094,#2095,#2096,
#2097,#2098,#2099,#2100,#2101,#2102,#2103,#2104,#2105,#2106,#2107,#2108,
#2109));
#6559=EDGE_LOOP('',(#2110,#2111,#2112,#2113));
#6560=EDGE_LOOP('',(#2114,#2115,#2116,#2117,#2118,#2119,#2120,#2121));
#6561=EDGE_LOOP('',(#2122,#2123,#2124,#2125));
#6562=EDGE_LOOP('',(#2126,#2127,#2128,#2129));
#6563=EDGE_LOOP('',(#2130));
#6564=EDGE_LOOP('',(#2131));
#6565=EDGE_LOOP('',(#2132));
#6566=EDGE_LOOP('',(#2133,#2134,#2135,#2136));
#6567=EDGE_LOOP('',(#2137));
#6568=EDGE_LOOP('',(#2138));
#6569=EDGE_LOOP('',(#2139,#2140,#2141,#2142));
#6570=EDGE_LOOP('',(#2143,#2144,#2145,#2146));
#6571=EDGE_LOOP('',(#2147,#2148,#2149,#2150));
#6572=EDGE_LOOP('',(#2151,#2152,#2153,#2154));
#6573=EDGE_LOOP('',(#2155,#2156,#2157,#2158));
#6574=EDGE_LOOP('',(#2159,#2160,#2161,#2162));
#6575=EDGE_LOOP('',(#2163,#2164,#2165,#2166));
#6576=EDGE_LOOP('',(#2167,#2168,#2169,#2170));
#6577=EDGE_LOOP('',(#2171,#2172,#2173,#2174));
#6578=EDGE_LOOP('',(#2175,#2176,#2177,#2178));
#6579=EDGE_LOOP('',(#2179,#2180,#2181,#2182,#2183,#2184,#2185,#2186));
#6580=EDGE_LOOP('',(#2187,#2188,#2189,#2190));
#6581=EDGE_LOOP('',(#2191,#2192,#2193,#2194));
#6582=EDGE_LOOP('',(#2195,#2196,#2197,#2198));
#6583=EDGE_LOOP('',(#2199,#2200,#2201,#2202));
#6584=EDGE_LOOP('',(#2203,#2204,#2205,#2206));
#6585=EDGE_LOOP('',(#2207,#2208,#2209,#2210));
#6586=EDGE_LOOP('',(#2211,#2212,#2213,#2214));
#6587=EDGE_LOOP('',(#2215,#2216,#2217,#2218));
#6588=EDGE_LOOP('',(#2219,#2220,#2221,#2222));
#6589=EDGE_LOOP('',(#2223,#2224,#2225,#2226));
#6590=EDGE_LOOP('',(#2227,#2228,#2229,#2230));
#6591=EDGE_LOOP('',(#2231,#2232,#2233,#2234));
#6592=EDGE_LOOP('',(#2235,#2236,#2237,#2238));
#6593=EDGE_LOOP('',(#2239,#2240,#2241,#2242));
#6594=EDGE_LOOP('',(#2243,#2244,#2245,#2246));
#6595=EDGE_LOOP('',(#2247,#2248,#2249,#2250));
#6596=EDGE_LOOP('',(#2251,#2252,#2253,#2254));
#6597=EDGE_LOOP('',(#2255,#2256,#2257,#2258));
#6598=EDGE_LOOP('',(#2259,#2260,#2261,#2262));
#6599=EDGE_LOOP('',(#2263,#2264,#2265,#2266));
#6600=EDGE_LOOP('',(#2267,#2268,#2269,#2270));
#6601=EDGE_LOOP('',(#2271,#2272,#2273,#2274));
#6602=EDGE_LOOP('',(#2275,#2276,#2277,#2278));
#6603=EDGE_LOOP('',(#2279,#2280,#2281,#2282));
#6604=EDGE_LOOP('',(#2283,#2284,#2285,#2286));
#6605=EDGE_LOOP('',(#2287,#2288,#2289,#2290));
#6606=EDGE_LOOP('',(#2291,#2292,#2293,#2294));
#6607=EDGE_LOOP('',(#2295,#2296,#2297,#2298));
#6608=EDGE_LOOP('',(#2299,#2300,#2301,#2302));
#6609=EDGE_LOOP('',(#2303,#2304,#2305,#2306));
#6610=EDGE_LOOP('',(#2307,#2308,#2309,#2310));
#6611=EDGE_LOOP('',(#2311,#2312,#2313,#2314));
#6612=EDGE_LOOP('',(#2315,#2316,#2317,#2318));
#6613=EDGE_LOOP('',(#2319,#2320,#2321,#2322));
#6614=EDGE_LOOP('',(#2323,#2324,#2325,#2326));
#6615=EDGE_LOOP('',(#2327,#2328,#2329,#2330));
#6616=EDGE_LOOP('',(#2331,#2332,#2333,#2334));
#6617=EDGE_LOOP('',(#2335,#2336,#2337,#2338));
#6618=EDGE_LOOP('',(#2339,#2340,#2341,#2342));
#6619=EDGE_LOOP('',(#2343,#2344,#2345,#2346));
#6620=EDGE_LOOP('',(#2347));
#6621=EDGE_LOOP('',(#2348));
#6622=EDGE_LOOP('',(#2349));
#6623=EDGE_LOOP('',(#2350));
#6624=EDGE_LOOP('',(#2351,#2352,#2353,#2354));
#6625=EDGE_LOOP('',(#2355,#2356,#2357,#2358));
#6626=EDGE_LOOP('',(#2359,#2360,#2361,#2362));
#6627=EDGE_LOOP('',(#2363,#2364,#2365,#2366));
#6628=EDGE_LOOP('',(#2367,#2368,#2369,#2370));
#6629=EDGE_LOOP('',(#2371,#2372,#2373,#2374));
#6630=EDGE_LOOP('',(#2375,#2376,#2377,#2378));
#6631=EDGE_LOOP('',(#2379,#2380,#2381,#2382));
#6632=EDGE_LOOP('',(#2383));
#6633=EDGE_LOOP('',(#2384));
#6634=EDGE_LOOP('',(#2385));
#6635=EDGE_LOOP('',(#2386));
#6636=EDGE_LOOP('',(#2387));
#6637=EDGE_LOOP('',(#2388));
#6638=EDGE_LOOP('',(#2389,#2390,#2391,#2392));
#6639=EDGE_LOOP('',(#2393,#2394,#2395,#2396));
#6640=EDGE_LOOP('',(#2397,#2398,#2399,#2400));
#6641=EDGE_LOOP('',(#2401,#2402,#2403,#2404));
#6642=EDGE_LOOP('',(#2405,#2406,#2407,#2408));
#6643=EDGE_LOOP('',(#2409,#2410,#2411,#2412));
#6644=EDGE_LOOP('',(#2413,#2414,#2415,#2416));
#6645=EDGE_LOOP('',(#2417,#2418,#2419,#2420));
#6646=EDGE_LOOP('',(#2421,#2422,#2423,#2424));
#6647=EDGE_LOOP('',(#2425,#2426,#2427,#2428));
#6648=EDGE_LOOP('',(#2429,#2430,#2431,#2432));
#6649=EDGE_LOOP('',(#2433,#2434,#2435,#2436));
#6650=EDGE_LOOP('',(#2437,#2438,#2439,#2440));
#6651=EDGE_LOOP('',(#2441,#2442,#2443,#2444));
#6652=EDGE_LOOP('',(#2445,#2446,#2447,#2448));
#6653=EDGE_LOOP('',(#2449,#2450,#2451,#2452));
#6654=EDGE_LOOP('',(#2453,#2454,#2455,#2456));
#6655=EDGE_LOOP('',(#2457,#2458,#2459,#2460));
#6656=EDGE_LOOP('',(#2461,#2462,#2463,#2464));
#6657=EDGE_LOOP('',(#2465,#2466,#2467,#2468));
#6658=EDGE_LOOP('',(#2469,#2470,#2471,#2472));
#6659=EDGE_LOOP('',(#2473,#2474,#2475,#2476));
#6660=EDGE_LOOP('',(#2477,#2478,#2479,#2480));
#6661=EDGE_LOOP('',(#2481,#2482,#2483,#2484));
#6662=EDGE_LOOP('',(#2485,#2486,#2487,#2488));
#6663=EDGE_LOOP('',(#2489,#2490,#2491,#2492));
#6664=EDGE_LOOP('',(#2493,#2494,#2495,#2496));
#6665=EDGE_LOOP('',(#2497,#2498,#2499,#2500));
#6666=EDGE_LOOP('',(#2501,#2502,#2503,#2504));
#6667=EDGE_LOOP('',(#2505,#2506,#2507,#2508));
#6668=EDGE_LOOP('',(#2509,#2510,#2511,#2512,#2513,#2514,#2515,#2516,#2517,
#2518,#2519,#2520,#2521,#2522,#2523));
#6669=EDGE_LOOP('',(#2524,#2525,#2526,#2527,#2528,#2529,#2530,#2531,#2532,
#2533,#2534));
#6670=EDGE_LOOP('',(#2535,#2536,#2537,#2538,#2539,#2540,#2541,#2542,#2543,
#2544,#2545));
#6671=EDGE_LOOP('',(#2546,#2547,#2548,#2549));
#6672=EDGE_LOOP('',(#2550,#2551,#2552,#2553));
#6673=EDGE_LOOP('',(#2554,#2555,#2556,#2557));
#6674=EDGE_LOOP('',(#2558,#2559,#2560,#2561));
#6675=EDGE_LOOP('',(#2562,#2563,#2564,#2565));
#6676=EDGE_LOOP('',(#2566,#2567,#2568,#2569));
#6677=EDGE_LOOP('',(#2570,#2571,#2572,#2573));
#6678=EDGE_LOOP('',(#2574,#2575,#2576,#2577));
#6679=EDGE_LOOP('',(#2578,#2579,#2580,#2581));
#6680=EDGE_LOOP('',(#2582,#2583,#2584,#2585));
#6681=EDGE_LOOP('',(#2586,#2587,#2588,#2589));
#6682=EDGE_LOOP('',(#2590,#2591,#2592,#2593));
#6683=EDGE_LOOP('',(#2594,#2595,#2596,#2597));
#6684=EDGE_LOOP('',(#2598,#2599,#2600,#2601));
#6685=EDGE_LOOP('',(#2602,#2603,#2604,#2605));
#6686=EDGE_LOOP('',(#2606,#2607,#2608,#2609));
#6687=EDGE_LOOP('',(#2610,#2611,#2612,#2613));
#6688=EDGE_LOOP('',(#2614,#2615,#2616,#2617));
#6689=EDGE_LOOP('',(#2618,#2619,#2620,#2621));
#6690=EDGE_LOOP('',(#2622,#2623,#2624,#2625));
#6691=EDGE_LOOP('',(#2626,#2627,#2628,#2629));
#6692=EDGE_LOOP('',(#2630,#2631,#2632,#2633));
#6693=EDGE_LOOP('',(#2634,#2635,#2636,#2637));
#6694=EDGE_LOOP('',(#2638,#2639,#2640,#2641));
#6695=EDGE_LOOP('',(#2642,#2643,#2644,#2645));
#6696=EDGE_LOOP('',(#2646,#2647,#2648,#2649));
#6697=EDGE_LOOP('',(#2650,#2651,#2652,#2653));
#6698=EDGE_LOOP('',(#2654,#2655,#2656,#2657));
#6699=EDGE_LOOP('',(#2658,#2659,#2660,#2661));
#6700=EDGE_LOOP('',(#2662,#2663,#2664,#2665));
#6701=EDGE_LOOP('',(#2666,#2667,#2668,#2669));
#6702=EDGE_LOOP('',(#2670,#2671,#2672,#2673));
#6703=EDGE_LOOP('',(#2674,#2675,#2676,#2677));
#6704=EDGE_LOOP('',(#2678,#2679,#2680,#2681));
#6705=EDGE_LOOP('',(#2682,#2683,#2684,#2685));
#6706=EDGE_LOOP('',(#2686,#2687,#2688,#2689));
#6707=EDGE_LOOP('',(#2690,#2691,#2692,#2693));
#6708=EDGE_LOOP('',(#2694,#2695,#2696,#2697));
#6709=EDGE_LOOP('',(#2698,#2699,#2700,#2701));
#6710=EDGE_LOOP('',(#2702,#2703,#2704,#2705,#2706,#2707,#2708,#2709,#2710,
#2711,#2712,#2713,#2714,#2715,#2716,#2717,#2718,#2719,#2720,#2721,#2722,
#2723,#2724,#2725,#2726,#2727,#2728,#2729,#2730));
#6711=EDGE_LOOP('',(#2731,#2732,#2733,#2734,#2735,#2736,#2737,#2738,#2739,
#2740));
#6712=EDGE_LOOP('',(#2741,#2742,#2743,#2744,#2745,#2746,#2747,#2748,#2749,
#2750));
#6713=EDGE_LOOP('',(#2751,#2752,#2753,#2754));
#6714=EDGE_LOOP('',(#2755,#2756,#2757,#2758));
#6715=EDGE_LOOP('',(#2759,#2760,#2761,#2762));
#6716=EDGE_LOOP('',(#2763,#2764,#2765,#2766));
#6717=EDGE_LOOP('',(#2767,#2768,#2769,#2770));
#6718=EDGE_LOOP('',(#2771,#2772,#2773,#2774));
#6719=EDGE_LOOP('',(#2775,#2776,#2777,#2778));
#6720=EDGE_LOOP('',(#2779,#2780,#2781,#2782));
#6721=EDGE_LOOP('',(#2783,#2784,#2785,#2786));
#6722=EDGE_LOOP('',(#2787,#2788,#2789,#2790));
#6723=EDGE_LOOP('',(#2791,#2792,#2793,#2794));
#6724=EDGE_LOOP('',(#2795,#2796,#2797,#2798));
#6725=EDGE_LOOP('',(#2799,#2800,#2801,#2802));
#6726=EDGE_LOOP('',(#2803,#2804,#2805,#2806));
#6727=EDGE_LOOP('',(#2807,#2808,#2809,#2810));
#6728=EDGE_LOOP('',(#2811,#2812,#2813,#2814));
#6729=EDGE_LOOP('',(#2815,#2816,#2817,#2818));
#6730=EDGE_LOOP('',(#2819,#2820,#2821,#2822));
#6731=EDGE_LOOP('',(#2823,#2824,#2825,#2826));
#6732=EDGE_LOOP('',(#2827,#2828,#2829,#2830));
#6733=EDGE_LOOP('',(#2831,#2832,#2833,#2834,#2835,#2836,#2837,#2838,#2839,
#2840,#2841));
#6734=EDGE_LOOP('',(#2842,#2843,#2844,#2845,#2846,#2847,#2848,#2849,#2850));
#6735=EDGE_LOOP('',(#2851,#2852,#2853,#2854,#2855,#2856,#2857,#2858,#2859));
#6736=EDGE_LOOP('',(#2860,#2861,#2862,#2863));
#6737=EDGE_LOOP('',(#2864,#2865,#2866,#2867));
#6738=EDGE_LOOP('',(#2868,#2869,#2870,#2871));
#6739=EDGE_LOOP('',(#2872,#2873,#2874,#2875));
#6740=EDGE_LOOP('',(#2876,#2877,#2878,#2879));
#6741=EDGE_LOOP('',(#2880,#2881,#2882,#2883));
#6742=EDGE_LOOP('',(#2884,#2885,#2886,#2887));
#6743=EDGE_LOOP('',(#2888,#2889,#2890,#2891));
#6744=EDGE_LOOP('',(#2892,#2893,#2894,#2895));
#6745=EDGE_LOOP('',(#2896,#2897,#2898,#2899));
#6746=EDGE_LOOP('',(#2900,#2901,#2902,#2903));
#6747=EDGE_LOOP('',(#2904,#2905,#2906,#2907));
#6748=EDGE_LOOP('',(#2908,#2909,#2910,#2911));
#6749=EDGE_LOOP('',(#2912,#2913,#2914,#2915));
#6750=EDGE_LOOP('',(#2916,#2917,#2918,#2919));
#6751=EDGE_LOOP('',(#2920,#2921,#2922,#2923));
#6752=EDGE_LOOP('',(#2924,#2925,#2926,#2927));
#6753=EDGE_LOOP('',(#2928,#2929,#2930,#2931));
#6754=EDGE_LOOP('',(#2932,#2933,#2934,#2935));
#6755=EDGE_LOOP('',(#2936,#2937,#2938,#2939));
#6756=EDGE_LOOP('',(#2940,#2941,#2942,#2943));
#6757=EDGE_LOOP('',(#2944,#2945,#2946,#2947));
#6758=EDGE_LOOP('',(#2948,#2949,#2950,#2951));
#6759=EDGE_LOOP('',(#2952,#2953,#2954,#2955));
#6760=EDGE_LOOP('',(#2956,#2957,#2958,#2959));
#6761=EDGE_LOOP('',(#2960,#2961,#2962,#2963));
#6762=EDGE_LOOP('',(#2964,#2965,#2966,#2967));
#6763=EDGE_LOOP('',(#2968,#2969,#2970,#2971));
#6764=EDGE_LOOP('',(#2972,#2973,#2974,#2975));
#6765=EDGE_LOOP('',(#2976,#2977,#2978,#2979));
#6766=EDGE_LOOP('',(#2980,#2981,#2982,#2983));
#6767=EDGE_LOOP('',(#2984,#2985,#2986,#2987));
#6768=EDGE_LOOP('',(#2988,#2989,#2990,#2991));
#6769=EDGE_LOOP('',(#2992,#2993,#2994,#2995,#2996,#2997,#2998,#2999,#3000,
#3001,#3002,#3003,#3004,#3005));
#6770=EDGE_LOOP('',(#3006,#3007,#3008,#3009,#3010,#3011,#3012,#3013,#3014,
#3015,#3016,#3017,#3018,#3019));
#6771=EDGE_LOOP('',(#3020,#3021,#3022,#3023,#3024,#3025,#3026,#3027,#3028,
#3029,#3030,#3031,#3032,#3033));
#6772=EDGE_LOOP('',(#3034,#3035,#3036,#3037));
#6773=EDGE_LOOP('',(#3038,#3039,#3040,#3041));
#6774=EDGE_LOOP('',(#3042,#3043,#3044,#3045));
#6775=EDGE_LOOP('',(#3046,#3047,#3048,#3049));
#6776=EDGE_LOOP('',(#3050,#3051,#3052,#3053));
#6777=EDGE_LOOP('',(#3054,#3055,#3056,#3057));
#6778=EDGE_LOOP('',(#3058,#3059,#3060,#3061));
#6779=EDGE_LOOP('',(#3062,#3063,#3064,#3065));
#6780=EDGE_LOOP('',(#3066,#3067,#3068,#3069));
#6781=EDGE_LOOP('',(#3070,#3071,#3072,#3073));
#6782=EDGE_LOOP('',(#3074,#3075,#3076,#3077));
#6783=EDGE_LOOP('',(#3078,#3079,#3080,#3081));
#6784=EDGE_LOOP('',(#3082,#3083,#3084,#3085));
#6785=EDGE_LOOP('',(#3086,#3087,#3088,#3089));
#6786=EDGE_LOOP('',(#3090,#3091,#3092,#3093));
#6787=EDGE_LOOP('',(#3094,#3095,#3096,#3097));
#6788=EDGE_LOOP('',(#3098,#3099,#3100,#3101));
#6789=EDGE_LOOP('',(#3102,#3103,#3104,#3105));
#6790=EDGE_LOOP('',(#3106,#3107,#3108,#3109));
#6791=EDGE_LOOP('',(#3110,#3111,#3112,#3113));
#6792=EDGE_LOOP('',(#3114,#3115,#3116,#3117));
#6793=EDGE_LOOP('',(#3118,#3119,#3120,#3121));
#6794=EDGE_LOOP('',(#3122,#3123,#3124,#3125));
#6795=EDGE_LOOP('',(#3126,#3127,#3128,#3129));
#6796=EDGE_LOOP('',(#3130,#3131,#3132,#3133));
#6797=EDGE_LOOP('',(#3134,#3135,#3136,#3137));
#6798=EDGE_LOOP('',(#3138,#3139,#3140,#3141));
#6799=EDGE_LOOP('',(#3142,#3143,#3144,#3145));
#6800=EDGE_LOOP('',(#3146,#3147,#3148,#3149,#3150,#3151,#3152,#3153,#3154,
#3155,#3156,#3157,#3158,#3159,#3160,#3161,#3162,#3163,#3164,#3165,#3166,
#3167,#3168,#3169,#3170,#3171,#3172,#3173));
#6801=EDGE_LOOP('',(#3174,#3175,#3176,#3177));
#6802=EDGE_LOOP('',(#3178,#3179,#3180,#3181));
#6803=EDGE_LOOP('',(#3182,#3183,#3184,#3185));
#6804=EDGE_LOOP('',(#3186,#3187,#3188,#3189));
#6805=EDGE_LOOP('',(#3190,#3191,#3192,#3193));
#6806=EDGE_LOOP('',(#3194,#3195,#3196,#3197));
#6807=EDGE_LOOP('',(#3198,#3199,#3200,#3201));
#6808=EDGE_LOOP('',(#3202,#3203,#3204,#3205));
#6809=EDGE_LOOP('',(#3206,#3207,#3208,#3209));
#6810=EDGE_LOOP('',(#3210,#3211,#3212,#3213));
#6811=EDGE_LOOP('',(#3214,#3215,#3216,#3217));
#6812=EDGE_LOOP('',(#3218,#3219,#3220,#3221));
#6813=EDGE_LOOP('',(#3222,#3223,#3224,#3225));
#6814=EDGE_LOOP('',(#3226,#3227,#3228,#3229));
#6815=EDGE_LOOP('',(#3230,#3231,#3232,#3233));
#6816=EDGE_LOOP('',(#3234,#3235,#3236,#3237));
#6817=EDGE_LOOP('',(#3238,#3239,#3240,#3241));
#6818=EDGE_LOOP('',(#3242,#3243,#3244,#3245));
#6819=EDGE_LOOP('',(#3246,#3247,#3248,#3249));
#6820=EDGE_LOOP('',(#3250,#3251,#3252,#3253));
#6821=EDGE_LOOP('',(#3254,#3255,#3256,#3257));
#6822=EDGE_LOOP('',(#3258,#3259,#3260,#3261));
#6823=EDGE_LOOP('',(#3262,#3263,#3264,#3265));
#6824=EDGE_LOOP('',(#3266,#3267,#3268,#3269));
#6825=EDGE_LOOP('',(#3270,#3271,#3272,#3273));
#6826=EDGE_LOOP('',(#3274,#3275,#3276,#3277));
#6827=EDGE_LOOP('',(#3278,#3279,#3280,#3281));
#6828=EDGE_LOOP('',(#3282,#3283,#3284,#3285));
#6829=EDGE_LOOP('',(#3286,#3287,#3288,#3289));
#6830=EDGE_LOOP('',(#3290,#3291,#3292,#3293));
#6831=EDGE_LOOP('',(#3294,#3295,#3296,#3297));
#6832=EDGE_LOOP('',(#3298,#3299,#3300,#3301));
#6833=EDGE_LOOP('',(#3302,#3303,#3304,#3305));
#6834=EDGE_LOOP('',(#3306,#3307,#3308,#3309));
#6835=EDGE_LOOP('',(#3310,#3311,#3312,#3313,#3314,#3315,#3316,#3317,#3318,
#3319,#3320,#3321,#3322,#3323,#3324,#3325,#3326,#3327,#3328,#3329,#3330,
#3331,#3332,#3333,#3334,#3335,#3336,#3337,#3338,#3339,#3340,#3341,#3342,
#3343));
#6836=EDGE_LOOP('',(#3344,#3345,#3346,#3347));
#6837=EDGE_LOOP('',(#3348,#3349,#3350,#3351));
#6838=EDGE_LOOP('',(#3352,#3353,#3354,#3355));
#6839=EDGE_LOOP('',(#3356,#3357,#3358,#3359));
#6840=EDGE_LOOP('',(#3360,#3361,#3362,#3363));
#6841=EDGE_LOOP('',(#3364,#3365,#3366,#3367));
#6842=EDGE_LOOP('',(#3368,#3369,#3370,#3371,#3372));
#6843=EDGE_LOOP('',(#3373,#3374,#3375,#3376));
#6844=EDGE_LOOP('',(#3377,#3378,#3379,#3380,#3381));
#6845=EDGE_LOOP('',(#3382,#3383,#3384,#3385));
#6846=EDGE_LOOP('',(#3386,#3387,#3388,#3389));
#6847=EDGE_LOOP('',(#3390,#3391,#3392,#3393));
#6848=EDGE_LOOP('',(#3394,#3395,#3396,#3397));
#6849=EDGE_LOOP('',(#3398,#3399,#3400,#3401));
#6850=EDGE_LOOP('',(#3402,#3403,#3404,#3405));
#6851=EDGE_LOOP('',(#3406,#3407,#3408,#3409));
#6852=EDGE_LOOP('',(#3410,#3411,#3412,#3413));
#6853=EDGE_LOOP('',(#3414,#3415,#3416,#3417));
#6854=EDGE_LOOP('',(#3418,#3419,#3420,#3421));
#6855=EDGE_LOOP('',(#3422,#3423,#3424,#3425));
#6856=EDGE_LOOP('',(#3426,#3427,#3428,#3429));
#6857=EDGE_LOOP('',(#3430,#3431,#3432,#3433));
#6858=EDGE_LOOP('',(#3434,#3435,#3436,#3437));
#6859=EDGE_LOOP('',(#3438,#3439,#3440,#3441));
#6860=EDGE_LOOP('',(#3442,#3443,#3444,#3445));
#6861=EDGE_LOOP('',(#3446,#3447,#3448,#3449));
#6862=EDGE_LOOP('',(#3450,#3451,#3452,#3453));
#6863=EDGE_LOOP('',(#3454,#3455,#3456,#3457));
#6864=EDGE_LOOP('',(#3458,#3459,#3460,#3461));
#6865=EDGE_LOOP('',(#3462,#3463,#3464,#3465));
#6866=EDGE_LOOP('',(#3466,#3467,#3468,#3469));
#6867=EDGE_LOOP('',(#3470,#3471,#3472,#3473));
#6868=EDGE_LOOP('',(#3474,#3475,#3476,#3477));
#6869=EDGE_LOOP('',(#3478,#3479,#3480,#3481));
#6870=EDGE_LOOP('',(#3482,#3483,#3484,#3485));
#6871=EDGE_LOOP('',(#3486,#3487,#3488,#3489));
#6872=EDGE_LOOP('',(#3490,#3491,#3492,#3493));
#6873=EDGE_LOOP('',(#3494,#3495,#3496,#3497));
#6874=EDGE_LOOP('',(#3498,#3499,#3500,#3501));
#6875=EDGE_LOOP('',(#3502,#3503,#3504,#3505));
#6876=EDGE_LOOP('',(#3506,#3507,#3508,#3509));
#6877=EDGE_LOOP('',(#3510,#3511,#3512,#3513));
#6878=EDGE_LOOP('',(#3514,#3515,#3516,#3517));
#6879=EDGE_LOOP('',(#3518,#3519,#3520,#3521));
#6880=EDGE_LOOP('',(#3522,#3523,#3524,#3525));
#6881=EDGE_LOOP('',(#3526,#3527,#3528,#3529));
#6882=EDGE_LOOP('',(#3530,#3531,#3532,#3533));
#6883=EDGE_LOOP('',(#3534,#3535,#3536,#3537));
#6884=EDGE_LOOP('',(#3538,#3539,#3540,#3541));
#6885=EDGE_LOOP('',(#3542,#3543,#3544,#3545));
#6886=EDGE_LOOP('',(#3546,#3547,#3548,#3549));
#6887=EDGE_LOOP('',(#3550,#3551,#3552,#3553));
#6888=EDGE_LOOP('',(#3554,#3555,#3556,#3557));
#6889=EDGE_LOOP('',(#3558,#3559,#3560,#3561,#3562,#3563,#3564,#3565,#3566,
#3567,#3568,#3569,#3570,#3571,#3572));
#6890=EDGE_LOOP('',(#3573,#3574,#3575,#3576,#3577,#3578,#3579,#3580,#3581,
#3582,#3583,#3584));
#6891=EDGE_LOOP('',(#3585,#3586,#3587,#3588,#3589,#3590,#3591,#3592,#3593,
#3594,#3595,#3596));
#6892=EDGE_LOOP('',(#3597,#3598,#3599,#3600,#3601,#3602,#3603,#3604,#3605,
#3606,#3607,#3608));
#6893=EDGE_LOOP('',(#3609,#3610,#3611,#3612,#3613,#3614,#3615,#3616,#3617,
#3618,#3619,#3620));
#6894=EDGE_LOOP('',(#3621,#3622,#3623,#3624));
#6895=EDGE_LOOP('',(#3625,#3626,#3627,#3628));
#6896=EDGE_LOOP('',(#3629,#3630,#3631,#3632));
#6897=EDGE_LOOP('',(#3633,#3634,#3635,#3636));
#6898=EDGE_LOOP('',(#3637,#3638,#3639,#3640));
#6899=EDGE_LOOP('',(#3641,#3642,#3643,#3644));
#6900=EDGE_LOOP('',(#3645,#3646,#3647,#3648));
#6901=EDGE_LOOP('',(#3649,#3650,#3651,#3652));
#6902=EDGE_LOOP('',(#3653,#3654,#3655,#3656));
#6903=EDGE_LOOP('',(#3657,#3658,#3659,#3660));
#6904=EDGE_LOOP('',(#3661,#3662,#3663,#3664));
#6905=EDGE_LOOP('',(#3665,#3666,#3667,#3668));
#6906=EDGE_LOOP('',(#3669,#3670,#3671,#3672));
#6907=EDGE_LOOP('',(#3673,#3674,#3675,#3676));
#6908=EDGE_LOOP('',(#3677,#3678,#3679,#3680));
#6909=EDGE_LOOP('',(#3681,#3682,#3683,#3684));
#6910=EDGE_LOOP('',(#3685,#3686,#3687,#3688));
#6911=EDGE_LOOP('',(#3689,#3690,#3691,#3692));
#6912=EDGE_LOOP('',(#3693,#3694,#3695,#3696,#3697,#3698,#3699,#3700,#3701,
#3702,#3703,#3704,#3705,#3706,#3707,#3708,#3709,#3710));
#6913=EDGE_LOOP('',(#3711,#3712,#3713,#3714));
#6914=EDGE_LOOP('',(#3715,#3716,#3717,#3718));
#6915=EDGE_LOOP('',(#3719,#3720,#3721,#3722));
#6916=EDGE_LOOP('',(#3723,#3724,#3725,#3726));
#6917=EDGE_LOOP('',(#3727,#3728,#3729,#3730));
#6918=EDGE_LOOP('',(#3731,#3732,#3733,#3734));
#6919=EDGE_LOOP('',(#3735,#3736,#3737,#3738,#3739,#3740));
#6920=EDGE_LOOP('',(#3741,#3742,#3743,#3744));
#6921=EDGE_LOOP('',(#3745,#3746,#3747,#3748));
#6922=EDGE_LOOP('',(#3749,#3750,#3751,#3752));
#6923=EDGE_LOOP('',(#3753,#3754,#3755,#3756));
#6924=EDGE_LOOP('',(#3757,#3758,#3759,#3760));
#6925=EDGE_LOOP('',(#3761,#3762,#3763,#3764));
#6926=EDGE_LOOP('',(#3765,#3766,#3767,#3768));
#6927=EDGE_LOOP('',(#3769,#3770,#3771,#3772));
#6928=EDGE_LOOP('',(#3773,#3774,#3775,#3776));
#6929=EDGE_LOOP('',(#3777,#3778,#3779,#3780));
#6930=EDGE_LOOP('',(#3781,#3782,#3783,#3784));
#6931=EDGE_LOOP('',(#3785,#3786,#3787,#3788));
#6932=EDGE_LOOP('',(#3789,#3790,#3791,#3792));
#6933=EDGE_LOOP('',(#3793,#3794,#3795,#3796));
#6934=EDGE_LOOP('',(#3797,#3798,#3799,#3800));
#6935=EDGE_LOOP('',(#3801,#3802,#3803,#3804));
#6936=EDGE_LOOP('',(#3805,#3806,#3807,#3808));
#6937=EDGE_LOOP('',(#3809,#3810,#3811,#3812));
#6938=EDGE_LOOP('',(#3813,#3814,#3815,#3816,#3817,#3818,#3819,#3820,#3821,
#3822,#3823,#3824,#3825,#3826,#3827,#3828,#3829,#3830));
#6939=EDGE_LOOP('',(#3831,#3832,#3833,#3834));
#6940=EDGE_LOOP('',(#3835,#3836,#3837,#3838));
#6941=EDGE_LOOP('',(#3839,#3840,#3841,#3842));
#6942=EDGE_LOOP('',(#3843,#3844,#3845,#3846));
#6943=EDGE_LOOP('',(#3847,#3848,#3849,#3850));
#6944=EDGE_LOOP('',(#3851,#3852,#3853,#3854));
#6945=EDGE_LOOP('',(#3855,#3856,#3857,#3858));
#6946=EDGE_LOOP('',(#3859,#3860,#3861,#3862));
#6947=EDGE_LOOP('',(#3863,#3864,#3865,#3866));
#6948=EDGE_LOOP('',(#3867,#3868,#3869,#3870));
#6949=EDGE_LOOP('',(#3871,#3872,#3873,#3874));
#6950=EDGE_LOOP('',(#3875,#3876,#3877,#3878));
#6951=EDGE_LOOP('',(#3879,#3880,#3881,#3882));
#6952=EDGE_LOOP('',(#3883,#3884,#3885,#3886));
#6953=EDGE_LOOP('',(#3887,#3888,#3889,#3890));
#6954=EDGE_LOOP('',(#3891,#3892,#3893,#3894,#3895,#3896,#3897,#3898,#3899,
#3900,#3901,#3902,#3903,#3904,#3905));
#6955=EDGE_LOOP('',(#3906,#3907,#3908,#3909));
#6956=EDGE_LOOP('',(#3910,#3911,#3912,#3913));
#6957=EDGE_LOOP('',(#3914,#3915,#3916,#3917));
#6958=EDGE_LOOP('',(#3918,#3919,#3920,#3921));
#6959=EDGE_LOOP('',(#3922,#3923,#3924,#3925));
#6960=EDGE_LOOP('',(#3926,#3927,#3928,#3929));
#6961=EDGE_LOOP('',(#3930,#3931,#3932,#3933));
#6962=EDGE_LOOP('',(#3934,#3935,#3936,#3937));
#6963=EDGE_LOOP('',(#3938,#3939,#3940,#3941));
#6964=EDGE_LOOP('',(#3942,#3943,#3944,#3945));
#6965=EDGE_LOOP('',(#3946,#3947,#3948,#3949));
#6966=EDGE_LOOP('',(#3950,#3951,#3952,#3953));
#6967=EDGE_LOOP('',(#3954,#3955,#3956,#3957));
#6968=EDGE_LOOP('',(#3958,#3959,#3960,#3961));
#6969=EDGE_LOOP('',(#3962,#3963,#3964,#3965));
#6970=EDGE_LOOP('',(#3966,#3967,#3968,#3969));
#6971=EDGE_LOOP('',(#3970,#3971,#3972,#3973));
#6972=EDGE_LOOP('',(#3974,#3975,#3976,#3977));
#6973=EDGE_LOOP('',(#3978,#3979,#3980,#3981,#3982,#3983,#3984,#3985,#3986,
#3987,#3988,#3989,#3990,#3991,#3992,#3993,#3994,#3995));
#6974=EDGE_LOOP('',(#3996,#3997,#3998,#3999));
#6975=EDGE_LOOP('',(#4000,#4001,#4002,#4003));
#6976=EDGE_LOOP('',(#4004,#4005,#4006,#4007));
#6977=EDGE_LOOP('',(#4008,#4009,#4010,#4011));
#6978=EDGE_LOOP('',(#4012,#4013,#4014,#4015));
#6979=EDGE_LOOP('',(#4016,#4017,#4018,#4019));
#6980=EDGE_LOOP('',(#4020,#4021,#4022,#4023));
#6981=EDGE_LOOP('',(#4024,#4025,#4026,#4027));
#6982=EDGE_LOOP('',(#4028,#4029,#4030,#4031));
#6983=EDGE_LOOP('',(#4032,#4033,#4034,#4035));
#6984=EDGE_LOOP('',(#4036,#4037,#4038,#4039));
#6985=EDGE_LOOP('',(#4040,#4041,#4042,#4043));
#6986=EDGE_LOOP('',(#4044,#4045,#4046,#4047));
#6987=EDGE_LOOP('',(#4048,#4049,#4050,#4051));
#6988=EDGE_LOOP('',(#4052,#4053,#4054,#4055));
#6989=EDGE_LOOP('',(#4056,#4057,#4058,#4059));
#6990=EDGE_LOOP('',(#4060,#4061,#4062,#4063));
#6991=EDGE_LOOP('',(#4064,#4065,#4066,#4067));
#6992=EDGE_LOOP('',(#4068,#4069,#4070,#4071));
#6993=EDGE_LOOP('',(#4072,#4073,#4074,#4075));
#6994=EDGE_LOOP('',(#4076,#4077,#4078,#4079));
#6995=EDGE_LOOP('',(#4080,#4081,#4082,#4083));
#6996=EDGE_LOOP('',(#4084,#4085,#4086,#4087,#4088,#4089,#4090,#4091,#4092,
#4093,#4094,#4095,#4096,#4097));
#6997=EDGE_LOOP('',(#4098,#4099,#4100,#4101,#4102,#4103,#4104,#4105));
#6998=EDGE_LOOP('',(#4106,#4107,#4108,#4109,#4110,#4111,#4112,#4113));
#6999=EDGE_LOOP('',(#4114,#4115,#4116,#4117));
#7000=EDGE_LOOP('',(#4118,#4119,#4120,#4121));
#7001=EDGE_LOOP('',(#4122,#4123,#4124,#4125));
#7002=EDGE_LOOP('',(#4126,#4127,#4128,#4129));
#7003=EDGE_LOOP('',(#4130,#4131,#4132,#4133));
#7004=EDGE_LOOP('',(#4134,#4135,#4136,#4137));
#7005=EDGE_LOOP('',(#4138,#4139,#4140,#4141));
#7006=EDGE_LOOP('',(#4142,#4143,#4144,#4145));
#7007=EDGE_LOOP('',(#4146,#4147,#4148,#4149));
#7008=EDGE_LOOP('',(#4150,#4151,#4152,#4153));
#7009=EDGE_LOOP('',(#4154,#4155,#4156,#4157));
#7010=EDGE_LOOP('',(#4158,#4159,#4160,#4161));
#7011=EDGE_LOOP('',(#4162,#4163,#4164,#4165,#4166,#4167,#4168,#4169,#4170,
#4171,#4172,#4173));
#7012=EDGE_LOOP('',(#4174));
#7013=EDGE_LOOP('',(#4175));
#7014=EDGE_LOOP('',(#4176));
#7015=EDGE_LOOP('',(#4177));
#7016=EDGE_LOOP('',(#4178));
#7017=EDGE_LOOP('',(#4179));
#7018=EDGE_LOOP('',(#4180));
#7019=EDGE_LOOP('',(#4181));
#7020=FACE_BOUND('',#6528,.T.);
#7021=FACE_BOUND('',#6529,.T.);
#7022=FACE_BOUND('',#6530,.T.);
#7023=FACE_BOUND('',#6531,.T.);
#7024=FACE_BOUND('',#6532,.T.);
#7025=FACE_BOUND('',#6533,.T.);
#7026=FACE_BOUND('',#6534,.T.);
#7027=FACE_BOUND('',#6535,.T.);
#7028=FACE_BOUND('',#6536,.T.);
#7029=FACE_BOUND('',#6537,.T.);
#7030=FACE_BOUND('',#6538,.T.);
#7031=FACE_BOUND('',#6539,.T.);
#7032=FACE_BOUND('',#6540,.T.);
#7033=FACE_BOUND('',#6541,.T.);
#7034=FACE_BOUND('',#6542,.T.);
#7035=FACE_BOUND('',#6543,.T.);
#7036=FACE_BOUND('',#6544,.T.);
#7037=FACE_BOUND('',#6545,.T.);
#7038=FACE_BOUND('',#6546,.T.);
#7039=FACE_BOUND('',#6547,.T.);
#7040=FACE_BOUND('',#6548,.T.);
#7041=FACE_BOUND('',#6549,.T.);
#7042=FACE_BOUND('',#6550,.T.);
#7043=FACE_BOUND('',#6551,.T.);
#7044=FACE_BOUND('',#6552,.T.);
#7045=FACE_BOUND('',#6553,.T.);
#7046=FACE_BOUND('',#6554,.T.);
#7047=FACE_BOUND('',#6555,.T.);
#7048=FACE_BOUND('',#6556,.T.);
#7049=FACE_BOUND('',#6557,.T.);
#7050=FACE_BOUND('',#6558,.T.);
#7051=FACE_BOUND('',#6559,.T.);
#7052=FACE_BOUND('',#6560,.T.);
#7053=FACE_BOUND('',#6561,.T.);
#7054=FACE_BOUND('',#6562,.T.);
#7055=FACE_BOUND('',#6563,.T.);
#7056=FACE_BOUND('',#6564,.T.);
#7057=FACE_BOUND('',#6565,.T.);
#7058=FACE_BOUND('',#6566,.T.);
#7059=FACE_BOUND('',#6567,.T.);
#7060=FACE_BOUND('',#6568,.T.);
#7061=FACE_BOUND('',#6569,.T.);
#7062=FACE_BOUND('',#6570,.T.);
#7063=FACE_BOUND('',#6571,.T.);
#7064=FACE_BOUND('',#6572,.T.);
#7065=FACE_BOUND('',#6573,.T.);
#7066=FACE_BOUND('',#6574,.T.);
#7067=FACE_BOUND('',#6575,.T.);
#7068=FACE_BOUND('',#6576,.T.);
#7069=FACE_BOUND('',#6577,.T.);
#7070=FACE_BOUND('',#6578,.T.);
#7071=FACE_BOUND('',#6579,.T.);
#7072=FACE_BOUND('',#6580,.T.);
#7073=FACE_BOUND('',#6581,.T.);
#7074=FACE_BOUND('',#6582,.T.);
#7075=FACE_BOUND('',#6583,.T.);
#7076=FACE_BOUND('',#6584,.T.);
#7077=FACE_BOUND('',#6585,.T.);
#7078=FACE_BOUND('',#6586,.T.);
#7079=FACE_BOUND('',#6587,.T.);
#7080=FACE_BOUND('',#6588,.T.);
#7081=FACE_BOUND('',#6589,.T.);
#7082=FACE_BOUND('',#6590,.T.);
#7083=FACE_BOUND('',#6591,.T.);
#7084=FACE_BOUND('',#6592,.T.);
#7085=FACE_BOUND('',#6593,.T.);
#7086=FACE_BOUND('',#6594,.T.);
#7087=FACE_BOUND('',#6595,.T.);
#7088=FACE_BOUND('',#6596,.T.);
#7089=FACE_BOUND('',#6597,.T.);
#7090=FACE_BOUND('',#6598,.T.);
#7091=FACE_BOUND('',#6599,.T.);
#7092=FACE_BOUND('',#6600,.T.);
#7093=FACE_BOUND('',#6601,.T.);
#7094=FACE_BOUND('',#6602,.T.);
#7095=FACE_BOUND('',#6603,.T.);
#7096=FACE_BOUND('',#6604,.T.);
#7097=FACE_BOUND('',#6605,.T.);
#7098=FACE_BOUND('',#6606,.T.);
#7099=FACE_BOUND('',#6607,.T.);
#7100=FACE_BOUND('',#6608,.T.);
#7101=FACE_BOUND('',#6609,.T.);
#7102=FACE_BOUND('',#6610,.T.);
#7103=FACE_BOUND('',#6611,.T.);
#7104=FACE_BOUND('',#6612,.T.);
#7105=FACE_BOUND('',#6613,.T.);
#7106=FACE_BOUND('',#6614,.T.);
#7107=FACE_BOUND('',#6615,.T.);
#7108=FACE_BOUND('',#6616,.T.);
#7109=FACE_BOUND('',#6617,.T.);
#7110=FACE_BOUND('',#6618,.T.);
#7111=FACE_BOUND('',#6619,.T.);
#7112=FACE_BOUND('',#6620,.T.);
#7113=FACE_BOUND('',#6621,.T.);
#7114=FACE_BOUND('',#6622,.T.);
#7115=FACE_BOUND('',#6623,.T.);
#7116=FACE_BOUND('',#6624,.T.);
#7117=FACE_BOUND('',#6625,.T.);
#7118=FACE_BOUND('',#6626,.T.);
#7119=FACE_BOUND('',#6627,.T.);
#7120=FACE_BOUND('',#6628,.T.);
#7121=FACE_BOUND('',#6629,.T.);
#7122=FACE_BOUND('',#6630,.T.);
#7123=FACE_BOUND('',#6631,.T.);
#7124=FACE_BOUND('',#6632,.T.);
#7125=FACE_BOUND('',#6633,.T.);
#7126=FACE_BOUND('',#6634,.T.);
#7127=FACE_BOUND('',#6635,.T.);
#7128=FACE_BOUND('',#6636,.T.);
#7129=FACE_BOUND('',#6637,.T.);
#7130=FACE_BOUND('',#6638,.T.);
#7131=FACE_BOUND('',#6639,.T.);
#7132=FACE_BOUND('',#6640,.T.);
#7133=FACE_BOUND('',#6641,.T.);
#7134=FACE_BOUND('',#6642,.T.);
#7135=FACE_BOUND('',#6643,.T.);
#7136=FACE_BOUND('',#6644,.T.);
#7137=FACE_BOUND('',#6645,.T.);
#7138=FACE_BOUND('',#6646,.T.);
#7139=FACE_BOUND('',#6647,.T.);
#7140=FACE_BOUND('',#6648,.T.);
#7141=FACE_BOUND('',#6649,.T.);
#7142=FACE_BOUND('',#6650,.T.);
#7143=FACE_BOUND('',#6651,.T.);
#7144=FACE_BOUND('',#6652,.T.);
#7145=FACE_BOUND('',#6653,.T.);
#7146=FACE_BOUND('',#6654,.T.);
#7147=FACE_BOUND('',#6655,.T.);
#7148=FACE_BOUND('',#6656,.T.);
#7149=FACE_BOUND('',#6657,.T.);
#7150=FACE_BOUND('',#6658,.T.);
#7151=FACE_BOUND('',#6659,.T.);
#7152=FACE_BOUND('',#6660,.T.);
#7153=FACE_BOUND('',#6661,.T.);
#7154=FACE_BOUND('',#6662,.T.);
#7155=FACE_BOUND('',#6663,.T.);
#7156=FACE_BOUND('',#6664,.T.);
#7157=FACE_BOUND('',#6665,.T.);
#7158=FACE_BOUND('',#6666,.T.);
#7159=FACE_BOUND('',#6667,.T.);
#7160=FACE_BOUND('',#6668,.T.);
#7161=FACE_BOUND('',#6669,.T.);
#7162=FACE_BOUND('',#6670,.T.);
#7163=FACE_BOUND('',#6671,.T.);
#7164=FACE_BOUND('',#6672,.T.);
#7165=FACE_BOUND('',#6673,.T.);
#7166=FACE_BOUND('',#6674,.T.);
#7167=FACE_BOUND('',#6675,.T.);
#7168=FACE_BOUND('',#6676,.T.);
#7169=FACE_BOUND('',#6677,.T.);
#7170=FACE_BOUND('',#6678,.T.);
#7171=FACE_BOUND('',#6679,.T.);
#7172=FACE_BOUND('',#6680,.T.);
#7173=FACE_BOUND('',#6681,.T.);
#7174=FACE_BOUND('',#6682,.T.);
#7175=FACE_BOUND('',#6683,.T.);
#7176=FACE_BOUND('',#6684,.T.);
#7177=FACE_BOUND('',#6685,.T.);
#7178=FACE_BOUND('',#6686,.T.);
#7179=FACE_BOUND('',#6687,.T.);
#7180=FACE_BOUND('',#6688,.T.);
#7181=FACE_BOUND('',#6689,.T.);
#7182=FACE_BOUND('',#6690,.T.);
#7183=FACE_BOUND('',#6691,.T.);
#7184=FACE_BOUND('',#6692,.T.);
#7185=FACE_BOUND('',#6693,.T.);
#7186=FACE_BOUND('',#6694,.T.);
#7187=FACE_BOUND('',#6695,.T.);
#7188=FACE_BOUND('',#6696,.T.);
#7189=FACE_BOUND('',#6697,.T.);
#7190=FACE_BOUND('',#6698,.T.);
#7191=FACE_BOUND('',#6699,.T.);
#7192=FACE_BOUND('',#6700,.T.);
#7193=FACE_BOUND('',#6701,.T.);
#7194=FACE_BOUND('',#6702,.T.);
#7195=FACE_BOUND('',#6703,.T.);
#7196=FACE_BOUND('',#6704,.T.);
#7197=FACE_BOUND('',#6705,.T.);
#7198=FACE_BOUND('',#6706,.T.);
#7199=FACE_BOUND('',#6707,.T.);
#7200=FACE_BOUND('',#6708,.T.);
#7201=FACE_BOUND('',#6709,.T.);
#7202=FACE_BOUND('',#6710,.T.);
#7203=FACE_BOUND('',#6711,.T.);
#7204=FACE_BOUND('',#6712,.T.);
#7205=FACE_BOUND('',#6713,.T.);
#7206=FACE_BOUND('',#6714,.T.);
#7207=FACE_BOUND('',#6715,.T.);
#7208=FACE_BOUND('',#6716,.T.);
#7209=FACE_BOUND('',#6717,.T.);
#7210=FACE_BOUND('',#6718,.T.);
#7211=FACE_BOUND('',#6719,.T.);
#7212=FACE_BOUND('',#6720,.T.);
#7213=FACE_BOUND('',#6721,.T.);
#7214=FACE_BOUND('',#6722,.T.);
#7215=FACE_BOUND('',#6723,.T.);
#7216=FACE_BOUND('',#6724,.T.);
#7217=FACE_BOUND('',#6725,.T.);
#7218=FACE_BOUND('',#6726,.T.);
#7219=FACE_BOUND('',#6727,.T.);
#7220=FACE_BOUND('',#6728,.T.);
#7221=FACE_BOUND('',#6729,.T.);
#7222=FACE_BOUND('',#6730,.T.);
#7223=FACE_BOUND('',#6731,.T.);
#7224=FACE_BOUND('',#6732,.T.);
#7225=FACE_BOUND('',#6733,.T.);
#7226=FACE_BOUND('',#6734,.T.);
#7227=FACE_BOUND('',#6735,.T.);
#7228=FACE_BOUND('',#6736,.T.);
#7229=FACE_BOUND('',#6737,.T.);
#7230=FACE_BOUND('',#6738,.T.);
#7231=FACE_BOUND('',#6739,.T.);
#7232=FACE_BOUND('',#6740,.T.);
#7233=FACE_BOUND('',#6741,.T.);
#7234=FACE_BOUND('',#6742,.T.);
#7235=FACE_BOUND('',#6743,.T.);
#7236=FACE_BOUND('',#6744,.T.);
#7237=FACE_BOUND('',#6745,.T.);
#7238=FACE_BOUND('',#6746,.T.);
#7239=FACE_BOUND('',#6747,.T.);
#7240=FACE_BOUND('',#6748,.T.);
#7241=FACE_BOUND('',#6749,.T.);
#7242=FACE_BOUND('',#6750,.T.);
#7243=FACE_BOUND('',#6751,.T.);
#7244=FACE_BOUND('',#6752,.T.);
#7245=FACE_BOUND('',#6753,.T.);
#7246=FACE_BOUND('',#6754,.T.);
#7247=FACE_BOUND('',#6755,.T.);
#7248=FACE_BOUND('',#6756,.T.);
#7249=FACE_BOUND('',#6757,.T.);
#7250=FACE_BOUND('',#6758,.T.);
#7251=FACE_BOUND('',#6759,.T.);
#7252=FACE_BOUND('',#6760,.T.);
#7253=FACE_BOUND('',#6761,.T.);
#7254=FACE_BOUND('',#6762,.T.);
#7255=FACE_BOUND('',#6763,.T.);
#7256=FACE_BOUND('',#6764,.T.);
#7257=FACE_BOUND('',#6765,.T.);
#7258=FACE_BOUND('',#6766,.T.);
#7259=FACE_BOUND('',#6767,.T.);
#7260=FACE_BOUND('',#6768,.T.);
#7261=FACE_BOUND('',#6769,.T.);
#7262=FACE_BOUND('',#6770,.T.);
#7263=FACE_BOUND('',#6771,.T.);
#7264=FACE_BOUND('',#6772,.T.);
#7265=FACE_BOUND('',#6773,.T.);
#7266=FACE_BOUND('',#6774,.T.);
#7267=FACE_BOUND('',#6775,.T.);
#7268=FACE_BOUND('',#6776,.T.);
#7269=FACE_BOUND('',#6777,.T.);
#7270=FACE_BOUND('',#6778,.T.);
#7271=FACE_BOUND('',#6779,.T.);
#7272=FACE_BOUND('',#6780,.T.);
#7273=FACE_BOUND('',#6781,.T.);
#7274=FACE_BOUND('',#6782,.T.);
#7275=FACE_BOUND('',#6783,.T.);
#7276=FACE_BOUND('',#6784,.T.);
#7277=FACE_BOUND('',#6785,.T.);
#7278=FACE_BOUND('',#6786,.T.);
#7279=FACE_BOUND('',#6787,.T.);
#7280=FACE_BOUND('',#6788,.T.);
#7281=FACE_BOUND('',#6789,.T.);
#7282=FACE_BOUND('',#6790,.T.);
#7283=FACE_BOUND('',#6791,.T.);
#7284=FACE_BOUND('',#6792,.T.);
#7285=FACE_BOUND('',#6793,.T.);
#7286=FACE_BOUND('',#6794,.T.);
#7287=FACE_BOUND('',#6795,.T.);
#7288=FACE_BOUND('',#6796,.T.);
#7289=FACE_BOUND('',#6797,.T.);
#7290=FACE_BOUND('',#6798,.T.);
#7291=FACE_BOUND('',#6799,.T.);
#7292=FACE_BOUND('',#6800,.T.);
#7293=FACE_BOUND('',#6801,.T.);
#7294=FACE_BOUND('',#6802,.T.);
#7295=FACE_BOUND('',#6803,.T.);
#7296=FACE_BOUND('',#6804,.T.);
#7297=FACE_BOUND('',#6805,.T.);
#7298=FACE_BOUND('',#6806,.T.);
#7299=FACE_BOUND('',#6807,.T.);
#7300=FACE_BOUND('',#6808,.T.);
#7301=FACE_BOUND('',#6809,.T.);
#7302=FACE_BOUND('',#6810,.T.);
#7303=FACE_BOUND('',#6811,.T.);
#7304=FACE_BOUND('',#6812,.T.);
#7305=FACE_BOUND('',#6813,.T.);
#7306=FACE_BOUND('',#6814,.T.);
#7307=FACE_BOUND('',#6815,.T.);
#7308=FACE_BOUND('',#6816,.T.);
#7309=FACE_BOUND('',#6817,.T.);
#7310=FACE_BOUND('',#6818,.T.);
#7311=FACE_BOUND('',#6819,.T.);
#7312=FACE_BOUND('',#6820,.T.);
#7313=FACE_BOUND('',#6821,.T.);
#7314=FACE_BOUND('',#6822,.T.);
#7315=FACE_BOUND('',#6823,.T.);
#7316=FACE_BOUND('',#6824,.T.);
#7317=FACE_BOUND('',#6825,.T.);
#7318=FACE_BOUND('',#6826,.T.);
#7319=FACE_BOUND('',#6827,.T.);
#7320=FACE_BOUND('',#6828,.T.);
#7321=FACE_BOUND('',#6829,.T.);
#7322=FACE_BOUND('',#6830,.T.);
#7323=FACE_BOUND('',#6831,.T.);
#7324=FACE_BOUND('',#6832,.T.);
#7325=FACE_BOUND('',#6833,.T.);
#7326=FACE_BOUND('',#6834,.T.);
#7327=FACE_BOUND('',#6835,.T.);
#7328=FACE_BOUND('',#6836,.T.);
#7329=FACE_BOUND('',#6837,.T.);
#7330=FACE_BOUND('',#6838,.T.);
#7331=FACE_BOUND('',#6839,.T.);
#7332=FACE_BOUND('',#6840,.T.);
#7333=FACE_BOUND('',#6841,.T.);
#7334=FACE_BOUND('',#6842,.T.);
#7335=FACE_BOUND('',#6843,.T.);
#7336=FACE_BOUND('',#6844,.T.);
#7337=FACE_BOUND('',#6845,.T.);
#7338=FACE_BOUND('',#6846,.T.);
#7339=FACE_BOUND('',#6847,.T.);
#7340=FACE_BOUND('',#6848,.T.);
#7341=FACE_BOUND('',#6849,.T.);
#7342=FACE_BOUND('',#6850,.T.);
#7343=FACE_BOUND('',#6851,.T.);
#7344=FACE_BOUND('',#6852,.T.);
#7345=FACE_BOUND('',#6853,.T.);
#7346=FACE_BOUND('',#6854,.T.);
#7347=FACE_BOUND('',#6855,.T.);
#7348=FACE_BOUND('',#6856,.T.);
#7349=FACE_BOUND('',#6857,.T.);
#7350=FACE_BOUND('',#6858,.T.);
#7351=FACE_BOUND('',#6859,.T.);
#7352=FACE_BOUND('',#6860,.T.);
#7353=FACE_BOUND('',#6861,.T.);
#7354=FACE_BOUND('',#6862,.T.);
#7355=FACE_BOUND('',#6863,.T.);
#7356=FACE_BOUND('',#6864,.T.);
#7357=FACE_BOUND('',#6865,.T.);
#7358=FACE_BOUND('',#6866,.T.);
#7359=FACE_BOUND('',#6867,.T.);
#7360=FACE_BOUND('',#6868,.T.);
#7361=FACE_BOUND('',#6869,.T.);
#7362=FACE_BOUND('',#6870,.T.);
#7363=FACE_BOUND('',#6871,.T.);
#7364=FACE_BOUND('',#6872,.T.);
#7365=FACE_BOUND('',#6873,.T.);
#7366=FACE_BOUND('',#6874,.T.);
#7367=FACE_BOUND('',#6875,.T.);
#7368=FACE_BOUND('',#6876,.T.);
#7369=FACE_BOUND('',#6877,.T.);
#7370=FACE_BOUND('',#6878,.T.);
#7371=FACE_BOUND('',#6879,.T.);
#7372=FACE_BOUND('',#6880,.T.);
#7373=FACE_BOUND('',#6881,.T.);
#7374=FACE_BOUND('',#6882,.T.);
#7375=FACE_BOUND('',#6883,.T.);
#7376=FACE_BOUND('',#6884,.T.);
#7377=FACE_BOUND('',#6885,.T.);
#7378=FACE_BOUND('',#6886,.T.);
#7379=FACE_BOUND('',#6887,.T.);
#7380=FACE_BOUND('',#6888,.T.);
#7381=FACE_BOUND('',#6889,.T.);
#7382=FACE_BOUND('',#6890,.T.);
#7383=FACE_BOUND('',#6891,.T.);
#7384=FACE_BOUND('',#6892,.T.);
#7385=FACE_BOUND('',#6893,.T.);
#7386=FACE_BOUND('',#6894,.T.);
#7387=FACE_BOUND('',#6895,.T.);
#7388=FACE_BOUND('',#6896,.T.);
#7389=FACE_BOUND('',#6897,.T.);
#7390=FACE_BOUND('',#6898,.T.);
#7391=FACE_BOUND('',#6899,.T.);
#7392=FACE_BOUND('',#6900,.T.);
#7393=FACE_BOUND('',#6901,.T.);
#7394=FACE_BOUND('',#6902,.T.);
#7395=FACE_BOUND('',#6903,.T.);
#7396=FACE_BOUND('',#6904,.T.);
#7397=FACE_BOUND('',#6905,.T.);
#7398=FACE_BOUND('',#6906,.T.);
#7399=FACE_BOUND('',#6907,.T.);
#7400=FACE_BOUND('',#6908,.T.);
#7401=FACE_BOUND('',#6909,.T.);
#7402=FACE_BOUND('',#6910,.T.);
#7403=FACE_BOUND('',#6911,.T.);
#7404=FACE_BOUND('',#6912,.T.);
#7405=FACE_BOUND('',#6913,.T.);
#7406=FACE_BOUND('',#6914,.T.);
#7407=FACE_BOUND('',#6915,.T.);
#7408=FACE_BOUND('',#6916,.T.);
#7409=FACE_BOUND('',#6917,.T.);
#7410=FACE_BOUND('',#6918,.T.);
#7411=FACE_BOUND('',#6919,.T.);
#7412=FACE_BOUND('',#6920,.T.);
#7413=FACE_BOUND('',#6921,.T.);
#7414=FACE_BOUND('',#6922,.T.);
#7415=FACE_BOUND('',#6923,.T.);
#7416=FACE_BOUND('',#6924,.T.);
#7417=FACE_BOUND('',#6925,.T.);
#7418=FACE_BOUND('',#6926,.T.);
#7419=FACE_BOUND('',#6927,.T.);
#7420=FACE_BOUND('',#6928,.T.);
#7421=FACE_BOUND('',#6929,.T.);
#7422=FACE_BOUND('',#6930,.T.);
#7423=FACE_BOUND('',#6931,.T.);
#7424=FACE_BOUND('',#6932,.T.);
#7425=FACE_BOUND('',#6933,.T.);
#7426=FACE_BOUND('',#6934,.T.);
#7427=FACE_BOUND('',#6935,.T.);
#7428=FACE_BOUND('',#6936,.T.);
#7429=FACE_BOUND('',#6937,.T.);
#7430=FACE_BOUND('',#6938,.T.);
#7431=FACE_BOUND('',#6939,.T.);
#7432=FACE_BOUND('',#6940,.T.);
#7433=FACE_BOUND('',#6941,.T.);
#7434=FACE_BOUND('',#6942,.T.);
#7435=FACE_BOUND('',#6943,.T.);
#7436=FACE_BOUND('',#6944,.T.);
#7437=FACE_BOUND('',#6945,.T.);
#7438=FACE_BOUND('',#6946,.T.);
#7439=FACE_BOUND('',#6947,.T.);
#7440=FACE_BOUND('',#6948,.T.);
#7441=FACE_BOUND('',#6949,.T.);
#7442=FACE_BOUND('',#6950,.T.);
#7443=FACE_BOUND('',#6951,.T.);
#7444=FACE_BOUND('',#6952,.T.);
#7445=FACE_BOUND('',#6953,.T.);
#7446=FACE_BOUND('',#6954,.T.);
#7447=FACE_BOUND('',#6955,.T.);
#7448=FACE_BOUND('',#6956,.T.);
#7449=FACE_BOUND('',#6957,.T.);
#7450=FACE_BOUND('',#6958,.T.);
#7451=FACE_BOUND('',#6959,.T.);
#7452=FACE_BOUND('',#6960,.T.);
#7453=FACE_BOUND('',#6961,.T.);
#7454=FACE_BOUND('',#6962,.T.);
#7455=FACE_BOUND('',#6963,.T.);
#7456=FACE_BOUND('',#6964,.T.);
#7457=FACE_BOUND('',#6965,.T.);
#7458=FACE_BOUND('',#6966,.T.);
#7459=FACE_BOUND('',#6967,.T.);
#7460=FACE_BOUND('',#6968,.T.);
#7461=FACE_BOUND('',#6969,.T.);
#7462=FACE_BOUND('',#6970,.T.);
#7463=FACE_BOUND('',#6971,.T.);
#7464=FACE_BOUND('',#6972,.T.);
#7465=FACE_BOUND('',#6973,.T.);
#7466=FACE_BOUND('',#6974,.T.);
#7467=FACE_BOUND('',#6975,.T.);
#7468=FACE_BOUND('',#6976,.T.);
#7469=FACE_BOUND('',#6977,.T.);
#7470=FACE_BOUND('',#6978,.T.);
#7471=FACE_BOUND('',#6979,.T.);
#7472=FACE_BOUND('',#6980,.T.);
#7473=FACE_BOUND('',#6981,.T.);
#7474=FACE_BOUND('',#6982,.T.);
#7475=FACE_BOUND('',#6983,.T.);
#7476=FACE_BOUND('',#6984,.T.);
#7477=FACE_BOUND('',#6985,.T.);
#7478=FACE_BOUND('',#6986,.T.);
#7479=FACE_BOUND('',#6987,.T.);
#7480=FACE_BOUND('',#6988,.T.);
#7481=FACE_BOUND('',#6989,.T.);
#7482=FACE_BOUND('',#6990,.T.);
#7483=FACE_BOUND('',#6991,.T.);
#7484=FACE_BOUND('',#6992,.T.);
#7485=FACE_BOUND('',#6993,.T.);
#7486=FACE_BOUND('',#6994,.T.);
#7487=FACE_BOUND('',#6995,.T.);
#7488=FACE_BOUND('',#6996,.T.);
#7489=FACE_BOUND('',#6997,.T.);
#7490=FACE_BOUND('',#6998,.T.);
#7491=FACE_BOUND('',#6999,.T.);
#7492=FACE_BOUND('',#7000,.T.);
#7493=FACE_BOUND('',#7001,.T.);
#7494=FACE_BOUND('',#7002,.T.);
#7495=FACE_BOUND('',#7003,.T.);
#7496=FACE_BOUND('',#7004,.T.);
#7497=FACE_BOUND('',#7005,.T.);
#7498=FACE_BOUND('',#7006,.T.);
#7499=FACE_BOUND('',#7007,.T.);
#7500=FACE_BOUND('',#7008,.T.);
#7501=FACE_BOUND('',#7009,.T.);
#7502=FACE_BOUND('',#7010,.T.);
#7503=FACE_BOUND('',#7011,.T.);
#7504=FACE_BOUND('',#7012,.T.);
#7505=FACE_BOUND('',#7013,.T.);
#7506=FACE_BOUND('',#7014,.T.);
#7507=FACE_BOUND('',#7015,.T.);
#7508=FACE_BOUND('',#7016,.T.);
#7509=FACE_BOUND('',#7017,.T.);
#7510=FACE_BOUND('',#7018,.T.);
#7511=FACE_BOUND('',#7019,.T.);
#7512=PLANE('',#8161);
#7513=PLANE('',#8288);
#7514=PLANE('',#8289);
#7515=PLANE('',#8299);
#7516=PLANE('',#8300);
#7517=PLANE('',#8301);
#7518=PLANE('',#8302);
#7519=PLANE('',#8303);
#7520=PLANE('',#8304);
#7521=PLANE('',#8305);
#7522=PLANE('',#8306);
#7523=PLANE('',#8307);
#7524=PLANE('',#8308);
#7525=PLANE('',#8309);
#7526=PLANE('',#8310);
#7527=PLANE('',#8311);
#7528=PLANE('',#8312);
#7529=PLANE('',#8313);
#7530=PLANE('',#8314);
#7531=PLANE('',#8315);
#7532=PLANE('',#8316);
#7533=PLANE('',#8317);
#7534=PLANE('',#8318);
#7535=PLANE('',#8319);
#7536=PLANE('',#8320);
#7537=PLANE('',#8321);
#7538=PLANE('',#8322);
#7539=PLANE('',#8323);
#7540=PLANE('',#8324);
#7541=PLANE('',#8325);
#7542=PLANE('',#8326);
#7543=PLANE('',#8327);
#7544=PLANE('',#8328);
#7545=PLANE('',#8329);
#7546=PLANE('',#8330);
#7547=PLANE('',#8331);
#7548=PLANE('',#8332);
#7549=PLANE('',#8333);
#7550=PLANE('',#8334);
#7551=PLANE('',#8335);
#7552=PLANE('',#8336);
#7553=PLANE('',#8337);
#7554=PLANE('',#8338);
#7555=PLANE('',#8342);
#7556=PLANE('',#8344);
#7557=PLANE('',#8346);
#7558=PLANE('',#8348);
#7559=PLANE('',#8356);
#7560=PLANE('',#8357);
#7561=PLANE('',#8358);
#7562=PLANE('',#8359);
#7563=PLANE('',#8372);
#7564=PLANE('',#8385);
#7565=PLANE('',#8390);
#7566=PLANE('',#8391);
#7567=PLANE('',#8392);
#7568=PLANE('',#8393);
#7569=PLANE('',#8394);
#7570=PLANE('',#8405);
#7571=PLANE('',#8409);
#7572=PLANE('',#8410);
#7573=PLANE('',#8432);
#7574=PLANE('',#8444);
#7575=PLANE('',#8445);
#7576=PLANE('',#8446);
#7577=PLANE('',#8451);
#7578=PLANE('',#8452);
#7579=PLANE('',#8453);
#7580=PLANE('',#8466);
#7581=PLANE('',#8480);
#7582=PLANE('',#8481);
#7583=PLANE('',#8482);
#7584=PLANE('',#8483);
#7585=PLANE('',#8484);
#7586=PLANE('',#8497);
#7587=PLANE('',#8498);
#7588=PLANE('',#8499);
#7589=PLANE('',#8500);
#7590=PLANE('',#8507);
#7591=PLANE('',#8508);
#7592=PLANE('',#8509);
#7593=PLANE('',#8510);
#7594=PLANE('',#8511);
#7595=PLANE('',#8512);
#7596=PLANE('',#8513);
#7597=PLANE('',#8514);
#7598=PLANE('',#8527);
#7599=PLANE('',#8546);
#7600=PLANE('',#8556);
#7601=PLANE('',#8565);
#7602=PLANE('',#8571);
#7603=PLANE('',#8572);
#7604=PLANE('',#8573);
#7605=PLANE('',#8574);
#7606=PLANE('',#8575);
#7607=PLANE('',#8582);
#7608=PLANE('',#8583);
#7609=PLANE('',#8584);
#7610=PLANE('',#8591);
#7611=PLANE('',#8592);
#7612=PLANE('',#8593);
#7613=PLANE('',#8612);
#7614=PLANE('',#8613);
#7615=PLANE('',#8614);
#7616=PLANE('',#8623);
#7617=PLANE('',#8638);
#7618=PLANE('',#8647);
#7619=PLANE('',#8658);
#7620=PLANE('',#8661);
#7621=PLANE('',#8662);
#7622=PLANE('',#8663);
#7623=PLANE('',#8664);
#7624=PLANE('',#8665);
#7625=PLANE('',#8666);
#7626=PLANE('',#8667);
#7627=PLANE('',#8669);
#7628=PLANE('',#8670);
#7629=PLANE('',#8681);
#7630=PLANE('',#8688);
#7631=PLANE('',#8695);
#7632=PLANE('',#8702);
#7633=PLANE('',#8706);
#7634=PLANE('',#8713);
#7635=PLANE('',#8720);
#7636=PLANE('',#8727);
#7637=PLANE('',#8731);
#7638=PLANE('',#8732);
#7639=PLANE('',#8739);
#7640=PLANE('',#8748);
#7641=PLANE('',#8758);
#7642=PLANE('',#8762);
#7643=PLANE('',#8763);
#7644=PLANE('',#8764);
#7645=PLANE('',#8767);
#7646=PLANE('',#8774);
#7647=PLANE('',#8775);
#7648=PLANE('',#8776);
#7649=PLANE('',#8781);
#7650=PLANE('',#8786);
#7651=PLANE('',#8787);
#7652=PLANE('',#8788);
#7653=PLANE('',#8793);
#7654=PLANE('',#8794);
#7655=PLANE('',#8795);
#7656=PLANE('',#8796);
#7657=PLANE('',#8797);
#7658=PLANE('',#8798);
#7659=PLANE('',#8799);
#7660=PLANE('',#8800);
#7661=PLANE('',#8803);
#7662=PLANE('',#8804);
#7663=PLANE('',#8805);
#7664=PLANE('',#8810);
#7665=PLANE('',#8815);
#7666=PLANE('',#8816);
#7667=PLANE('',#8817);
#7668=PLANE('',#8824);
#7669=PLANE('',#8829);
#7670=PLANE('',#8830);
#7671=PLANE('',#8831);
#7672=PLANE('',#8832);
#7673=PLANE('',#8833);
#7674=PLANE('',#8834);
#7675=PLANE('',#8835);
#7676=PLANE('',#8836);
#7677=PLANE('',#8837);
#7678=PLANE('',#8838);
#7679=PLANE('',#8839);
#7680=PLANE('',#8840);
#7681=PLANE('',#8841);
#7682=PLANE('',#8842);
#7683=PLANE('',#8843);
#7684=PLANE('',#8844);
#7685=PLANE('',#8845);
#7686=PLANE('',#8848);
#7687=PLANE('',#8849);
#7688=PLANE('',#8850);
#7689=PLANE('',#8855);
#7690=PLANE('',#8860);
#7691=PLANE('',#8861);
#7692=PLANE('',#8862);
#7693=PLANE('',#8869);
#7694=PLANE('',#8874);
#7695=PLANE('',#8875);
#7696=PLANE('',#8876);
#7697=PLANE('',#8883);
#7698=PLANE('',#8890);
#7699=PLANE('',#8891);
#7700=PLANE('',#8892);
#7701=PLANE('',#8893);
#7702=PLANE('',#8894);
#7703=PLANE('',#8895);
#7704=PLANE('',#8896);
#7705=PLANE('',#8903);
#7706=PLANE('',#8910);
#7707=PLANE('',#8911);
#7708=PLANE('',#8912);
#7709=PLANE('',#8913);
#7710=PLANE('',#8914);
#7711=PLANE('',#8915);
#7712=PLANE('',#8916);
#7713=PLANE('',#8917);
#7714=PLANE('',#8918);
#7715=PLANE('',#8919);
#7716=PLANE('',#8920);
#7717=PLANE('',#8921);
#7718=PLANE('',#8922);
#7719=PLANE('',#8923);
#7720=PLANE('',#8924);
#7721=PLANE('',#8925);
#7722=ADVANCED_FACE('',(#7020,#7021,#7022,#7023,#7024,#7025,#7026,#7027,
#7028,#7029,#7030,#7031,#7032,#7033,#7034,#7035,#7036,#7037,#7038,#7039,
#7040,#7041,#7042,#7043,#7044,#7045,#7046,#7047,#7048,#7049,#7050,#7051,
#7052),#7512,.T.);
#7723=ADVANCED_FACE('',(#7053),#7513,.T.);
#7724=ADVANCED_FACE('',(#7054,#7055,#7056,#7057,#7058,#7059,#7060,#7061,
#7062,#7063,#7064,#7065,#7066,#7067,#7068,#7069,#7070,#7071),#7514,.F.);
#7725=ADVANCED_FACE('',(#7072),#7515,.T.);
#7726=ADVANCED_FACE('',(#7073),#7516,.F.);
#7727=ADVANCED_FACE('',(#7074),#7517,.F.);
#7728=ADVANCED_FACE('',(#7075),#7518,.T.);
#7729=ADVANCED_FACE('',(#7076),#7519,.T.);
#7730=ADVANCED_FACE('',(#7077),#7520,.T.);
#7731=ADVANCED_FACE('',(#7078),#7521,.T.);
#7732=ADVANCED_FACE('',(#7079),#7522,.T.);
#7733=ADVANCED_FACE('',(#7080),#7523,.T.);
#7734=ADVANCED_FACE('',(#7081),#7524,.F.);
#7735=ADVANCED_FACE('',(#7082),#7525,.F.);
#7736=ADVANCED_FACE('',(#7083),#7526,.T.);
#7737=ADVANCED_FACE('',(#7084),#7527,.T.);
#7738=ADVANCED_FACE('',(#7085),#7528,.F.);
#7739=ADVANCED_FACE('',(#7086),#7529,.F.);
#7740=ADVANCED_FACE('',(#7087),#7530,.T.);
#7741=ADVANCED_FACE('',(#7088),#7531,.T.);
#7742=ADVANCED_FACE('',(#7089),#7532,.F.);
#7743=ADVANCED_FACE('',(#7090),#7533,.F.);
#7744=ADVANCED_FACE('',(#7091),#7534,.T.);
#7745=ADVANCED_FACE('',(#7092),#7535,.T.);
#7746=ADVANCED_FACE('',(#7093),#7536,.F.);
#7747=ADVANCED_FACE('',(#7094),#7537,.F.);
#7748=ADVANCED_FACE('',(#7095),#7538,.T.);
#7749=ADVANCED_FACE('',(#7096),#7539,.T.);
#7750=ADVANCED_FACE('',(#7097),#7540,.F.);
#7751=ADVANCED_FACE('',(#7098),#7541,.F.);
#7752=ADVANCED_FACE('',(#7099),#7542,.T.);
#7753=ADVANCED_FACE('',(#7100),#7543,.T.);
#7754=ADVANCED_FACE('',(#7101),#7544,.F.);
#7755=ADVANCED_FACE('',(#7102),#7545,.F.);
#7756=ADVANCED_FACE('',(#7103),#7546,.T.);
#7757=ADVANCED_FACE('',(#7104),#7547,.T.);
#7758=ADVANCED_FACE('',(#7105),#7548,.F.);
#7759=ADVANCED_FACE('',(#7106),#7549,.F.);
#7760=ADVANCED_FACE('',(#7107),#7550,.T.);
#7761=ADVANCED_FACE('',(#7108),#7551,.T.);
#7762=ADVANCED_FACE('',(#7109),#7552,.F.);
#7763=ADVANCED_FACE('',(#7110),#7553,.F.);
#7764=ADVANCED_FACE('',(#7111),#7554,.T.);
#7765=ADVANCED_FACE('',(#7112,#7113),#47,.F.);
#7766=ADVANCED_FACE('',(#7114,#7115),#48,.F.);
#7767=ADVANCED_FACE('',(#7116),#7555,.T.);
#7768=ADVANCED_FACE('',(#7117),#49,.F.);
#7769=ADVANCED_FACE('',(#7118),#7556,.T.);
#7770=ADVANCED_FACE('',(#7119),#50,.F.);
#7771=ADVANCED_FACE('',(#7120),#7557,.T.);
#7772=ADVANCED_FACE('',(#7121),#51,.F.);
#7773=ADVANCED_FACE('',(#7122),#7558,.T.);
#7774=ADVANCED_FACE('',(#7123),#52,.F.);
#7775=ADVANCED_FACE('',(#7124,#7125),#53,.F.);
#7776=ADVANCED_FACE('',(#7126,#7127),#54,.F.);
#7777=ADVANCED_FACE('',(#7128,#7129),#55,.F.);
#7778=ADVANCED_FACE('',(#7130),#7559,.T.);
#7779=ADVANCED_FACE('',(#7131),#7560,.F.);
#7780=ADVANCED_FACE('',(#7132),#7561,.F.);
#7781=ADVANCED_FACE('',(#7133),#7562,.T.);
#7782=ADVANCED_FACE('',(#7134),#56,.F.);
#7783=ADVANCED_FACE('',(#7135),#57,.F.);
#7784=ADVANCED_FACE('',(#7136),#58,.F.);
#7785=ADVANCED_FACE('',(#7137),#59,.F.);
#7786=ADVANCED_FACE('',(#7138),#7563,.T.);
#7787=ADVANCED_FACE('',(#7139),#60,.F.);
#7788=ADVANCED_FACE('',(#7140),#61,.F.);
#7789=ADVANCED_FACE('',(#7141),#62,.F.);
#7790=ADVANCED_FACE('',(#7142),#63,.F.);
#7791=ADVANCED_FACE('',(#7143),#7564,.T.);
#7792=ADVANCED_FACE('',(#7144),#20,.T.);
#7793=ADVANCED_FACE('',(#7145),#64,.T.);
#7794=ADVANCED_FACE('',(#7146),#65,.T.);
#7795=ADVANCED_FACE('',(#7147),#7565,.T.);
#7796=ADVANCED_FACE('',(#7148),#7566,.T.);
#7797=ADVANCED_FACE('',(#7149),#7567,.T.);
#7798=ADVANCED_FACE('',(#7150),#7568,.T.);
#7799=ADVANCED_FACE('',(#7151),#7569,.T.);
#7800=ADVANCED_FACE('',(#7152),#66,.T.);
#7801=ADVANCED_FACE('',(#7153),#67,.T.);
#7802=ADVANCED_FACE('',(#7154),#68,.T.);
#7803=ADVANCED_FACE('',(#7155),#69,.T.);
#7804=ADVANCED_FACE('',(#7156),#70,.T.);
#7805=ADVANCED_FACE('',(#7157),#7570,.T.);
#7806=ADVANCED_FACE('',(#7158),#21,.T.);
#7807=ADVANCED_FACE('',(#7159),#71,.F.);
#7808=ADVANCED_FACE('',(#7160,#7161),#7571,.T.);
#7809=ADVANCED_FACE('',(#7162),#7572,.T.);
#7810=ADVANCED_FACE('',(#7163),#72,.F.);
#7811=ADVANCED_FACE('',(#7164),#73,.F.);
#7812=ADVANCED_FACE('',(#7165),#74,.F.);
#7813=ADVANCED_FACE('',(#7166),#75,.F.);
#7814=ADVANCED_FACE('',(#7167),#76,.F.);
#7815=ADVANCED_FACE('',(#7168),#77,.F.);
#7816=ADVANCED_FACE('',(#7169),#78,.F.);
#7817=ADVANCED_FACE('',(#7170),#7573,.T.);
#7818=ADVANCED_FACE('',(#7171),#79,.F.);
#7819=ADVANCED_FACE('',(#7172),#80,.T.);
#7820=ADVANCED_FACE('',(#7173),#81,.T.);
#7821=ADVANCED_FACE('',(#7174),#82,.T.);
#7822=ADVANCED_FACE('',(#7175),#83,.F.);
#7823=ADVANCED_FACE('',(#7176),#7574,.T.);
#7824=ADVANCED_FACE('',(#7177),#7575,.T.);
#7825=ADVANCED_FACE('',(#7178),#7576,.T.);
#7826=ADVANCED_FACE('',(#7179),#84,.F.);
#7827=ADVANCED_FACE('',(#7180),#85,.F.);
#7828=ADVANCED_FACE('',(#7181),#7577,.T.);
#7829=ADVANCED_FACE('',(#7182),#22,.T.);
#7830=ADVANCED_FACE('',(#7183),#23,.T.);
#7831=ADVANCED_FACE('',(#7184),#24,.T.);
#7832=ADVANCED_FACE('',(#7185),#25,.T.);
#7833=ADVANCED_FACE('',(#7186),#7578,.T.);
#7834=ADVANCED_FACE('',(#7187),#7579,.T.);
#7835=ADVANCED_FACE('',(#7188),#86,.F.);
#7836=ADVANCED_FACE('',(#7189),#87,.F.);
#7837=ADVANCED_FACE('',(#7190),#88,.F.);
#7838=ADVANCED_FACE('',(#7191),#89,.F.);
#7839=ADVANCED_FACE('',(#7192),#90,.F.);
#7840=ADVANCED_FACE('',(#7193),#91,.F.);
#7841=ADVANCED_FACE('',(#7194),#7580,.T.);
#7842=ADVANCED_FACE('',(#7195),#92,.T.);
#7843=ADVANCED_FACE('',(#7196),#93,.T.);
#7844=ADVANCED_FACE('',(#7197),#94,.T.);
#7845=ADVANCED_FACE('',(#7198),#26,.T.);
#7846=ADVANCED_FACE('',(#7199),#95,.T.);
#7847=ADVANCED_FACE('',(#7200),#96,.T.);
#7848=ADVANCED_FACE('',(#7201),#97,.F.);
#7849=ADVANCED_FACE('',(#7202,#7203),#7581,.T.);
#7850=ADVANCED_FACE('',(#7204),#7582,.T.);
#7851=ADVANCED_FACE('',(#7205),#7583,.T.);
#7852=ADVANCED_FACE('',(#7206),#7584,.T.);
#7853=ADVANCED_FACE('',(#7207),#7585,.T.);
#7854=ADVANCED_FACE('',(#7208),#27,.T.);
#7855=ADVANCED_FACE('',(#7209),#98,.F.);
#7856=ADVANCED_FACE('',(#7210),#99,.F.);
#7857=ADVANCED_FACE('',(#7211),#100,.F.);
#7858=ADVANCED_FACE('',(#7212),#101,.F.);
#7859=ADVANCED_FACE('',(#7213),#7586,.T.);
#7860=ADVANCED_FACE('',(#7214),#7587,.T.);
#7861=ADVANCED_FACE('',(#7215),#7588,.T.);
#7862=ADVANCED_FACE('',(#7216),#7589,.T.);
#7863=ADVANCED_FACE('',(#7217),#102,.T.);
#7864=ADVANCED_FACE('',(#7218),#103,.T.);
#7865=ADVANCED_FACE('',(#7219),#28,.T.);
#7866=ADVANCED_FACE('',(#7220),#29,.T.);
#7867=ADVANCED_FACE('',(#7221),#104,.T.);
#7868=ADVANCED_FACE('',(#7222),#30,.T.);
#7869=ADVANCED_FACE('',(#7223),#7590,.T.);
#7870=ADVANCED_FACE('',(#7224),#31,.T.);
#7871=ADVANCED_FACE('',(#7225,#7226),#7591,.T.);
#7872=ADVANCED_FACE('',(#7227),#7592,.T.);
#7873=ADVANCED_FACE('',(#7228),#7593,.T.);
#7874=ADVANCED_FACE('',(#7229),#7594,.T.);
#7875=ADVANCED_FACE('',(#7230),#7595,.T.);
#7876=ADVANCED_FACE('',(#7231),#7596,.T.);
#7877=ADVANCED_FACE('',(#7232),#7597,.T.);
#7878=ADVANCED_FACE('',(#7233),#105,.F.);
#7879=ADVANCED_FACE('',(#7234),#106,.F.);
#7880=ADVANCED_FACE('',(#7235),#107,.F.);
#7881=ADVANCED_FACE('',(#7236),#108,.F.);
#7882=ADVANCED_FACE('',(#7237),#7598,.T.);
#7883=ADVANCED_FACE('',(#7238),#109,.F.);
#7884=ADVANCED_FACE('',(#7239),#110,.F.);
#7885=ADVANCED_FACE('',(#7240),#111,.F.);
#7886=ADVANCED_FACE('',(#7241),#112,.F.);
#7887=ADVANCED_FACE('',(#7242),#113,.F.);
#7888=ADVANCED_FACE('',(#7243),#114,.F.);
#7889=ADVANCED_FACE('',(#7244),#7599,.T.);
#7890=ADVANCED_FACE('',(#7245),#115,.F.);
#7891=ADVANCED_FACE('',(#7246),#116,.T.);
#7892=ADVANCED_FACE('',(#7247),#117,.T.);
#7893=ADVANCED_FACE('',(#7248),#118,.T.);
#7894=ADVANCED_FACE('',(#7249),#32,.T.);
#7895=ADVANCED_FACE('',(#7250),#7600,.T.);
#7896=ADVANCED_FACE('',(#7251),#33,.T.);
#7897=ADVANCED_FACE('',(#7252),#119,.T.);
#7898=ADVANCED_FACE('',(#7253),#120,.T.);
#7899=ADVANCED_FACE('',(#7254),#121,.T.);
#7900=ADVANCED_FACE('',(#7255),#122,.T.);
#7901=ADVANCED_FACE('',(#7256),#34,.T.);
#7902=ADVANCED_FACE('',(#7257),#7601,.T.);
#7903=ADVANCED_FACE('',(#7258),#35,.T.);
#7904=ADVANCED_FACE('',(#7259),#123,.T.);
#7905=ADVANCED_FACE('',(#7260),#124,.F.);
#7906=ADVANCED_FACE('',(#7261,#7262),#7602,.T.);
#7907=ADVANCED_FACE('',(#7263),#7603,.T.);
#7908=ADVANCED_FACE('',(#7264),#7604,.T.);
#7909=ADVANCED_FACE('',(#7265),#7605,.T.);
#7910=ADVANCED_FACE('',(#7266),#7606,.T.);
#7911=ADVANCED_FACE('',(#7267),#125,.F.);
#7912=ADVANCED_FACE('',(#7268),#126,.F.);
#7913=ADVANCED_FACE('',(#7269),#127,.F.);
#7914=ADVANCED_FACE('',(#7270),#36,.T.);
#7915=ADVANCED_FACE('',(#7271),#7607,.T.);
#7916=ADVANCED_FACE('',(#7272),#7608,.T.);
#7917=ADVANCED_FACE('',(#7273),#7609,.T.);
#7918=ADVANCED_FACE('',(#7274),#128,.F.);
#7919=ADVANCED_FACE('',(#7275),#129,.F.);
#7920=ADVANCED_FACE('',(#7276),#130,.F.);
#7921=ADVANCED_FACE('',(#7277),#37,.T.);
#7922=ADVANCED_FACE('',(#7278),#7610,.T.);
#7923=ADVANCED_FACE('',(#7279),#7611,.T.);
#7924=ADVANCED_FACE('',(#7280),#7612,.T.);
#7925=ADVANCED_FACE('',(#7281),#131,.T.);
#7926=ADVANCED_FACE('',(#7282),#132,.T.);
#7927=ADVANCED_FACE('',(#7283),#133,.T.);
#7928=ADVANCED_FACE('',(#7284),#134,.T.);
#7929=ADVANCED_FACE('',(#7285),#135,.T.);
#7930=ADVANCED_FACE('',(#7286),#136,.T.);
#7931=ADVANCED_FACE('',(#7287),#137,.T.);
#7932=ADVANCED_FACE('',(#7288),#138,.T.);
#7933=ADVANCED_FACE('',(#7289),#139,.T.);
#7934=ADVANCED_FACE('',(#7290),#7613,.T.);
#7935=ADVANCED_FACE('',(#7291),#7614,.T.);
#7936=ADVANCED_FACE('',(#7292),#7615,.T.);
#7937=ADVANCED_FACE('',(#7293),#38,.T.);
#7938=ADVANCED_FACE('',(#7294),#140,.T.);
#7939=ADVANCED_FACE('',(#7295),#141,.T.);
#7940=ADVANCED_FACE('',(#7296),#142,.T.);
#7941=ADVANCED_FACE('',(#7297),#39,.T.);
#7942=ADVANCED_FACE('',(#7298),#143,.T.);
#7943=ADVANCED_FACE('',(#7299),#7616,.T.);
#7944=ADVANCED_FACE('',(#7300),#144,.F.);
#7945=ADVANCED_FACE('',(#7301),#145,.F.);
#7946=ADVANCED_FACE('',(#7302),#146,.F.);
#7947=ADVANCED_FACE('',(#7303),#147,.F.);
#7948=ADVANCED_FACE('',(#7304),#148,.F.);
#7949=ADVANCED_FACE('',(#7305),#149,.F.);
#7950=ADVANCED_FACE('',(#7306),#150,.F.);
#7951=ADVANCED_FACE('',(#7307),#7617,.T.);
#7952=ADVANCED_FACE('',(#7308),#151,.T.);
#7953=ADVANCED_FACE('',(#7309),#152,.T.);
#7954=ADVANCED_FACE('',(#7310),#153,.T.);
#7955=ADVANCED_FACE('',(#7311),#40,.T.);
#7956=ADVANCED_FACE('',(#7312),#41,.T.);
#7957=ADVANCED_FACE('',(#7313),#42,.T.);
#7958=ADVANCED_FACE('',(#7314),#43,.T.);
#7959=ADVANCED_FACE('',(#7315),#154,.T.);
#7960=ADVANCED_FACE('',(#7316),#7618,.T.);
#7961=ADVANCED_FACE('',(#7317),#155,.F.);
#7962=ADVANCED_FACE('',(#7318),#156,.F.);
#7963=ADVANCED_FACE('',(#7319),#157,.F.);
#7964=ADVANCED_FACE('',(#7320),#44,.T.);
#7965=ADVANCED_FACE('',(#7321),#158,.F.);
#7966=ADVANCED_FACE('',(#7322),#45,.T.);
#7967=ADVANCED_FACE('',(#7323),#159,.F.);
#7968=ADVANCED_FACE('',(#7324),#7619,.T.);
#7969=ADVANCED_FACE('',(#7325),#46,.T.);
#7970=ADVANCED_FACE('',(#7326),#160,.T.);
#7971=ADVANCED_FACE('',(#7327),#7620,.T.);
#7972=ADVANCED_FACE('',(#7328),#7621,.T.);
#7973=ADVANCED_FACE('',(#7329),#7622,.F.);
#7974=ADVANCED_FACE('',(#7330),#7623,.F.);
#7975=ADVANCED_FACE('',(#7331),#7624,.T.);
#7976=ADVANCED_FACE('',(#7332,#7333),#7625,.T.);
#7977=ADVANCED_FACE('',(#7334),#7626,.T.);
#7978=ADVANCED_FACE('',(#7335),#7627,.F.);
#7979=ADVANCED_FACE('',(#7336),#7628,.F.);
#7980=ADVANCED_FACE('',(#7337),#161,.T.);
#7981=ADVANCED_FACE('',(#7338),#162,.T.);
#7982=ADVANCED_FACE('',(#7339),#163,.T.);
#7983=ADVANCED_FACE('',(#7340),#164,.T.);
#7984=ADVANCED_FACE('',(#7341),#165,.T.);
#7985=ADVANCED_FACE('',(#7342),#7629,.T.);
#7986=ADVANCED_FACE('',(#7343),#166,.F.);
#7987=ADVANCED_FACE('',(#7344),#167,.F.);
#7988=ADVANCED_FACE('',(#7345),#7630,.T.);
#7989=ADVANCED_FACE('',(#7346),#168,.F.);
#7990=ADVANCED_FACE('',(#7347),#169,.F.);
#7991=ADVANCED_FACE('',(#7348),#7631,.T.);
#7992=ADVANCED_FACE('',(#7349),#170,.F.);
#7993=ADVANCED_FACE('',(#7350),#171,.F.);
#7994=ADVANCED_FACE('',(#7351),#7632,.T.);
#7995=ADVANCED_FACE('',(#7352),#172,.F.);
#7996=ADVANCED_FACE('',(#7353),#7633,.T.);
#7997=ADVANCED_FACE('',(#7354),#173,.F.);
#7998=ADVANCED_FACE('',(#7355),#174,.F.);
#7999=ADVANCED_FACE('',(#7356),#7634,.T.);
#8000=ADVANCED_FACE('',(#7357),#175,.F.);
#8001=ADVANCED_FACE('',(#7358),#176,.F.);
#8002=ADVANCED_FACE('',(#7359),#7635,.T.);
#8003=ADVANCED_FACE('',(#7360),#177,.F.);
#8004=ADVANCED_FACE('',(#7361),#178,.F.);
#8005=ADVANCED_FACE('',(#7362),#7636,.T.);
#8006=ADVANCED_FACE('',(#7363),#179,.F.);
#8007=ADVANCED_FACE('',(#7364),#7637,.T.);
#8008=ADVANCED_FACE('',(#7365),#7638,.T.);
#8009=ADVANCED_FACE('',(#7366),#180,.T.);
#8010=ADVANCED_FACE('',(#7367),#181,.T.);
#8011=ADVANCED_FACE('',(#7368),#182,.T.);
#8012=ADVANCED_FACE('',(#7369),#7639,.T.);
#8013=ADVANCED_FACE('',(#7370),#183,.T.);
#8014=ADVANCED_FACE('',(#7371),#184,.T.);
#8015=ADVANCED_FACE('',(#7372),#185,.T.);
#8016=ADVANCED_FACE('',(#7373),#186,.T.);
#8017=ADVANCED_FACE('',(#7374),#7640,.T.);
#8018=ADVANCED_FACE('',(#7375),#187,.T.);
#8019=ADVANCED_FACE('',(#7376),#188,.T.);
#8020=ADVANCED_FACE('',(#7377),#189,.T.);
#8021=ADVANCED_FACE('',(#7378),#190,.F.);
#8022=ADVANCED_FACE('',(#7379),#7641,.T.);
#8023=ADVANCED_FACE('',(#7380),#191,.F.);
#8024=ADVANCED_FACE('',(#7381,#7382,#7383),#7642,.T.);
#8025=ADVANCED_FACE('',(#7384),#7643,.T.);
#8026=ADVANCED_FACE('',(#7385),#7644,.T.);
#8027=ADVANCED_FACE('',(#7386),#192,.T.);
#8028=ADVANCED_FACE('',(#7387),#7645,.T.);
#8029=ADVANCED_FACE('',(#7388),#193,.T.);
#8030=ADVANCED_FACE('',(#7389),#194,.T.);
#8031=ADVANCED_FACE('',(#7390),#195,.T.);
#8032=ADVANCED_FACE('',(#7391),#7646,.T.);
#8033=ADVANCED_FACE('',(#7392),#7647,.T.);
#8034=ADVANCED_FACE('',(#7393),#7648,.T.);
#8035=ADVANCED_FACE('',(#7394),#196,.F.);
#8036=ADVANCED_FACE('',(#7395),#197,.F.);
#8037=ADVANCED_FACE('',(#7396),#7649,.T.);
#8038=ADVANCED_FACE('',(#7397),#198,.F.);
#8039=ADVANCED_FACE('',(#7398),#199,.F.);
#8040=ADVANCED_FACE('',(#7399),#7650,.T.);
#8041=ADVANCED_FACE('',(#7400),#7651,.T.);
#8042=ADVANCED_FACE('',(#7401),#7652,.T.);
#8043=ADVANCED_FACE('',(#7402),#200,.T.);
#8044=ADVANCED_FACE('',(#7403),#201,.T.);
#8045=ADVANCED_FACE('',(#7404),#7653,.T.);
#8046=ADVANCED_FACE('',(#7405),#7654,.T.);
#8047=ADVANCED_FACE('',(#7406),#7655,.T.);
#8048=ADVANCED_FACE('',(#7407),#7656,.T.);
#8049=ADVANCED_FACE('',(#7408),#7657,.T.);
#8050=ADVANCED_FACE('',(#7409),#7658,.T.);
#8051=ADVANCED_FACE('',(#7410),#7659,.T.);
#8052=ADVANCED_FACE('',(#7411),#7660,.T.);
#8053=ADVANCED_FACE('',(#7412),#202,.T.);
#8054=ADVANCED_FACE('',(#7413),#7661,.T.);
#8055=ADVANCED_FACE('',(#7414),#7662,.T.);
#8056=ADVANCED_FACE('',(#7415),#7663,.T.);
#8057=ADVANCED_FACE('',(#7416),#203,.F.);
#8058=ADVANCED_FACE('',(#7417),#204,.F.);
#8059=ADVANCED_FACE('',(#7418),#7664,.T.);
#8060=ADVANCED_FACE('',(#7419),#205,.F.);
#8061=ADVANCED_FACE('',(#7420),#206,.F.);
#8062=ADVANCED_FACE('',(#7421),#7665,.T.);
#8063=ADVANCED_FACE('',(#7422),#7666,.T.);
#8064=ADVANCED_FACE('',(#7423),#7667,.T.);
#8065=ADVANCED_FACE('',(#7424),#207,.T.);
#8066=ADVANCED_FACE('',(#7425),#208,.T.);
#8067=ADVANCED_FACE('',(#7426),#209,.T.);
#8068=ADVANCED_FACE('',(#7427),#7668,.T.);
#8069=ADVANCED_FACE('',(#7428),#210,.T.);
#8070=ADVANCED_FACE('',(#7429),#211,.T.);
#8071=ADVANCED_FACE('',(#7430),#7669,.T.);
#8072=ADVANCED_FACE('',(#7431),#7670,.T.);
#8073=ADVANCED_FACE('',(#7432),#7671,.T.);
#8074=ADVANCED_FACE('',(#7433),#7672,.T.);
#8075=ADVANCED_FACE('',(#7434),#7673,.T.);
#8076=ADVANCED_FACE('',(#7435),#7674,.T.);
#8077=ADVANCED_FACE('',(#7436),#7675,.T.);
#8078=ADVANCED_FACE('',(#7437),#7676,.T.);
#8079=ADVANCED_FACE('',(#7438),#7677,.T.);
#8080=ADVANCED_FACE('',(#7439),#7678,.T.);
#8081=ADVANCED_FACE('',(#7440),#7679,.T.);
#8082=ADVANCED_FACE('',(#7441),#7680,.T.);
#8083=ADVANCED_FACE('',(#7442),#7681,.T.);
#8084=ADVANCED_FACE('',(#7443),#7682,.T.);
#8085=ADVANCED_FACE('',(#7444),#7683,.T.);
#8086=ADVANCED_FACE('',(#7445),#7684,.T.);
#8087=ADVANCED_FACE('',(#7446),#7685,.T.);
#8088=ADVANCED_FACE('',(#7447),#212,.T.);
#8089=ADVANCED_FACE('',(#7448),#7686,.T.);
#8090=ADVANCED_FACE('',(#7449),#7687,.T.);
#8091=ADVANCED_FACE('',(#7450),#7688,.T.);
#8092=ADVANCED_FACE('',(#7451),#213,.F.);
#8093=ADVANCED_FACE('',(#7452),#214,.F.);
#8094=ADVANCED_FACE('',(#7453),#7689,.T.);
#8095=ADVANCED_FACE('',(#7454),#215,.F.);
#8096=ADVANCED_FACE('',(#7455),#216,.F.);
#8097=ADVANCED_FACE('',(#7456),#7690,.T.);
#8098=ADVANCED_FACE('',(#7457),#7691,.T.);
#8099=ADVANCED_FACE('',(#7458),#7692,.T.);
#8100=ADVANCED_FACE('',(#7459),#217,.T.);
#8101=ADVANCED_FACE('',(#7460),#218,.T.);
#8102=ADVANCED_FACE('',(#7461),#219,.T.);
#8103=ADVANCED_FACE('',(#7462),#7693,.T.);
#8104=ADVANCED_FACE('',(#7463),#220,.T.);
#8105=ADVANCED_FACE('',(#7464),#221,.T.);
#8106=ADVANCED_FACE('',(#7465),#7694,.T.);
#8107=ADVANCED_FACE('',(#7466),#7695,.T.);
#8108=ADVANCED_FACE('',(#7467),#7696,.T.);
#8109=ADVANCED_FACE('',(#7468),#222,.F.);
#8110=ADVANCED_FACE('',(#7469),#223,.F.);
#8111=ADVANCED_FACE('',(#7470),#7697,.T.);
#8112=ADVANCED_FACE('',(#7471),#224,.F.);
#8113=ADVANCED_FACE('',(#7472),#225,.F.);
#8114=ADVANCED_FACE('',(#7473),#7698,.T.);
#8115=ADVANCED_FACE('',(#7474),#7699,.T.);
#8116=ADVANCED_FACE('',(#7475),#7700,.T.);
#8117=ADVANCED_FACE('',(#7476),#7701,.T.);
#8118=ADVANCED_FACE('',(#7477),#7702,.T.);
#8119=ADVANCED_FACE('',(#7478),#7703,.T.);
#8120=ADVANCED_FACE('',(#7479),#7704,.T.);
#8121=ADVANCED_FACE('',(#7480),#226,.T.);
#8122=ADVANCED_FACE('',(#7481),#227,.T.);
#8123=ADVANCED_FACE('',(#7482),#228,.T.);
#8124=ADVANCED_FACE('',(#7483),#7705,.T.);
#8125=ADVANCED_FACE('',(#7484),#229,.T.);
#8126=ADVANCED_FACE('',(#7485),#230,.T.);
#8127=ADVANCED_FACE('',(#7486),#231,.T.);
#8128=ADVANCED_FACE('',(#7487),#7706,.T.);
#8129=ADVANCED_FACE('',(#7488,#7489),#7707,.T.);
#8130=ADVANCED_FACE('',(#7490),#7708,.T.);
#8131=ADVANCED_FACE('',(#7491),#7709,.T.);
#8132=ADVANCED_FACE('',(#7492),#7710,.T.);
#8133=ADVANCED_FACE('',(#7493),#7711,.T.);
#8134=ADVANCED_FACE('',(#7494),#7712,.T.);
#8135=ADVANCED_FACE('',(#7495),#7713,.T.);
#8136=ADVANCED_FACE('',(#7496),#7714,.T.);
#8137=ADVANCED_FACE('',(#7497),#7715,.T.);
#8138=ADVANCED_FACE('',(#7498),#7716,.T.);
#8139=ADVANCED_FACE('',(#7499),#7717,.T.);
#8140=ADVANCED_FACE('',(#7500),#7718,.T.);
#8141=ADVANCED_FACE('',(#7501),#7719,.T.);
#8142=ADVANCED_FACE('',(#7502),#7720,.T.);
#8143=ADVANCED_FACE('',(#7503),#7721,.T.);
#8144=ADVANCED_FACE('',(#7504,#7505),#12,.F.);
#8145=ADVANCED_FACE('',(#7506,#7507),#13,.F.);
#8146=ADVANCED_FACE('',(#7508,#7509),#14,.F.);
#8147=ADVANCED_FACE('',(#7510,#7511),#15,.F.);
#8148=CLOSED_SHELL('',(#7722,#7723,#7724,#7725,#7726,#7727,#7728,#7729,
#7730,#7731,#7732,#7733,#7734,#7735,#7736,#7737,#7738,#7739,#7740,#7741,
#7742,#7743,#7744,#7745,#7746,#7747,#7748,#7749,#7750,#7751,#7752,#7753,
#7754,#7755,#7756,#7757,#7758,#7759,#7760,#7761,#7762,#7763,#7764,#7765,
#7766,#7767,#7768,#7769,#7770,#7771,#7772,#7773,#7774,#7775,#7776,#7777,
#7778,#7779,#7780,#7781,#7782,#7783,#7784,#7785,#7786,#7787,#7788,#7789,
#7790,#7791,#7792,#7793,#7794,#7795,#7796,#7797,#7798,#7799,#7800,#7801,
#7802,#7803,#7804,#7805,#7806,#7807,#7808,#7809,#7810,#7811,#7812,#7813,
#7814,#7815,#7816,#7817,#7818,#7819,#7820,#7821,#7822,#7823,#7824,#7825,
#7826,#7827,#7828,#7829,#7830,#7831,#7832,#7833,#7834,#7835,#7836,#7837,
#7838,#7839,#7840,#7841,#7842,#7843,#7844,#7845,#7846,#7847,#7848,#7849,
#7850,#7851,#7852,#7853,#7854,#7855,#7856,#7857,#7858,#7859,#7860,#7861,
#7862,#7863,#7864,#7865,#7866,#7867,#7868,#7869,#7870,#7871,#7872,#7873,
#7874,#7875,#7876,#7877,#7878,#7879,#7880,#7881,#7882,#7883,#7884,#7885,
#7886,#7887,#7888,#7889,#7890,#7891,#7892,#7893,#7894,#7895,#7896,#7897,
#7898,#7899,#7900,#7901,#7902,#7903,#7904,#7905,#7906,#7907,#7908,#7909,
#7910,#7911,#7912,#7913,#7914,#7915,#7916,#7917,#7918,#7919,#7920,#7921,
#7922,#7923,#7924,#7925,#7926,#7927,#7928,#7929,#7930,#7931,#7932,#7933,
#7934,#7935,#7936,#7937,#7938,#7939,#7940,#7941,#7942,#7943,#7944,#7945,
#7946,#7947,#7948,#7949,#7950,#7951,#7952,#7953,#7954,#7955,#7956,#7957,
#7958,#7959,#7960,#7961,#7962,#7963,#7964,#7965,#7966,#7967,#7968,#7969,
#7970,#7971,#7972,#7973,#7974,#7975,#7976,#7977,#7978,#7979,#7980,#7981,
#7982,#7983,#7984,#7985,#7986,#7987,#7988,#7989,#7990,#7991,#7992,#7993,
#7994,#7995,#7996,#7997,#7998,#7999,#8000,#8001,#8002,#8003,#8004,#8005,
#8006,#8007,#8008,#8009,#8010,#8011,#8012,#8013,#8014,#8015,#8016,#8017,
#8018,#8019,#8020,#8021,#8022,#8023,#8024,#8025,#8026,#8027,#8028,#8029,
#8030,#8031,#8032,#8033,#8034,#8035,#8036,#8037,#8038,#8039,#8040,#8041,
#8042,#8043,#8044,#8045,#8046,#8047,#8048,#8049,#8050,#8051,#8052,#8053,
#8054,#8055,#8056,#8057,#8058,#8059,#8060,#8061,#8062,#8063,#8064,#8065,
#8066,#8067,#8068,#8069,#8070,#8071,#8072,#8073,#8074,#8075,#8076,#8077,
#8078,#8079,#8080,#8081,#8082,#8083,#8084,#8085,#8086,#8087,#8088,#8089,
#8090,#8091,#8092,#8093,#8094,#8095,#8096,#8097,#8098,#8099,#8100,#8101,
#8102,#8103,#8104,#8105,#8106,#8107,#8108,#8109,#8110,#8111,#8112,#8113,
#8114,#8115,#8116,#8117,#8118,#8119,#8120,#8121,#8122,#8123,#8124,#8125,
#8126,#8127,#8128,#8129,#8130,#8131,#8132,#8133,#8134,#8135,#8136,#8137,
#8138,#8139,#8140,#8141,#8142,#8143,#8144,#8145,#8146,#8147));
#8149=STYLED_ITEM('',(#8150),#8157);
#8150=PRESENTATION_STYLE_ASSIGNMENT((#8151));
#8151=SURFACE_STYLE_USAGE(.BOTH.,#8152);
#8152=SURFACE_SIDE_STYLE('',(#8153));
#8153=SURFACE_STYLE_FILL_AREA(#8154);
#8154=FILL_AREA_STYLE('',(#8155));
#8155=FILL_AREA_STYLE_COLOUR('',#8156);
#8156=COLOUR_RGB('',0.498039215686275,0.498039215686275,0.498039215686275);
#8157=MANIFOLD_SOLID_BREP('Top Plate',#8148);
#8158=SHAPE_DEFINITION_REPRESENTATION(#13942,#8159);
#8159=SHAPE_REPRESENTATION('Top Plate',(#8160),#13937);
#8160=AXIS2_PLACEMENT_3D('',#11232,#8930,#8931);
#8161=AXIS2_PLACEMENT_3D('',#11233,#8932,#8933);
#8162=AXIS2_PLACEMENT_3D('',#11234,#8934,#8935);
#8163=AXIS2_PLACEMENT_3D('',#11236,#8936,#8937);
#8164=AXIS2_PLACEMENT_3D('',#11238,#8938,#8939);
#8165=AXIS2_PLACEMENT_3D('',#11240,#8940,#8941);
#8166=AXIS2_PLACEMENT_3D('',#11269,#8955,#8956);
#8167=AXIS2_PLACEMENT_3D('',#11271,#8957,#8958);
#8168=AXIS2_PLACEMENT_3D('',#11273,#8959,#8960);
#8169=AXIS2_PLACEMENT_3D('',#11277,#8962,#8963);
#8170=AXIS2_PLACEMENT_3D('',#11279,#8964,#8965);
#8171=AXIS2_PLACEMENT_3D('',#11281,#8966,#8967);
#8172=AXIS2_PLACEMENT_3D('',#11294,#8974,#8975);
#8173=AXIS2_PLACEMENT_3D('',#11297,#8976,#8977);
#8174=AXIS2_PLACEMENT_3D('',#11299,#8978,#8979);
#8175=AXIS2_PLACEMENT_3D('',#11303,#8981,#8982);
#8176=AXIS2_PLACEMENT_3D('',#11305,#8983,#8984);
#8177=AXIS2_PLACEMENT_3D('',#11307,#8985,#8986);
#8178=AXIS2_PLACEMENT_3D('',#11315,#8990,#8991);
#8179=AXIS2_PLACEMENT_3D('',#11317,#8992,#8993);
#8180=AXIS2_PLACEMENT_3D('',#11321,#8995,#8996);
#8181=AXIS2_PLACEMENT_3D('',#11323,#8997,#8998);
#8182=AXIS2_PLACEMENT_3D('',#11360,#9017,#9018);
#8183=AXIS2_PLACEMENT_3D('',#11363,#9019,#9020);
#8184=AXIS2_PLACEMENT_3D('',#11365,#9021,#9022);
#8185=AXIS2_PLACEMENT_3D('',#11369,#9024,#9025);
#8186=AXIS2_PLACEMENT_3D('',#11371,#9026,#9027);
#8187=AXIS2_PLACEMENT_3D('',#11373,#9028,#9029);
#8188=AXIS2_PLACEMENT_3D('',#11381,#9033,#9034);
#8189=AXIS2_PLACEMENT_3D('',#11383,#9035,#9036);
#8190=AXIS2_PLACEMENT_3D('',#11387,#9038,#9039);
#8191=AXIS2_PLACEMENT_3D('',#11389,#9040,#9041);
#8192=AXIS2_PLACEMENT_3D('',#11408,#9051,#9052);
#8193=AXIS2_PLACEMENT_3D('',#11411,#9053,#9054);
#8194=AXIS2_PLACEMENT_3D('',#11413,#9055,#9056);
#8195=AXIS2_PLACEMENT_3D('',#11421,#9060,#9061);
#8196=AXIS2_PLACEMENT_3D('',#11423,#9062,#9063);
#8197=AXIS2_PLACEMENT_3D('',#11427,#9065,#9066);
#8198=AXIS2_PLACEMENT_3D('',#11429,#9067,#9068);
#8199=AXIS2_PLACEMENT_3D('',#11437,#9072,#9073);
#8200=AXIS2_PLACEMENT_3D('',#11439,#9074,#9075);
#8201=AXIS2_PLACEMENT_3D('',#11441,#9076,#9077);
#8202=AXIS2_PLACEMENT_3D('',#11449,#9081,#9082);
#8203=AXIS2_PLACEMENT_3D('',#11451,#9083,#9084);
#8204=AXIS2_PLACEMENT_3D('',#11453,#9085,#9086);
#8205=AXIS2_PLACEMENT_3D('',#11457,#9088,#9089);
#8206=AXIS2_PLACEMENT_3D('',#11459,#9090,#9091);
#8207=AXIS2_PLACEMENT_3D('',#11461,#9092,#9093);
#8208=AXIS2_PLACEMENT_3D('',#11463,#9094,#9095);
#8209=AXIS2_PLACEMENT_3D('',#11467,#9097,#9098);
#8210=AXIS2_PLACEMENT_3D('',#11469,#9099,#9100);
#8211=AXIS2_PLACEMENT_3D('',#11471,#9101,#9102);
#8212=AXIS2_PLACEMENT_3D('',#11482,#9108,#9109);
#8213=AXIS2_PLACEMENT_3D('',#11487,#9111,#9112);
#8214=AXIS2_PLACEMENT_3D('',#11490,#9114,#9115);
#8215=AXIS2_PLACEMENT_3D('',#11495,#9117,#9118);
#8216=AXIS2_PLACEMENT_3D('',#11562,#9152,#9153);
#8217=AXIS2_PLACEMENT_3D('',#11575,#9155,#9156);
#8218=AXIS2_PLACEMENT_3D('',#11577,#9157,#9158);
#8219=AXIS2_PLACEMENT_3D('',#11579,#9159,#9160);
#8220=AXIS2_PLACEMENT_3D('',#11581,#9161,#9162);
#8221=AXIS2_PLACEMENT_3D('',#11583,#9163,#9164);
#8222=AXIS2_PLACEMENT_3D('',#11595,#9170,#9171);
#8223=AXIS2_PLACEMENT_3D('',#11597,#9172,#9173);
#8224=AXIS2_PLACEMENT_3D('',#11598,#9174,#9175);
#8225=AXIS2_PLACEMENT_3D('',#11601,#9176,#9177);
#8226=AXIS2_PLACEMENT_3D('',#11603,#9178,#9179);
#8227=AXIS2_PLACEMENT_3D('',#11609,#9180,#9181);
#8228=AXIS2_PLACEMENT_3D('',#11611,#9182,#9183);
#8229=AXIS2_PLACEMENT_3D('',#11613,#9184,#9185);
#8230=AXIS2_PLACEMENT_3D('',#11617,#9187,#9188);
#8231=AXIS2_PLACEMENT_3D('',#11619,#9189,#9190);
#8232=AXIS2_PLACEMENT_3D('',#11621,#9191,#9192);
#8233=AXIS2_PLACEMENT_3D('',#11623,#9193,#9194);
#8234=AXIS2_PLACEMENT_3D('',#11625,#9195,#9196);
#8235=AXIS2_PLACEMENT_3D('',#11627,#9197,#9198);
#8236=AXIS2_PLACEMENT_3D('',#11651,#9202,#9203);
#8237=AXIS2_PLACEMENT_3D('',#11653,#9204,#9205);
#8238=AXIS2_PLACEMENT_3D('',#11661,#9209,#9210);
#8239=AXIS2_PLACEMENT_3D('',#11663,#9211,#9212);
#8240=AXIS2_PLACEMENT_3D('',#11665,#9213,#9214);
#8241=AXIS2_PLACEMENT_3D('',#11675,#9217,#9218);
#8242=AXIS2_PLACEMENT_3D('',#11685,#9219,#9220);
#8243=AXIS2_PLACEMENT_3D('',#11687,#9221,#9222);
#8244=AXIS2_PLACEMENT_3D('',#11702,#9230,#9231);
#8245=AXIS2_PLACEMENT_3D('',#11705,#9232,#9233);
#8246=AXIS2_PLACEMENT_3D('',#11717,#9235,#9236);
#8247=AXIS2_PLACEMENT_3D('',#11719,#9237,#9238);
#8248=AXIS2_PLACEMENT_3D('',#11721,#9239,#9240);
#8249=AXIS2_PLACEMENT_3D('',#11723,#9241,#9242);
#8250=AXIS2_PLACEMENT_3D('',#11735,#9244,#9245);
#8251=AXIS2_PLACEMENT_3D('',#11737,#9246,#9247);
#8252=AXIS2_PLACEMENT_3D('',#11745,#9251,#9252);
#8253=AXIS2_PLACEMENT_3D('',#11747,#9253,#9254);
#8254=AXIS2_PLACEMENT_3D('',#11749,#9255,#9256);
#8255=AXIS2_PLACEMENT_3D('',#11751,#9257,#9258);
#8256=AXIS2_PLACEMENT_3D('',#11753,#9259,#9260);
#8257=AXIS2_PLACEMENT_3D('',#11755,#9261,#9262);
#8258=AXIS2_PLACEMENT_3D('',#11757,#9263,#9264);
#8259=AXIS2_PLACEMENT_3D('',#11759,#9265,#9266);
#8260=AXIS2_PLACEMENT_3D('',#11761,#9267,#9268);
#8261=AXIS2_PLACEMENT_3D('',#11773,#9272,#9273);
#8262=AXIS2_PLACEMENT_3D('',#11775,#9274,#9275);
#8263=AXIS2_PLACEMENT_3D('',#11777,#9276,#9277);
#8264=AXIS2_PLACEMENT_3D('',#11789,#9281,#9282);
#8265=AXIS2_PLACEMENT_3D('',#11791,#9283,#9284);
#8266=AXIS2_PLACEMENT_3D('',#11793,#9285,#9286);
#8267=AXIS2_PLACEMENT_3D('',#11803,#9289,#9290);
#8268=AXIS2_PLACEMENT_3D('',#11811,#9292,#9293);
#8269=AXIS2_PLACEMENT_3D('',#11817,#9294,#9295);
#8270=AXIS2_PLACEMENT_3D('',#11823,#9296,#9297);
#8271=AXIS2_PLACEMENT_3D('',#11825,#9298,#9299);
#8272=AXIS2_PLACEMENT_3D('',#11827,#9300,#9301);
#8273=AXIS2_PLACEMENT_3D('',#11831,#9303,#9304);
#8274=AXIS2_PLACEMENT_3D('',#11849,#9305,#9306);
#8275=AXIS2_PLACEMENT_3D('',#11851,#9307,#9308);
#8276=AXIS2_PLACEMENT_3D('',#11853,#9309,#9310);
#8277=AXIS2_PLACEMENT_3D('',#11857,#9312,#9313);
#8278=AXIS2_PLACEMENT_3D('',#11859,#9314,#9315);
#8279=AXIS2_PLACEMENT_3D('',#11861,#9316,#9317);
#8280=AXIS2_PLACEMENT_3D('',#11863,#9318,#9319);
#8281=AXIS2_PLACEMENT_3D('',#11865,#9320,#9321);
#8282=AXIS2_PLACEMENT_3D('',#11867,#9322,#9323);
#8283=AXIS2_PLACEMENT_3D('',#11869,#9324,#9325);
#8284=AXIS2_PLACEMENT_3D('',#11873,#9327,#9328);
#8285=AXIS2_PLACEMENT_3D('',#11879,#9329,#9330);
#8286=AXIS2_PLACEMENT_3D('',#11881,#9331,#9332);
#8287=AXIS2_PLACEMENT_3D('',#11883,#9333,#9334);
#8288=AXIS2_PLACEMENT_3D('',#11908,#9347,#9348);
#8289=AXIS2_PLACEMENT_3D('',#11917,#9353,#9354);
#8290=AXIS2_PLACEMENT_3D('',#11926,#9359,#9360);
#8291=AXIS2_PLACEMENT_3D('',#11928,#9361,#9362);
#8292=AXIS2_PLACEMENT_3D('',#11930,#9363,#9364);
#8293=AXIS2_PLACEMENT_3D('',#11935,#9366,#9367);
#8294=AXIS2_PLACEMENT_3D('',#11939,#9369,#9370);
#8295=AXIS2_PLACEMENT_3D('',#11940,#9371,#9372);
#8296=AXIS2_PLACEMENT_3D('',#11942,#9373,#9374);
#8297=AXIS2_PLACEMENT_3D('',#12019,#9412,#9413);
#8298=AXIS2_PLACEMENT_3D('',#12023,#9415,#9416);
#8299=AXIS2_PLACEMENT_3D('',#12037,#9424,#9425);
#8300=AXIS2_PLACEMENT_3D('',#12043,#9429,#9430);
#8301=AXIS2_PLACEMENT_3D('',#12047,#9433,#9434);
#8302=AXIS2_PLACEMENT_3D('',#12051,#9437,#9438);
#8303=AXIS2_PLACEMENT_3D('',#12053,#9440,#9441);
#8304=AXIS2_PLACEMENT_3D('',#12059,#9445,#9446);
#8305=AXIS2_PLACEMENT_3D('',#12063,#9449,#9450);
#8306=AXIS2_PLACEMENT_3D('',#12067,#9453,#9454);
#8307=AXIS2_PLACEMENT_3D('',#12069,#9456,#9457);
#8308=AXIS2_PLACEMENT_3D('',#12072,#9460,#9461);
#8309=AXIS2_PLACEMENT_3D('',#12074,#9463,#9464);
#8310=AXIS2_PLACEMENT_3D('',#12076,#9466,#9467);
#8311=AXIS2_PLACEMENT_3D('',#12077,#9468,#9469);
#8312=AXIS2_PLACEMENT_3D('',#12080,#9472,#9473);
#8313=AXIS2_PLACEMENT_3D('',#12082,#9475,#9476);
#8314=AXIS2_PLACEMENT_3D('',#12084,#9478,#9479);
#8315=AXIS2_PLACEMENT_3D('',#12085,#9480,#9481);
#8316=AXIS2_PLACEMENT_3D('',#12088,#9484,#9485);
#8317=AXIS2_PLACEMENT_3D('',#12090,#9487,#9488);
#8318=AXIS2_PLACEMENT_3D('',#12092,#9490,#9491);
#8319=AXIS2_PLACEMENT_3D('',#12093,#9492,#9493);
#8320=AXIS2_PLACEMENT_3D('',#12096,#9496,#9497);
#8321=AXIS2_PLACEMENT_3D('',#12098,#9499,#9500);
#8322=AXIS2_PLACEMENT_3D('',#12100,#9502,#9503);
#8323=AXIS2_PLACEMENT_3D('',#12101,#9504,#9505);
#8324=AXIS2_PLACEMENT_3D('',#12104,#9508,#9509);
#8325=AXIS2_PLACEMENT_3D('',#12106,#9511,#9512);
#8326=AXIS2_PLACEMENT_3D('',#12108,#9514,#9515);
#8327=AXIS2_PLACEMENT_3D('',#12109,#9516,#9517);
#8328=AXIS2_PLACEMENT_3D('',#12112,#9520,#9521);
#8329=AXIS2_PLACEMENT_3D('',#12114,#9523,#9524);
#8330=AXIS2_PLACEMENT_3D('',#12116,#9526,#9527);
#8331=AXIS2_PLACEMENT_3D('',#12117,#9528,#9529);
#8332=AXIS2_PLACEMENT_3D('',#12120,#9532,#9533);
#8333=AXIS2_PLACEMENT_3D('',#12122,#9535,#9536);
#8334=AXIS2_PLACEMENT_3D('',#12124,#9538,#9539);
#8335=AXIS2_PLACEMENT_3D('',#12125,#9540,#9541);
#8336=AXIS2_PLACEMENT_3D('',#12128,#9544,#9545);
#8337=AXIS2_PLACEMENT_3D('',#12130,#9547,#9548);
#8338=AXIS2_PLACEMENT_3D('',#12132,#9550,#9551);
#8339=AXIS2_PLACEMENT_3D('',#12133,#9552,#9553);
#8340=AXIS2_PLACEMENT_3D('',#12134,#9554,#9555);
#8341=AXIS2_PLACEMENT_3D('',#12136,#9556,#9557);
#8342=AXIS2_PLACEMENT_3D('',#12137,#9558,#9559);
#8343=AXIS2_PLACEMENT_3D('',#12140,#9562,#9563);
#8344=AXIS2_PLACEMENT_3D('',#12142,#9565,#9566);
#8345=AXIS2_PLACEMENT_3D('',#12144,#9568,#9569);
#8346=AXIS2_PLACEMENT_3D('',#12145,#9570,#9571);
#8347=AXIS2_PLACEMENT_3D('',#12148,#9574,#9575);
#8348=AXIS2_PLACEMENT_3D('',#12150,#9577,#9578);
#8349=AXIS2_PLACEMENT_3D('',#12152,#9580,#9581);
#8350=AXIS2_PLACEMENT_3D('',#12153,#9582,#9583);
#8351=AXIS2_PLACEMENT_3D('',#12154,#9584,#9585);
#8352=AXIS2_PLACEMENT_3D('',#12156,#9586,#9587);
#8353=AXIS2_PLACEMENT_3D('',#12157,#9588,#9589);
#8354=AXIS2_PLACEMENT_3D('',#12159,#9590,#9591);
#8355=AXIS2_PLACEMENT_3D('',#12160,#9592,#9593);
#8356=AXIS2_PLACEMENT_3D('',#12162,#9594,#9595);
#8357=AXIS2_PLACEMENT_3D('',#12165,#9598,#9599);
#8358=AXIS2_PLACEMENT_3D('',#12167,#9601,#9602);
#8359=AXIS2_PLACEMENT_3D('',#12169,#9604,#9605);
#8360=AXIS2_PLACEMENT_3D('',#12170,#9606,#9607);
#8361=AXIS2_PLACEMENT_3D('',#12171,#9608,#9609);
#8362=AXIS2_PLACEMENT_3D('',#12176,#9611,#9612);
#8363=AXIS2_PLACEMENT_3D('',#12179,#9614,#9615);
#8364=AXIS2_PLACEMENT_3D('',#12180,#9616,#9617);
#8365=AXIS2_PLACEMENT_3D('',#12184,#9619,#9620);
#8366=AXIS2_PLACEMENT_3D('',#12185,#9621,#9622);
#8367=AXIS2_PLACEMENT_3D('',#12186,#9623,#9624);
#8368=AXIS2_PLACEMENT_3D('',#12190,#9626,#9627);
#8369=AXIS2_PLACEMENT_3D('',#12191,#9628,#9629);
#8370=AXIS2_PLACEMENT_3D('',#12192,#9630,#9631);
#8371=AXIS2_PLACEMENT_3D('',#12196,#9633,#9634);
#8372=AXIS2_PLACEMENT_3D('',#12197,#9635,#9636);
#8373=AXIS2_PLACEMENT_3D('',#12203,#9640,#9641);
#8374=AXIS2_PLACEMENT_3D('',#12204,#9642,#9643);
#8375=AXIS2_PLACEMENT_3D('',#12208,#9645,#9646);
#8376=AXIS2_PLACEMENT_3D('',#12209,#9647,#9648);
#8377=AXIS2_PLACEMENT_3D('',#12210,#9649,#9650);
#8378=AXIS2_PLACEMENT_3D('',#12214,#9652,#9653);
#8379=AXIS2_PLACEMENT_3D('',#12215,#9654,#9655);
#8380=AXIS2_PLACEMENT_3D('',#12216,#9656,#9657);
#8381=AXIS2_PLACEMENT_3D('',#12220,#9659,#9660);
#8382=AXIS2_PLACEMENT_3D('',#12221,#9661,#9662);
#8383=AXIS2_PLACEMENT_3D('',#12222,#9663,#9664);
#8384=AXIS2_PLACEMENT_3D('',#12226,#9666,#9667);
#8385=AXIS2_PLACEMENT_3D('',#12227,#9668,#9669);
#8386=AXIS2_PLACEMENT_3D('',#12248,#9675,#9676);
#8387=AXIS2_PLACEMENT_3D('',#12251,#9678,#9679);
#8388=AXIS2_PLACEMENT_3D('',#12252,#9680,#9681);
#8389=AXIS2_PLACEMENT_3D('',#12255,#9683,#9684);
#8390=AXIS2_PLACEMENT_3D('',#12256,#9685,#9686);
#8391=AXIS2_PLACEMENT_3D('',#12260,#9689,#9690);
#8392=AXIS2_PLACEMENT_3D('',#12264,#9693,#9694);
#8393=AXIS2_PLACEMENT_3D('',#12268,#9697,#9698);
#8394=AXIS2_PLACEMENT_3D('',#12272,#9701,#9702);
#8395=AXIS2_PLACEMENT_3D('',#12276,#9705,#9706);
#8396=AXIS2_PLACEMENT_3D('',#12279,#9708,#9709);
#8397=AXIS2_PLACEMENT_3D('',#12280,#9710,#9711);
#8398=AXIS2_PLACEMENT_3D('',#12283,#9713,#9714);
#8399=AXIS2_PLACEMENT_3D('',#12284,#9715,#9716);
#8400=AXIS2_PLACEMENT_3D('',#12287,#9718,#9719);
#8401=AXIS2_PLACEMENT_3D('',#12288,#9720,#9721);
#8402=AXIS2_PLACEMENT_3D('',#12291,#9723,#9724);
#8403=AXIS2_PLACEMENT_3D('',#12292,#9725,#9726);
#8404=AXIS2_PLACEMENT_3D('',#12295,#9728,#9729);
#8405=AXIS2_PLACEMENT_3D('',#12296,#9730,#9731);
#8406=AXIS2_PLACEMENT_3D('',#12311,#9734,#9735);
#8407=AXIS2_PLACEMENT_3D('',#12312,#9736,#9737);
#8408=AXIS2_PLACEMENT_3D('',#12313,#9738,#9739);
#8409=AXIS2_PLACEMENT_3D('',#12314,#9740,#9741);
#8410=AXIS2_PLACEMENT_3D('',#12315,#9742,#9743);
#8411=AXIS2_PLACEMENT_3D('',#12316,#9744,#9745);
#8412=AXIS2_PLACEMENT_3D('',#12317,#9746,#9747);
#8413=AXIS2_PLACEMENT_3D('',#12322,#9749,#9750);
#8414=AXIS2_PLACEMENT_3D('',#12325,#9752,#9753);
#8415=AXIS2_PLACEMENT_3D('',#12326,#9754,#9755);
#8416=AXIS2_PLACEMENT_3D('',#12330,#9757,#9758);
#8417=AXIS2_PLACEMENT_3D('',#12331,#9759,#9760);
#8418=AXIS2_PLACEMENT_3D('',#12332,#9761,#9762);
#8419=AXIS2_PLACEMENT_3D('',#12336,#9764,#9765);
#8420=AXIS2_PLACEMENT_3D('',#12337,#9766,#9767);
#8421=AXIS2_PLACEMENT_3D('',#12338,#9768,#9769);
#8422=AXIS2_PLACEMENT_3D('',#12342,#9771,#9772);
#8423=AXIS2_PLACEMENT_3D('',#12343,#9773,#9774);
#8424=AXIS2_PLACEMENT_3D('',#12344,#9775,#9776);
#8425=AXIS2_PLACEMENT_3D('',#12348,#9778,#9779);
#8426=AXIS2_PLACEMENT_3D('',#12349,#9780,#9781);
#8427=AXIS2_PLACEMENT_3D('',#12350,#9782,#9783);
#8428=AXIS2_PLACEMENT_3D('',#12354,#9785,#9786);
#8429=AXIS2_PLACEMENT_3D('',#12355,#9787,#9788);
#8430=AXIS2_PLACEMENT_3D('',#12356,#9789,#9790);
#8431=AXIS2_PLACEMENT_3D('',#12360,#9792,#9793);
#8432=AXIS2_PLACEMENT_3D('',#12361,#9794,#9795);
#8433=AXIS2_PLACEMENT_3D('',#12367,#9799,#9800);
#8434=AXIS2_PLACEMENT_3D('',#12368,#9801,#9802);
#8435=AXIS2_PLACEMENT_3D('',#12372,#9804,#9805);
#8436=AXIS2_PLACEMENT_3D('',#12373,#9806,#9807);
#8437=AXIS2_PLACEMENT_3D('',#12376,#9809,#9810);
#8438=AXIS2_PLACEMENT_3D('',#12379,#9812,#9813);
#8439=AXIS2_PLACEMENT_3D('',#12382,#9815,#9816);
#8440=AXIS2_PLACEMENT_3D('',#12383,#9817,#9818);
#8441=AXIS2_PLACEMENT_3D('',#12386,#9820,#9821);
#8442=AXIS2_PLACEMENT_3D('',#12387,#9822,#9823);
#8443=AXIS2_PLACEMENT_3D('',#12390,#9825,#9826);
#8444=AXIS2_PLACEMENT_3D('',#12391,#9827,#9828);
#8445=AXIS2_PLACEMENT_3D('',#12395,#9831,#9832);
#8446=AXIS2_PLACEMENT_3D('',#12399,#9835,#9836);
#8447=AXIS2_PLACEMENT_3D('',#12403,#9839,#9840);
#8448=AXIS2_PLACEMENT_3D('',#12406,#9842,#9843);
#8449=AXIS2_PLACEMENT_3D('',#12407,#9844,#9845);
#8450=AXIS2_PLACEMENT_3D('',#12410,#9847,#9848);
#8451=AXIS2_PLACEMENT_3D('',#12411,#9849,#9850);
#8452=AXIS2_PLACEMENT_3D('',#12467,#9857,#9858);
#8453=AXIS2_PLACEMENT_3D('',#12471,#9861,#9862);
#8454=AXIS2_PLACEMENT_3D('',#12475,#9865,#9866);
#8455=AXIS2_PLACEMENT_3D('',#12478,#9868,#9869);
#8456=AXIS2_PLACEMENT_3D('',#12479,#9870,#9871);
#8457=AXIS2_PLACEMENT_3D('',#12482,#9873,#9874);
#8458=AXIS2_PLACEMENT_3D('',#12483,#9875,#9876);
#8459=AXIS2_PLACEMENT_3D('',#12486,#9878,#9879);
#8460=AXIS2_PLACEMENT_3D('',#12487,#9880,#9881);
#8461=AXIS2_PLACEMENT_3D('',#12490,#9883,#9884);
#8462=AXIS2_PLACEMENT_3D('',#12491,#9885,#9886);
#8463=AXIS2_PLACEMENT_3D('',#12494,#9888,#9889);
#8464=AXIS2_PLACEMENT_3D('',#12495,#9890,#9891);
#8465=AXIS2_PLACEMENT_3D('',#12498,#9893,#9894);
#8466=AXIS2_PLACEMENT_3D('',#12499,#9895,#9896);
#8467=AXIS2_PLACEMENT_3D('',#12503,#9899,#9900);
#8468=AXIS2_PLACEMENT_3D('',#12506,#9902,#9903);
#8469=AXIS2_PLACEMENT_3D('',#12507,#9904,#9905);
#8470=AXIS2_PLACEMENT_3D('',#12510,#9907,#9908);
#8471=AXIS2_PLACEMENT_3D('',#12511,#9909,#9910);
#8472=AXIS2_PLACEMENT_3D('',#12514,#9912,#9913);
#8473=AXIS2_PLACEMENT_3D('',#12528,#9915,#9916);
#8474=AXIS2_PLACEMENT_3D('',#12531,#9918,#9919);
#8475=AXIS2_PLACEMENT_3D('',#12532,#9920,#9921);
#8476=AXIS2_PLACEMENT_3D('',#12533,#9922,#9923);
#8477=AXIS2_PLACEMENT_3D('',#12534,#9924,#9925);
#8478=AXIS2_PLACEMENT_3D('',#12535,#9926,#9927);
#8479=AXIS2_PLACEMENT_3D('',#12536,#9928,#9929);
#8480=AXIS2_PLACEMENT_3D('',#12537,#9930,#9931);
#8481=AXIS2_PLACEMENT_3D('',#12538,#9932,#9933);
#8482=AXIS2_PLACEMENT_3D('',#12539,#9934,#9935);
#8483=AXIS2_PLACEMENT_3D('',#12548,#9940,#9941);
#8484=AXIS2_PLACEMENT_3D('',#12554,#9945,#9946);
#8485=AXIS2_PLACEMENT_3D('',#12577,#9951,#9952);
#8486=AXIS2_PLACEMENT_3D('',#12578,#9953,#9954);
#8487=AXIS2_PLACEMENT_3D('',#12582,#9956,#9957);
#8488=AXIS2_PLACEMENT_3D('',#12583,#9958,#9959);
#8489=AXIS2_PLACEMENT_3D('',#12584,#9960,#9961);
#8490=AXIS2_PLACEMENT_3D('',#12588,#9963,#9964);
#8491=AXIS2_PLACEMENT_3D('',#12589,#9965,#9966);
#8492=AXIS2_PLACEMENT_3D('',#12590,#9967,#9968);
#8493=AXIS2_PLACEMENT_3D('',#12594,#9970,#9971);
#8494=AXIS2_PLACEMENT_3D('',#12595,#9972,#9973);
#8495=AXIS2_PLACEMENT_3D('',#12596,#9974,#9975);
#8496=AXIS2_PLACEMENT_3D('',#12600,#9977,#9978);
#8497=AXIS2_PLACEMENT_3D('',#12601,#9979,#9980);
#8498=AXIS2_PLACEMENT_3D('',#12607,#9984,#9985);
#8499=AXIS2_PLACEMENT_3D('',#12611,#9988,#9989);
#8500=AXIS2_PLACEMENT_3D('',#12615,#9992,#9993);
#8501=AXIS2_PLACEMENT_3D('',#12619,#9996,#9997);
#8502=AXIS2_PLACEMENT_3D('',#12622,#9999,#10000);
#8503=AXIS2_PLACEMENT_3D('',#12623,#10001,#10002);
#8504=AXIS2_PLACEMENT_3D('',#12626,#10004,#10005);
#8505=AXIS2_PLACEMENT_3D('',#12653,#10008,#10009);
#8506=AXIS2_PLACEMENT_3D('',#12656,#10011,#10012);
#8507=AXIS2_PLACEMENT_3D('',#12670,#10014,#10015);
#8508=AXIS2_PLACEMENT_3D('',#12686,#10017,#10018);
#8509=AXIS2_PLACEMENT_3D('',#12687,#10019,#10020);
#8510=AXIS2_PLACEMENT_3D('',#12688,#10021,#10022);
#8511=AXIS2_PLACEMENT_3D('',#12694,#10026,#10027);
#8512=AXIS2_PLACEMENT_3D('',#12698,#10030,#10031);
#8513=AXIS2_PLACEMENT_3D('',#12702,#10034,#10035);
#8514=AXIS2_PLACEMENT_3D('',#12704,#10037,#10038);
#8515=AXIS2_PLACEMENT_3D('',#12705,#10039,#10040);
#8516=AXIS2_PLACEMENT_3D('',#12706,#10041,#10042);
#8517=AXIS2_PLACEMENT_3D('',#12711,#10044,#10045);
#8518=AXIS2_PLACEMENT_3D('',#12714,#10047,#10048);
#8519=AXIS2_PLACEMENT_3D('',#12715,#10049,#10050);
#8520=AXIS2_PLACEMENT_3D('',#12719,#10052,#10053);
#8521=AXIS2_PLACEMENT_3D('',#12720,#10054,#10055);
#8522=AXIS2_PLACEMENT_3D('',#12721,#10056,#10057);
#8523=AXIS2_PLACEMENT_3D('',#12725,#10059,#10060);
#8524=AXIS2_PLACEMENT_3D('',#12726,#10061,#10062);
#8525=AXIS2_PLACEMENT_3D('',#12727,#10063,#10064);
#8526=AXIS2_PLACEMENT_3D('',#12731,#10066,#10067);
#8527=AXIS2_PLACEMENT_3D('',#12732,#10068,#10069);
#8528=AXIS2_PLACEMENT_3D('',#12738,#10073,#10074);
#8529=AXIS2_PLACEMENT_3D('',#12739,#10075,#10076);
#8530=AXIS2_PLACEMENT_3D('',#12743,#10078,#10079);
#8531=AXIS2_PLACEMENT_3D('',#12744,#10080,#10081);
#8532=AXIS2_PLACEMENT_3D('',#12745,#10082,#10083);
#8533=AXIS2_PLACEMENT_3D('',#12749,#10085,#10086);
#8534=AXIS2_PLACEMENT_3D('',#12750,#10087,#10088);
#8535=AXIS2_PLACEMENT_3D('',#12751,#10089,#10090);
#8536=AXIS2_PLACEMENT_3D('',#12755,#10092,#10093);
#8537=AXIS2_PLACEMENT_3D('',#12756,#10094,#10095);
#8538=AXIS2_PLACEMENT_3D('',#12757,#10096,#10097);
#8539=AXIS2_PLACEMENT_3D('',#12761,#10099,#10100);
#8540=AXIS2_PLACEMENT_3D('',#12762,#10101,#10102);
#8541=AXIS2_PLACEMENT_3D('',#12763,#10103,#10104);
#8542=AXIS2_PLACEMENT_3D('',#12767,#10106,#10107);
#8543=AXIS2_PLACEMENT_3D('',#12768,#10108,#10109);
#8544=AXIS2_PLACEMENT_3D('',#12769,#10110,#10111);
#8545=AXIS2_PLACEMENT_3D('',#12773,#10113,#10114);
#8546=AXIS2_PLACEMENT_3D('',#12774,#10115,#10116);
#8547=AXIS2_PLACEMENT_3D('',#12780,#10120,#10121);
#8548=AXIS2_PLACEMENT_3D('',#12781,#10122,#10123);
#8549=AXIS2_PLACEMENT_3D('',#12785,#10125,#10126);
#8550=AXIS2_PLACEMENT_3D('',#12786,#10127,#10128);
#8551=AXIS2_PLACEMENT_3D('',#12789,#10130,#10131);
#8552=AXIS2_PLACEMENT_3D('',#12792,#10133,#10134);
#8553=AXIS2_PLACEMENT_3D('',#12795,#10136,#10137);
#8554=AXIS2_PLACEMENT_3D('',#12796,#10138,#10139);
#8555=AXIS2_PLACEMENT_3D('',#12799,#10141,#10142);
#8556=AXIS2_PLACEMENT_3D('',#12813,#10144,#10145);
#8557=AXIS2_PLACEMENT_3D('',#12830,#10149,#10150);
#8558=AXIS2_PLACEMENT_3D('',#12833,#10152,#10153);
#8559=AXIS2_PLACEMENT_3D('',#12834,#10154,#10155);
#8560=AXIS2_PLACEMENT_3D('',#12837,#10157,#10158);
#8561=AXIS2_PLACEMENT_3D('',#12838,#10159,#10160);
#8562=AXIS2_PLACEMENT_3D('',#12841,#10162,#10163);
#8563=AXIS2_PLACEMENT_3D('',#12842,#10164,#10165);
#8564=AXIS2_PLACEMENT_3D('',#12845,#10167,#10168);
#8565=AXIS2_PLACEMENT_3D('',#12859,#10170,#10171);
#8566=AXIS2_PLACEMENT_3D('',#12876,#10175,#10176);
#8567=AXIS2_PLACEMENT_3D('',#12877,#10177,#10178);
#8568=AXIS2_PLACEMENT_3D('',#12878,#10179,#10180);
#8569=AXIS2_PLACEMENT_3D('',#12879,#10181,#10182);
#8570=AXIS2_PLACEMENT_3D('',#12880,#10183,#10184);
#8571=AXIS2_PLACEMENT_3D('',#12881,#10185,#10186);
#8572=AXIS2_PLACEMENT_3D('',#12882,#10187,#10188);
#8573=AXIS2_PLACEMENT_3D('',#12883,#10189,#10190);
#8574=AXIS2_PLACEMENT_3D('',#12889,#10194,#10195);
#8575=AXIS2_PLACEMENT_3D('',#12893,#10198,#10199);
#8576=AXIS2_PLACEMENT_3D('',#12897,#10202,#10203);
#8577=AXIS2_PLACEMENT_3D('',#12900,#10205,#10206);
#8578=AXIS2_PLACEMENT_3D('',#12901,#10207,#10208);
#8579=AXIS2_PLACEMENT_3D('',#12904,#10210,#10211);
#8580=AXIS2_PLACEMENT_3D('',#12905,#10212,#10213);
#8581=AXIS2_PLACEMENT_3D('',#12908,#10215,#10216);
#8582=AXIS2_PLACEMENT_3D('',#12922,#10218,#10219);
#8583=AXIS2_PLACEMENT_3D('',#12926,#10222,#10223);
#8584=AXIS2_PLACEMENT_3D('',#12930,#10226,#10227);
#8585=AXIS2_PLACEMENT_3D('',#12934,#10230,#10231);
#8586=AXIS2_PLACEMENT_3D('',#12937,#10233,#10234);
#8587=AXIS2_PLACEMENT_3D('',#12938,#10235,#10236);
#8588=AXIS2_PLACEMENT_3D('',#12941,#10238,#10239);
#8589=AXIS2_PLACEMENT_3D('',#12942,#10240,#10241);
#8590=AXIS2_PLACEMENT_3D('',#12945,#10243,#10244);
#8591=AXIS2_PLACEMENT_3D('',#12959,#10246,#10247);
#8592=AXIS2_PLACEMENT_3D('',#12963,#10250,#10251);
#8593=AXIS2_PLACEMENT_3D('',#12967,#10254,#10255);
#8594=AXIS2_PLACEMENT_3D('',#12971,#10258,#10259);
#8595=AXIS2_PLACEMENT_3D('',#12974,#10261,#10262);
#8596=AXIS2_PLACEMENT_3D('',#12975,#10263,#10264);
#8597=AXIS2_PLACEMENT_3D('',#12978,#10266,#10267);
#8598=AXIS2_PLACEMENT_3D('',#12979,#10268,#10269);
#8599=AXIS2_PLACEMENT_3D('',#12982,#10271,#10272);
#8600=AXIS2_PLACEMENT_3D('',#12983,#10273,#10274);
#8601=AXIS2_PLACEMENT_3D('',#12986,#10276,#10277);
#8602=AXIS2_PLACEMENT_3D('',#12987,#10278,#10279);
#8603=AXIS2_PLACEMENT_3D('',#12990,#10281,#10282);
#8604=AXIS2_PLACEMENT_3D('',#12991,#10283,#10284);
#8605=AXIS2_PLACEMENT_3D('',#12994,#10286,#10287);
#8606=AXIS2_PLACEMENT_3D('',#12995,#10288,#10289);
#8607=AXIS2_PLACEMENT_3D('',#12998,#10291,#10292);
#8608=AXIS2_PLACEMENT_3D('',#12999,#10293,#10294);
#8609=AXIS2_PLACEMENT_3D('',#13002,#10296,#10297);
#8610=AXIS2_PLACEMENT_3D('',#13003,#10298,#10299);
#8611=AXIS2_PLACEMENT_3D('',#13006,#10301,#10302);
#8612=AXIS2_PLACEMENT_3D('',#13007,#10303,#10304);
#8613=AXIS2_PLACEMENT_3D('',#13011,#10307,#10308);
#8614=AXIS2_PLACEMENT_3D('',#13013,#10310,#10311);
#8615=AXIS2_PLACEMENT_3D('',#13029,#10314,#10315);
#8616=AXIS2_PLACEMENT_3D('',#13032,#10317,#10318);
#8617=AXIS2_PLACEMENT_3D('',#13033,#10319,#10320);
#8618=AXIS2_PLACEMENT_3D('',#13036,#10322,#10323);
#8619=AXIS2_PLACEMENT_3D('',#13037,#10324,#10325);
#8620=AXIS2_PLACEMENT_3D('',#13040,#10327,#10328);
#8621=AXIS2_PLACEMENT_3D('',#13054,#10330,#10331);
#8622=AXIS2_PLACEMENT_3D('',#13057,#10333,#10334);
#8623=AXIS2_PLACEMENT_3D('',#13058,#10335,#10336);
#8624=AXIS2_PLACEMENT_3D('',#13062,#10339,#10340);
#8625=AXIS2_PLACEMENT_3D('',#13065,#10342,#10343);
#8626=AXIS2_PLACEMENT_3D('',#13066,#10344,#10345);
#8627=AXIS2_PLACEMENT_3D('',#13069,#10347,#10348);
#8628=AXIS2_PLACEMENT_3D('',#13070,#10349,#10350);
#8629=AXIS2_PLACEMENT_3D('',#13073,#10352,#10353);
#8630=AXIS2_PLACEMENT_3D('',#13074,#10354,#10355);
#8631=AXIS2_PLACEMENT_3D('',#13077,#10357,#10358);
#8632=AXIS2_PLACEMENT_3D('',#13078,#10359,#10360);
#8633=AXIS2_PLACEMENT_3D('',#13081,#10362,#10363);
#8634=AXIS2_PLACEMENT_3D('',#13082,#10364,#10365);
#8635=AXIS2_PLACEMENT_3D('',#13085,#10367,#10368);
#8636=AXIS2_PLACEMENT_3D('',#13086,#10369,#10370);
#8637=AXIS2_PLACEMENT_3D('',#13089,#10372,#10373);
#8638=AXIS2_PLACEMENT_3D('',#13090,#10374,#10375);
#8639=AXIS2_PLACEMENT_3D('',#13094,#10378,#10379);
#8640=AXIS2_PLACEMENT_3D('',#13097,#10381,#10382);
#8641=AXIS2_PLACEMENT_3D('',#13098,#10383,#10384);
#8642=AXIS2_PLACEMENT_3D('',#13101,#10386,#10387);
#8643=AXIS2_PLACEMENT_3D('',#13102,#10388,#10389);
#8644=AXIS2_PLACEMENT_3D('',#13105,#10391,#10392);
#8645=AXIS2_PLACEMENT_3D('',#13158,#10397,#10398);
#8646=AXIS2_PLACEMENT_3D('',#13161,#10400,#10401);
#8647=AXIS2_PLACEMENT_3D('',#13162,#10402,#10403);
#8648=AXIS2_PLACEMENT_3D('',#13166,#10406,#10407);
#8649=AXIS2_PLACEMENT_3D('',#13169,#10409,#10410);
#8650=AXIS2_PLACEMENT_3D('',#13170,#10411,#10412);
#8651=AXIS2_PLACEMENT_3D('',#13173,#10414,#10415);
#8652=AXIS2_PLACEMENT_3D('',#13174,#10416,#10417);
#8653=AXIS2_PLACEMENT_3D('',#13177,#10419,#10420);
#8654=AXIS2_PLACEMENT_3D('',#13191,#10422,#10423);
#8655=AXIS2_PLACEMENT_3D('',#13194,#10425,#10426);
#8656=AXIS2_PLACEMENT_3D('',#13208,#10428,#10429);
#8657=AXIS2_PLACEMENT_3D('',#13211,#10431,#10432);
#8658=AXIS2_PLACEMENT_3D('',#13212,#10433,#10434);
#8659=AXIS2_PLACEMENT_3D('',#13229,#10438,#10439);
#8660=AXIS2_PLACEMENT_3D('',#13230,#10440,#10441);
#8661=AXIS2_PLACEMENT_3D('',#13231,#10442,#10443);
#8662=AXIS2_PLACEMENT_3D('',#13232,#10444,#10445);
#8663=AXIS2_PLACEMENT_3D('',#13238,#10449,#10450);
#8664=AXIS2_PLACEMENT_3D('',#13242,#10453,#10454);
#8665=AXIS2_PLACEMENT_3D('',#13246,#10457,#10458);
#8666=AXIS2_PLACEMENT_3D('',#13248,#10460,#10461);
#8667=AXIS2_PLACEMENT_3D('',#13249,#10462,#10463);
#8668=AXIS2_PLACEMENT_3D('',#13250,#10464,#10465);
#8669=AXIS2_PLACEMENT_3D('',#13252,#10467,#10468);
#8670=AXIS2_PLACEMENT_3D('',#13254,#10470,#10471);
#8671=AXIS2_PLACEMENT_3D('',#13255,#10472,#10473);
#8672=AXIS2_PLACEMENT_3D('',#13256,#10474,#10475);
#8673=AXIS2_PLACEMENT_3D('',#13257,#10476,#10477);
#8674=AXIS2_PLACEMENT_3D('',#13258,#10478,#10479);
#8675=AXIS2_PLACEMENT_3D('',#13259,#10480,#10481);
#8676=AXIS2_PLACEMENT_3D('',#13260,#10482,#10483);
#8677=AXIS2_PLACEMENT_3D('',#13261,#10484,#10485);
#8678=AXIS2_PLACEMENT_3D('',#13262,#10486,#10487);
#8679=AXIS2_PLACEMENT_3D('',#13263,#10488,#10489);
#8680=AXIS2_PLACEMENT_3D('',#13264,#10490,#10491);
#8681=AXIS2_PLACEMENT_3D('',#13265,#10492,#10493);
#8682=AXIS2_PLACEMENT_3D('',#13274,#10498,#10499);
#8683=AXIS2_PLACEMENT_3D('',#13275,#10500,#10501);
#8684=AXIS2_PLACEMENT_3D('',#13279,#10503,#10504);
#8685=AXIS2_PLACEMENT_3D('',#13280,#10505,#10506);
#8686=AXIS2_PLACEMENT_3D('',#13281,#10507,#10508);
#8687=AXIS2_PLACEMENT_3D('',#13285,#10510,#10511);
#8688=AXIS2_PLACEMENT_3D('',#13286,#10512,#10513);
#8689=AXIS2_PLACEMENT_3D('',#13292,#10517,#10518);
#8690=AXIS2_PLACEMENT_3D('',#13293,#10519,#10520);
#8691=AXIS2_PLACEMENT_3D('',#13297,#10522,#10523);
#8692=AXIS2_PLACEMENT_3D('',#13298,#10524,#10525);
#8693=AXIS2_PLACEMENT_3D('',#13299,#10526,#10527);
#8694=AXIS2_PLACEMENT_3D('',#13303,#10529,#10530);
#8695=AXIS2_PLACEMENT_3D('',#13304,#10531,#10532);
#8696=AXIS2_PLACEMENT_3D('',#13310,#10536,#10537);
#8697=AXIS2_PLACEMENT_3D('',#13311,#10538,#10539);
#8698=AXIS2_PLACEMENT_3D('',#13315,#10541,#10542);
#8699=AXIS2_PLACEMENT_3D('',#13316,#10543,#10544);
#8700=AXIS2_PLACEMENT_3D('',#13317,#10545,#10546);
#8701=AXIS2_PLACEMENT_3D('',#13321,#10548,#10549);
#8702=AXIS2_PLACEMENT_3D('',#13322,#10550,#10551);
#8703=AXIS2_PLACEMENT_3D('',#13328,#10555,#10556);
#8704=AXIS2_PLACEMENT_3D('',#13329,#10557,#10558);
#8705=AXIS2_PLACEMENT_3D('',#13333,#10560,#10561);
#8706=AXIS2_PLACEMENT_3D('',#13334,#10562,#10563);
#8707=AXIS2_PLACEMENT_3D('',#13343,#10568,#10569);
#8708=AXIS2_PLACEMENT_3D('',#13344,#10570,#10571);
#8709=AXIS2_PLACEMENT_3D('',#13348,#10573,#10574);
#8710=AXIS2_PLACEMENT_3D('',#13349,#10575,#10576);
#8711=AXIS2_PLACEMENT_3D('',#13350,#10577,#10578);
#8712=AXIS2_PLACEMENT_3D('',#13354,#10580,#10581);
#8713=AXIS2_PLACEMENT_3D('',#13355,#10582,#10583);
#8714=AXIS2_PLACEMENT_3D('',#13361,#10587,#10588);
#8715=AXIS2_PLACEMENT_3D('',#13362,#10589,#10590);
#8716=AXIS2_PLACEMENT_3D('',#13366,#10592,#10593);
#8717=AXIS2_PLACEMENT_3D('',#13367,#10594,#10595);
#8718=AXIS2_PLACEMENT_3D('',#13368,#10596,#10597);
#8719=AXIS2_PLACEMENT_3D('',#13372,#10599,#10600);
#8720=AXIS2_PLACEMENT_3D('',#13373,#10601,#10602);
#8721=AXIS2_PLACEMENT_3D('',#13379,#10606,#10607);
#8722=AXIS2_PLACEMENT_3D('',#13380,#10608,#10609);
#8723=AXIS2_PLACEMENT_3D('',#13384,#10611,#10612);
#8724=AXIS2_PLACEMENT_3D('',#13385,#10613,#10614);
#8725=AXIS2_PLACEMENT_3D('',#13386,#10615,#10616);
#8726=AXIS2_PLACEMENT_3D('',#13390,#10618,#10619);
#8727=AXIS2_PLACEMENT_3D('',#13391,#10620,#10621);
#8728=AXIS2_PLACEMENT_3D('',#13397,#10625,#10626);
#8729=AXIS2_PLACEMENT_3D('',#13398,#10627,#10628);
#8730=AXIS2_PLACEMENT_3D('',#13402,#10630,#10631);
#8731=AXIS2_PLACEMENT_3D('',#13403,#10632,#10633);
#8732=AXIS2_PLACEMENT_3D('',#13409,#10637,#10638);
#8733=AXIS2_PLACEMENT_3D('',#13413,#10641,#10642);
#8734=AXIS2_PLACEMENT_3D('',#13416,#10644,#10645);
#8735=AXIS2_PLACEMENT_3D('',#13417,#10646,#10647);
#8736=AXIS2_PLACEMENT_3D('',#13420,#10649,#10650);
#8737=AXIS2_PLACEMENT_3D('',#13421,#10651,#10652);
#8738=AXIS2_PLACEMENT_3D('',#13424,#10654,#10655);
#8739=AXIS2_PLACEMENT_3D('',#13425,#10656,#10657);
#8740=AXIS2_PLACEMENT_3D('',#13429,#10660,#10661);
#8741=AXIS2_PLACEMENT_3D('',#13432,#10663,#10664);
#8742=AXIS2_PLACEMENT_3D('',#13433,#10665,#10666);
#8743=AXIS2_PLACEMENT_3D('',#13436,#10668,#10669);
#8744=AXIS2_PLACEMENT_3D('',#13437,#10670,#10671);
#8745=AXIS2_PLACEMENT_3D('',#13440,#10673,#10674);
#8746=AXIS2_PLACEMENT_3D('',#13441,#10675,#10676);
#8747=AXIS2_PLACEMENT_3D('',#13444,#10678,#10679);
#8748=AXIS2_PLACEMENT_3D('',#13445,#10680,#10681);
#8749=AXIS2_PLACEMENT_3D('',#13449,#10684,#10685);
#8750=AXIS2_PLACEMENT_3D('',#13452,#10687,#10688);
#8751=AXIS2_PLACEMENT_3D('',#13453,#10689,#10690);
#8752=AXIS2_PLACEMENT_3D('',#13456,#10692,#10693);
#8753=AXIS2_PLACEMENT_3D('',#13457,#10694,#10695);
#8754=AXIS2_PLACEMENT_3D('',#13460,#10697,#10698);
#8755=AXIS2_PLACEMENT_3D('',#13461,#10699,#10700);
#8756=AXIS2_PLACEMENT_3D('',#13462,#10701,#10702);
#8757=AXIS2_PLACEMENT_3D('',#13463,#10703,#10704);
#8758=AXIS2_PLACEMENT_3D('',#13464,#10705,#10706);
#8759=AXIS2_PLACEMENT_3D('',#13466,#10708,#10709);
#8760=AXIS2_PLACEMENT_3D('',#13467,#10710,#10711);
#8761=AXIS2_PLACEMENT_3D('',#13468,#10712,#10713);
#8762=AXIS2_PLACEMENT_3D('',#13469,#10714,#10715);
#8763=AXIS2_PLACEMENT_3D('',#13470,#10716,#10717);
#8764=AXIS2_PLACEMENT_3D('',#13471,#10718,#10719);
#8765=AXIS2_PLACEMENT_3D('',#13472,#10720,#10721);
#8766=AXIS2_PLACEMENT_3D('',#13475,#10723,#10724);
#8767=AXIS2_PLACEMENT_3D('',#13478,#10726,#10727);
#8768=AXIS2_PLACEMENT_3D('',#13482,#10730,#10731);
#8769=AXIS2_PLACEMENT_3D('',#13485,#10733,#10734);
#8770=AXIS2_PLACEMENT_3D('',#13486,#10735,#10736);
#8771=AXIS2_PLACEMENT_3D('',#13489,#10738,#10739);
#8772=AXIS2_PLACEMENT_3D('',#13490,#10740,#10741);
#8773=AXIS2_PLACEMENT_3D('',#13493,#10743,#10744);
#8774=AXIS2_PLACEMENT_3D('',#13494,#10745,#10746);
#8775=AXIS2_PLACEMENT_3D('',#13498,#10749,#10750);
#8776=AXIS2_PLACEMENT_3D('',#13502,#10753,#10754);
#8777=AXIS2_PLACEMENT_3D('',#13506,#10757,#10758);
#8778=AXIS2_PLACEMENT_3D('',#13509,#10760,#10761);
#8779=AXIS2_PLACEMENT_3D('',#13510,#10762,#10763);
#8780=AXIS2_PLACEMENT_3D('',#13513,#10765,#10766);
#8781=AXIS2_PLACEMENT_3D('',#13514,#10767,#10768);
#8782=AXIS2_PLACEMENT_3D('',#13518,#10771,#10772);
#8783=AXIS2_PLACEMENT_3D('',#13521,#10774,#10775);
#8784=AXIS2_PLACEMENT_3D('',#13522,#10776,#10777);
#8785=AXIS2_PLACEMENT_3D('',#13525,#10779,#10780);
#8786=AXIS2_PLACEMENT_3D('',#13526,#10781,#10782);
#8787=AXIS2_PLACEMENT_3D('',#13530,#10785,#10786);
#8788=AXIS2_PLACEMENT_3D('',#13534,#10789,#10790);
#8789=AXIS2_PLACEMENT_3D('',#13538,#10793,#10794);
#8790=AXIS2_PLACEMENT_3D('',#13541,#10796,#10797);
#8791=AXIS2_PLACEMENT_3D('',#13542,#10798,#10799);
#8792=AXIS2_PLACEMENT_3D('',#13543,#10800,#10801);
#8793=AXIS2_PLACEMENT_3D('',#13544,#10802,#10803);
#8794=AXIS2_PLACEMENT_3D('',#13545,#10804,#10805);
#8795=AXIS2_PLACEMENT_3D('',#13551,#10809,#10810);
#8796=AXIS2_PLACEMENT_3D('',#13555,#10813,#10814);
#8797=AXIS2_PLACEMENT_3D('',#13559,#10817,#10818);
#8798=AXIS2_PLACEMENT_3D('',#13563,#10821,#10822);
#8799=AXIS2_PLACEMENT_3D('',#13567,#10825,#10826);
#8800=AXIS2_PLACEMENT_3D('',#13569,#10828,#10829);
#8801=AXIS2_PLACEMENT_3D('',#13570,#10830,#10831);
#8802=AXIS2_PLACEMENT_3D('',#13573,#10833,#10834);
#8803=AXIS2_PLACEMENT_3D('',#13576,#10836,#10837);
#8804=AXIS2_PLACEMENT_3D('',#13580,#10840,#10841);
#8805=AXIS2_PLACEMENT_3D('',#13584,#10844,#10845);
#8806=AXIS2_PLACEMENT_3D('',#13588,#10848,#10849);
#8807=AXIS2_PLACEMENT_3D('',#13591,#10851,#10852);
#8808=AXIS2_PLACEMENT_3D('',#13592,#10853,#10854);
#8809=AXIS2_PLACEMENT_3D('',#13595,#10856,#10857);
#8810=AXIS2_PLACEMENT_3D('',#13596,#10858,#10859);
#8811=AXIS2_PLACEMENT_3D('',#13600,#10862,#10863);
#8812=AXIS2_PLACEMENT_3D('',#13603,#10865,#10866);
#8813=AXIS2_PLACEMENT_3D('',#13604,#10867,#10868);
#8814=AXIS2_PLACEMENT_3D('',#13607,#10870,#10871);
#8815=AXIS2_PLACEMENT_3D('',#13608,#10872,#10873);
#8816=AXIS2_PLACEMENT_3D('',#13612,#10876,#10877);
#8817=AXIS2_PLACEMENT_3D('',#13616,#10880,#10881);
#8818=AXIS2_PLACEMENT_3D('',#13620,#10884,#10885);
#8819=AXIS2_PLACEMENT_3D('',#13623,#10887,#10888);
#8820=AXIS2_PLACEMENT_3D('',#13624,#10889,#10890);
#8821=AXIS2_PLACEMENT_3D('',#13627,#10892,#10893);
#8822=AXIS2_PLACEMENT_3D('',#13628,#10894,#10895);
#8823=AXIS2_PLACEMENT_3D('',#13631,#10897,#10898);
#8824=AXIS2_PLACEMENT_3D('',#13632,#10899,#10900);
#8825=AXIS2_PLACEMENT_3D('',#13636,#10903,#10904);
#8826=AXIS2_PLACEMENT_3D('',#13639,#10906,#10907);
#8827=AXIS2_PLACEMENT_3D('',#13640,#10908,#10909);
#8828=AXIS2_PLACEMENT_3D('',#13641,#10910,#10911);
#8829=AXIS2_PLACEMENT_3D('',#13642,#10912,#10913);
#8830=AXIS2_PLACEMENT_3D('',#13643,#10914,#10915);
#8831=AXIS2_PLACEMENT_3D('',#13649,#10919,#10920);
#8832=AXIS2_PLACEMENT_3D('',#13653,#10923,#10924);
#8833=AXIS2_PLACEMENT_3D('',#13657,#10927,#10928);
#8834=AXIS2_PLACEMENT_3D('',#13661,#10931,#10932);
#8835=AXIS2_PLACEMENT_3D('',#13665,#10935,#10936);
#8836=AXIS2_PLACEMENT_3D('',#13669,#10939,#10940);
#8837=AXIS2_PLACEMENT_3D('',#13673,#10943,#10944);
#8838=AXIS2_PLACEMENT_3D('',#13677,#10947,#10948);
#8839=AXIS2_PLACEMENT_3D('',#13681,#10951,#10952);
#8840=AXIS2_PLACEMENT_3D('',#13685,#10955,#10956);
#8841=AXIS2_PLACEMENT_3D('',#13689,#10959,#10960);
#8842=AXIS2_PLACEMENT_3D('',#13693,#10963,#10964);
#8843=AXIS2_PLACEMENT_3D('',#13697,#10967,#10968);
#8844=AXIS2_PLACEMENT_3D('',#13701,#10971,#10972);
#8845=AXIS2_PLACEMENT_3D('',#13703,#10974,#10975);
#8846=AXIS2_PLACEMENT_3D('',#13704,#10976,#10977);
#8847=AXIS2_PLACEMENT_3D('',#13707,#10979,#10980);
#8848=AXIS2_PLACEMENT_3D('',#13710,#10982,#10983);
#8849=AXIS2_PLACEMENT_3D('',#13714,#10986,#10987);
#8850=AXIS2_PLACEMENT_3D('',#13718,#10990,#10991);
#8851=AXIS2_PLACEMENT_3D('',#13722,#10994,#10995);
#8852=AXIS2_PLACEMENT_3D('',#13725,#10997,#10998);
#8853=AXIS2_PLACEMENT_3D('',#13726,#10999,#11000);
#8854=AXIS2_PLACEMENT_3D('',#13729,#11002,#11003);
#8855=AXIS2_PLACEMENT_3D('',#13730,#11004,#11005);
#8856=AXIS2_PLACEMENT_3D('',#13734,#11008,#11009);
#8857=AXIS2_PLACEMENT_3D('',#13737,#11011,#11012);
#8858=AXIS2_PLACEMENT_3D('',#13738,#11013,#11014);
#8859=AXIS2_PLACEMENT_3D('',#13741,#11016,#11017);
#8860=AXIS2_PLACEMENT_3D('',#13742,#11018,#11019);
#8861=AXIS2_PLACEMENT_3D('',#13746,#11022,#11023);
#8862=AXIS2_PLACEMENT_3D('',#13750,#11026,#11027);
#8863=AXIS2_PLACEMENT_3D('',#13754,#11030,#11031);
#8864=AXIS2_PLACEMENT_3D('',#13757,#11033,#11034);
#8865=AXIS2_PLACEMENT_3D('',#13758,#11035,#11036);
#8866=AXIS2_PLACEMENT_3D('',#13761,#11038,#11039);
#8867=AXIS2_PLACEMENT_3D('',#13762,#11040,#11041);
#8868=AXIS2_PLACEMENT_3D('',#13765,#11043,#11044);
#8869=AXIS2_PLACEMENT_3D('',#13766,#11045,#11046);
#8870=AXIS2_PLACEMENT_3D('',#13770,#11049,#11050);
#8871=AXIS2_PLACEMENT_3D('',#13773,#11052,#11053);
#8872=AXIS2_PLACEMENT_3D('',#13774,#11054,#11055);
#8873=AXIS2_PLACEMENT_3D('',#13775,#11056,#11057);
#8874=AXIS2_PLACEMENT_3D('',#13776,#11058,#11059);
#8875=AXIS2_PLACEMENT_3D('',#13777,#11060,#11061);
#8876=AXIS2_PLACEMENT_3D('',#13786,#11066,#11067);
#8877=AXIS2_PLACEMENT_3D('',#13792,#11071,#11072);
#8878=AXIS2_PLACEMENT_3D('',#13793,#11073,#11074);
#8879=AXIS2_PLACEMENT_3D('',#13797,#11076,#11077);
#8880=AXIS2_PLACEMENT_3D('',#13798,#11078,#11079);
#8881=AXIS2_PLACEMENT_3D('',#13799,#11080,#11081);
#8882=AXIS2_PLACEMENT_3D('',#13803,#11083,#11084);
#8883=AXIS2_PLACEMENT_3D('',#13804,#11085,#11086);
#8884=AXIS2_PLACEMENT_3D('',#13810,#11090,#11091);
#8885=AXIS2_PLACEMENT_3D('',#13811,#11092,#11093);
#8886=AXIS2_PLACEMENT_3D('',#13815,#11095,#11096);
#8887=AXIS2_PLACEMENT_3D('',#13816,#11097,#11098);
#8888=AXIS2_PLACEMENT_3D('',#13817,#11099,#11100);
#8889=AXIS2_PLACEMENT_3D('',#13821,#11102,#11103);
#8890=AXIS2_PLACEMENT_3D('',#13822,#11104,#11105);
#8891=AXIS2_PLACEMENT_3D('',#13828,#11109,#11110);
#8892=AXIS2_PLACEMENT_3D('',#13832,#11113,#11114);
#8893=AXIS2_PLACEMENT_3D('',#13836,#11117,#11118);
#8894=AXIS2_PLACEMENT_3D('',#13840,#11121,#11122);
#8895=AXIS2_PLACEMENT_3D('',#13844,#11125,#11126);
#8896=AXIS2_PLACEMENT_3D('',#13848,#11129,#11130);
#8897=AXIS2_PLACEMENT_3D('',#13852,#11133,#11134);
#8898=AXIS2_PLACEMENT_3D('',#13855,#11136,#11137);
#8899=AXIS2_PLACEMENT_3D('',#13856,#11138,#11139);
#8900=AXIS2_PLACEMENT_3D('',#13859,#11141,#11142);
#8901=AXIS2_PLACEMENT_3D('',#13860,#11143,#11144);
#8902=AXIS2_PLACEMENT_3D('',#13863,#11146,#11147);
#8903=AXIS2_PLACEMENT_3D('',#13864,#11148,#11149);
#8904=AXIS2_PLACEMENT_3D('',#13868,#11152,#11153);
#8905=AXIS2_PLACEMENT_3D('',#13871,#11155,#11156);
#8906=AXIS2_PLACEMENT_3D('',#13872,#11157,#11158);
#8907=AXIS2_PLACEMENT_3D('',#13875,#11160,#11161);
#8908=AXIS2_PLACEMENT_3D('',#13876,#11162,#11163);
#8909=AXIS2_PLACEMENT_3D('',#13877,#11164,#11165);
#8910=AXIS2_PLACEMENT_3D('',#13878,#11166,#11167);
#8911=AXIS2_PLACEMENT_3D('',#13881,#11170,#11171);
#8912=AXIS2_PLACEMENT_3D('',#13882,#11172,#11173);
#8913=AXIS2_PLACEMENT_3D('',#13883,#11174,#11175);
#8914=AXIS2_PLACEMENT_3D('',#13889,#11179,#11180);
#8915=AXIS2_PLACEMENT_3D('',#13893,#11183,#11184);
#8916=AXIS2_PLACEMENT_3D('',#13897,#11187,#11188);
#8917=AXIS2_PLACEMENT_3D('',#13901,#11191,#11192);
#8918=AXIS2_PLACEMENT_3D('',#13905,#11195,#11196);
#8919=AXIS2_PLACEMENT_3D('',#13909,#11199,#11200);
#8920=AXIS2_PLACEMENT_3D('',#13913,#11203,#11204);
#8921=AXIS2_PLACEMENT_3D('',#13917,#11207,#11208);
#8922=AXIS2_PLACEMENT_3D('',#13921,#11211,#11212);
#8923=AXIS2_PLACEMENT_3D('',#13925,#11215,#11216);
#8924=AXIS2_PLACEMENT_3D('',#13929,#11219,#11220);
#8925=AXIS2_PLACEMENT_3D('',#13931,#11222,#11223);
#8926=AXIS2_PLACEMENT_3D('',#13932,#11224,#11225);
#8927=AXIS2_PLACEMENT_3D('',#13933,#11226,#11227);
#8928=AXIS2_PLACEMENT_3D('',#13934,#11228,#11229);
#8929=AXIS2_PLACEMENT_3D('',#13935,#11230,#11231);
#8930=DIRECTION('',(0.,0.,1.));
#8931=DIRECTION('',(1.,0.,0.));
#8932=DIRECTION('',(0.,0.,1.));
#8933=DIRECTION('',(1.,0.,0.));
#8934=DIRECTION('',(0.,0.,1.));
#8935=DIRECTION('',(1.,0.,0.));
#8936=DIRECTION('',(0.,0.,1.));
#8937=DIRECTION('',(1.,0.,0.));
#8938=DIRECTION('',(0.,0.,1.));
#8939=DIRECTION('',(1.,0.,0.));
#8940=DIRECTION('',(0.,0.,1.));
#8941=DIRECTION('',(1.,0.,0.));
#8942=DIRECTION('',(0.,1.,0.));
#8943=DIRECTION('',(1.,0.,0.));
#8944=DIRECTION('',(0.,-1.,0.));
#8945=DIRECTION('',(1.,0.,0.));
#8946=DIRECTION('',(0.,1.,0.));
#8947=DIRECTION('',(1.,0.,0.));
#8948=DIRECTION('',(0.,-1.,0.));
#8949=DIRECTION('',(-1.,0.,0.));
#8950=DIRECTION('',(0.,1.,0.));
#8951=DIRECTION('',(-1.,0.,0.));
#8952=DIRECTION('',(0.,-1.,0.));
#8953=DIRECTION('',(-1.,0.,0.));
#8954=DIRECTION('',(0.,1.,0.));
#8955=DIRECTION('',(0.,0.,-1.));
#8956=DIRECTION('',(-1.,0.,0.));
#8957=DIRECTION('',(0.,0.,-1.));
#8958=DIRECTION('',(-1.,0.,0.));
#8959=DIRECTION('',(0.,0.,-1.));
#8960=DIRECTION('',(-1.,0.,0.));
#8961=DIRECTION('',(1.,0.,0.));
#8962=DIRECTION('',(0.,0.,-1.));
#8963=DIRECTION('',(-1.,0.,0.));
#8964=DIRECTION('',(0.,0.,-1.));
#8965=DIRECTION('',(-1.,0.,0.));
#8966=DIRECTION('',(0.,0.,-1.));
#8967=DIRECTION('',(-1.,0.,0.));
#8968=DIRECTION('',(0.,-1.,0.));
#8969=DIRECTION('',(-1.,0.,0.));
#8970=DIRECTION('',(0.,1.,0.));
#8971=DIRECTION('',(-1.,0.,0.));
#8972=DIRECTION('',(0.,-1.,0.));
#8973=DIRECTION('',(-1.,0.,0.));
#8974=DIRECTION('',(0.,0.,-1.));
#8975=DIRECTION('',(-1.,0.,0.));
#8976=DIRECTION('',(0.,0.,-1.));
#8977=DIRECTION('',(-1.,0.,0.));
#8978=DIRECTION('',(0.,0.,-1.));
#8979=DIRECTION('',(-1.,0.,0.));
#8980=DIRECTION('',(0.,1.,0.));
#8981=DIRECTION('',(0.,0.,-1.));
#8982=DIRECTION('',(-1.,0.,0.));
#8983=DIRECTION('',(0.,0.,-1.));
#8984=DIRECTION('',(-1.,0.,0.));
#8985=DIRECTION('',(0.,0.,-1.));
#8986=DIRECTION('',(-1.,0.,0.));
#8987=DIRECTION('',(1.,0.,0.));
#8988=DIRECTION('',(0.,-1.,0.));
#8989=DIRECTION('',(-1.,0.,0.));
#8990=DIRECTION('',(0.,0.,-1.));
#8991=DIRECTION('',(-1.,0.,0.));
#8992=DIRECTION('',(0.,0.,-1.));
#8993=DIRECTION('',(-1.,0.,0.));
#8994=DIRECTION('',(0.,-1.,0.));
#8995=DIRECTION('',(0.,0.,-1.));
#8996=DIRECTION('',(-1.,0.,0.));
#8997=DIRECTION('',(0.,0.,-1.));
#8998=DIRECTION('',(-1.,0.,0.));
#8999=DIRECTION('',(1.,0.,0.));
#9000=DIRECTION('',(0.,-1.,0.));
#9001=DIRECTION('',(-1.,0.,0.));
#9002=DIRECTION('',(0.,1.,0.));
#9003=DIRECTION('',(1.,0.,0.));
#9004=DIRECTION('',(0.,-1.,0.));
#9005=DIRECTION('',(1.,0.,0.));
#9006=DIRECTION('',(0.642952559650964,0.765906003396157,0.));
#9007=DIRECTION('',(1.,0.,0.));
#9008=DIRECTION('',(0.,-1.,0.));
#9009=DIRECTION('',(-0.642485515689047,-0.76629782860829,0.));
#9010=DIRECTION('',(0.643792686933504,-0.765199958344837,0.));
#9011=DIRECTION('',(0.,-1.,0.));
#9012=DIRECTION('',(-1.,0.,0.));
#9013=DIRECTION('',(-0.642952559650964,0.765906003396157,0.));
#9014=DIRECTION('',(-1.,0.,0.));
#9015=DIRECTION('',(0.,-1.,0.));
#9016=DIRECTION('',(-1.,0.,0.));
#9017=DIRECTION('',(0.,0.,-1.));
#9018=DIRECTION('',(-1.,0.,0.));
#9019=DIRECTION('',(0.,0.,-1.));
#9020=DIRECTION('',(-1.,0.,0.));
#9021=DIRECTION('',(0.,0.,-1.));
#9022=DIRECTION('',(-1.,0.,0.));
#9023=DIRECTION('',(0.,1.,0.));
#9024=DIRECTION('',(0.,0.,-1.));
#9025=DIRECTION('',(-1.,0.,0.));
#9026=DIRECTION('',(0.,0.,-1.));
#9027=DIRECTION('',(-1.,0.,0.));
#9028=DIRECTION('',(0.,0.,-1.));
#9029=DIRECTION('',(-1.,0.,0.));
#9030=DIRECTION('',(1.,0.,0.));
#9031=DIRECTION('',(0.,-1.,0.));
#9032=DIRECTION('',(-1.,0.,0.));
#9033=DIRECTION('',(0.,0.,-1.));
#9034=DIRECTION('',(-1.,0.,0.));
#9035=DIRECTION('',(0.,0.,-1.));
#9036=DIRECTION('',(-1.,0.,0.));
#9037=DIRECTION('',(0.,-1.,0.));
#9038=DIRECTION('',(0.,0.,-1.));
#9039=DIRECTION('',(-1.,0.,0.));
#9040=DIRECTION('',(0.,0.,-1.));
#9041=DIRECTION('',(-1.,0.,0.));
#9042=DIRECTION('',(1.,0.,0.));
#9043=DIRECTION('',(0.,-1.,0.));
#9044=DIRECTION('',(-1.,0.,0.));
#9045=DIRECTION('',(0.,1.,0.));
#9046=DIRECTION('',(1.,0.,0.));
#9047=DIRECTION('',(0.,-1.,0.));
#9048=DIRECTION('',(1.,0.,0.));
#9049=DIRECTION('',(0.,-1.,0.));
#9050=DIRECTION('',(-1.,0.,0.));
#9051=DIRECTION('',(0.,0.,-1.));
#9052=DIRECTION('',(-1.,0.,0.));
#9053=DIRECTION('',(0.,0.,-1.));
#9054=DIRECTION('',(-1.,0.,0.));
#9055=DIRECTION('',(0.,0.,-1.));
#9056=DIRECTION('',(-1.,0.,0.));
#9057=DIRECTION('',(0.,1.,0.));
#9058=DIRECTION('',(1.,0.,0.));
#9059=DIRECTION('',(0.,-1.,0.));
#9060=DIRECTION('',(0.,0.,-1.));
#9061=DIRECTION('',(-1.,0.,0.));
#9062=DIRECTION('',(0.,0.,-1.));
#9063=DIRECTION('',(-1.,0.,0.));
#9064=DIRECTION('',(1.,0.,0.));
#9065=DIRECTION('',(0.,0.,-1.));
#9066=DIRECTION('',(-1.,0.,0.));
#9067=DIRECTION('',(0.,0.,-1.));
#9068=DIRECTION('',(-1.,0.,0.));
#9069=DIRECTION('',(0.,1.,0.));
#9070=DIRECTION('',(1.,0.,0.));
#9071=DIRECTION('',(0.,-1.,0.));
#9072=DIRECTION('',(0.,0.,-1.));
#9073=DIRECTION('',(-1.,0.,0.));
#9074=DIRECTION('',(0.,0.,-1.));
#9075=DIRECTION('',(-1.,0.,0.));
#9076=DIRECTION('',(0.,0.,-1.));
#9077=DIRECTION('',(-1.,0.,0.));
#9078=DIRECTION('',(-1.,0.,0.));
#9079=DIRECTION('',(0.,1.,0.));
#9080=DIRECTION('',(1.,0.,0.));
#9081=DIRECTION('',(0.,0.,-1.));
#9082=DIRECTION('',(-1.,0.,0.));
#9083=DIRECTION('',(0.,0.,-1.));
#9084=DIRECTION('',(-1.,0.,0.));
#9085=DIRECTION('',(0.,0.,-1.));
#9086=DIRECTION('',(-1.,0.,0.));
#9087=DIRECTION('',(0.,-1.,0.));
#9088=DIRECTION('',(0.,0.,-1.));
#9089=DIRECTION('',(-1.,0.,0.));
#9090=DIRECTION('',(0.,0.,-1.));
#9091=DIRECTION('',(-1.,0.,0.));
#9092=DIRECTION('',(0.,0.,-1.));
#9093=DIRECTION('',(-1.,0.,0.));
#9094=DIRECTION('',(0.,0.,-1.));
#9095=DIRECTION('',(-1.,0.,0.));
#9096=DIRECTION('',(0.,-1.,0.));
#9097=DIRECTION('',(0.,0.,-1.));
#9098=DIRECTION('',(-1.,0.,0.));
#9099=DIRECTION('',(0.,0.,-1.));
#9100=DIRECTION('',(-1.,0.,0.));
#9101=DIRECTION('',(0.,0.,-1.));
#9102=DIRECTION('',(-1.,0.,0.));
#9103=DIRECTION('',(-1.,0.,0.));
#9104=DIRECTION('',(0.,1.,0.));
#9105=DIRECTION('',(-1.,0.,0.));
#9106=DIRECTION('',(0.,1.,0.));
#9107=DIRECTION('',(-1.,0.,0.));
#9108=DIRECTION('',(0.,0.,1.));
#9109=DIRECTION('',(0.,-1.,0.));
#9110=DIRECTION('',(-1.,0.,0.));
#9111=DIRECTION('',(0.,0.,1.));
#9112=DIRECTION('',(0.,1.,0.));
#9113=DIRECTION('',(1.,0.,0.));
#9114=DIRECTION('',(0.,0.,1.));
#9115=DIRECTION('',(0.,1.,0.));
#9116=DIRECTION('',(1.,0.,0.));
#9117=DIRECTION('',(0.,0.,1.));
#9118=DIRECTION('',(0.,-1.,0.));
#9119=DIRECTION('',(-1.,0.,0.));
#9120=DIRECTION('',(-1.,0.,0.));
#9121=DIRECTION('',(0.,-1.,0.));
#9122=DIRECTION('',(-1.,0.,0.));
#9123=DIRECTION('',(0.,-1.,0.));
#9124=DIRECTION('',(0.,1.,0.));
#9125=DIRECTION('',(-1.,0.,0.));
#9126=DIRECTION('',(0.,1.,0.));
#9127=DIRECTION('',(-1.,0.,0.));
#9128=DIRECTION('',(0.,1.,0.));
#9129=DIRECTION('',(-1.,0.,0.));
#9130=DIRECTION('',(0.,1.,0.));
#9131=DIRECTION('',(-1.,0.,0.));
#9132=DIRECTION('',(0.,1.,0.));
#9133=DIRECTION('',(-1.,0.,0.));
#9134=DIRECTION('',(0.,1.,0.));
#9135=DIRECTION('',(-1.,0.,0.));
#9136=DIRECTION('',(0.,1.,0.));
#9137=DIRECTION('',(-1.,0.,0.));
#9138=DIRECTION('',(0.,1.,0.));
#9139=DIRECTION('',(-1.,0.,0.));
#9140=DIRECTION('',(0.,1.,0.));
#9141=DIRECTION('',(-1.,0.,0.));
#9142=DIRECTION('',(0.,1.,0.));
#9143=DIRECTION('',(-1.,0.,0.));
#9144=DIRECTION('',(0.,1.,0.));
#9145=DIRECTION('',(-1.,0.,0.));
#9146=DIRECTION('',(0.,1.,0.));
#9147=DIRECTION('',(-1.,0.,0.));
#9148=DIRECTION('',(0.,1.,0.));
#9149=DIRECTION('',(-1.,0.,0.));
#9150=DIRECTION('',(0.,1.,0.));
#9151=DIRECTION('',(-1.,0.,0.));
#9152=DIRECTION('',(0.,0.,1.));
#9153=DIRECTION('',(1.,0.,0.));
#9154=DIRECTION('',(0.,1.,0.));
#9155=DIRECTION('',(0.,0.,-1.));
#9156=DIRECTION('',(-1.,0.,0.));
#9157=DIRECTION('',(0.,0.,-1.));
#9158=DIRECTION('',(-1.,0.,0.));
#9159=DIRECTION('',(0.,0.,-1.));
#9160=DIRECTION('',(-1.,0.,0.));
#9161=DIRECTION('',(0.,0.,-1.));
#9162=DIRECTION('',(-1.,0.,0.));
#9163=DIRECTION('',(0.,0.,-1.));
#9164=DIRECTION('',(-1.,0.,0.));
#9165=DIRECTION('',(0.,1.,0.));
#9166=DIRECTION('',(1.,0.,0.));
#9167=DIRECTION('',(0.,-1.,0.));
#9168=DIRECTION('',(-1.,0.,0.));
#9169=DIRECTION('',(0.,1.,0.));
#9170=DIRECTION('',(0.,0.,-1.));
#9171=DIRECTION('',(-1.,0.,0.));
#9172=DIRECTION('',(0.,0.,-1.));
#9173=DIRECTION('',(-1.,0.,0.));
#9174=DIRECTION('',(0.,0.,-1.));
#9175=DIRECTION('',(-1.,0.,0.));
#9176=DIRECTION('',(0.,0.,-1.));
#9177=DIRECTION('',(-1.,0.,0.));
#9178=DIRECTION('',(0.,0.,-1.));
#9179=DIRECTION('',(-1.,0.,0.));
#9180=DIRECTION('',(0.,0.,-1.));
#9181=DIRECTION('',(-1.,0.,0.));
#9182=DIRECTION('',(0.,0.,-1.));
#9183=DIRECTION('',(-1.,0.,0.));
#9184=DIRECTION('',(0.,0.,-1.));
#9185=DIRECTION('',(-1.,0.,0.));
#9186=DIRECTION('',(0.,1.,0.));
#9187=DIRECTION('',(0.,0.,-1.));
#9188=DIRECTION('',(-1.,0.,0.));
#9189=DIRECTION('',(0.,0.,-1.));
#9190=DIRECTION('',(-1.,0.,0.));
#9191=DIRECTION('',(0.,0.,-1.));
#9192=DIRECTION('',(-1.,0.,0.));
#9193=DIRECTION('',(0.,0.,-1.));
#9194=DIRECTION('',(-1.,0.,0.));
#9195=DIRECTION('',(0.,0.,-1.));
#9196=DIRECTION('',(-1.,0.,0.));
#9197=DIRECTION('',(0.,0.,-1.));
#9198=DIRECTION('',(-1.,0.,0.));
#9199=DIRECTION('',(-0.0965615758521559,-0.995327012628989,0.));
#9200=DIRECTION('',(-0.999238245448698,0.0390247207883416,0.));
#9201=DIRECTION('',(0.,-1.,0.));
#9202=DIRECTION('',(0.,0.,-1.));
#9203=DIRECTION('',(-1.,0.,0.));
#9204=DIRECTION('',(0.,0.,-1.));
#9205=DIRECTION('',(-1.,0.,0.));
#9206=DIRECTION('',(0.131749901713405,-0.991282988554988,0.));
#9207=DIRECTION('',(-1.,0.,0.));
#9208=DIRECTION('',(-0.140804399088215,0.990037434240447,0.));
#9209=DIRECTION('',(0.,0.,-1.));
#9210=DIRECTION('',(-1.,0.,0.));
#9211=DIRECTION('',(0.,0.,-1.));
#9212=DIRECTION('',(-1.,0.,0.));
#9213=DIRECTION('',(0.,0.,-1.));
#9214=DIRECTION('',(-1.,0.,0.));
#9215=DIRECTION('',(0.,1.,0.));
#9216=DIRECTION('',(1.,0.,0.));
#9217=DIRECTION('',(0.,0.,-1.));
#9218=DIRECTION('',(-1.,0.,0.));
#9219=DIRECTION('',(0.,0.,-1.));
#9220=DIRECTION('',(-1.,0.,0.));
#9221=DIRECTION('',(0.,0.,-1.));
#9222=DIRECTION('',(-1.,0.,0.));
#9223=DIRECTION('',(-1.,0.,0.));
#9224=DIRECTION('',(0.,-1.,0.));
#9225=DIRECTION('',(-1.,0.,0.));
#9226=DIRECTION('',(0.,1.,0.));
#9227=DIRECTION('',(1.,0.,0.));
#9228=DIRECTION('',(0.,-1.,0.));
#9229=DIRECTION('',(-1.,0.,0.));
#9230=DIRECTION('',(0.,0.,-1.));
#9231=DIRECTION('',(-1.,0.,0.));
#9232=DIRECTION('',(0.,0.,-1.));
#9233=DIRECTION('',(-1.,0.,0.));
#9234=DIRECTION('',(0.,1.,0.));
#9235=DIRECTION('',(0.,0.,-1.));
#9236=DIRECTION('',(-1.,0.,0.));
#9237=DIRECTION('',(0.,0.,-1.));
#9238=DIRECTION('',(-1.,0.,0.));
#9239=DIRECTION('',(0.,0.,-1.));
#9240=DIRECTION('',(-1.,0.,0.));
#9241=DIRECTION('',(0.,0.,-1.));
#9242=DIRECTION('',(-1.,0.,0.));
#9243=DIRECTION('',(0.,-1.,0.));
#9244=DIRECTION('',(0.,0.,-1.));
#9245=DIRECTION('',(-1.,0.,0.));
#9246=DIRECTION('',(0.,0.,-1.));
#9247=DIRECTION('',(-1.,0.,0.));
#9248=DIRECTION('',(0.,1.,0.));
#9249=DIRECTION('',(1.,0.,0.));
#9250=DIRECTION('',(0.,-1.,0.));
#9251=DIRECTION('',(0.,0.,-1.));
#9252=DIRECTION('',(-1.,0.,0.));
#9253=DIRECTION('',(0.,0.,-1.));
#9254=DIRECTION('',(-1.,0.,0.));
#9255=DIRECTION('',(0.,0.,-1.));
#9256=DIRECTION('',(-1.,0.,0.));
#9257=DIRECTION('',(0.,0.,-1.));
#9258=DIRECTION('',(-1.,0.,0.));
#9259=DIRECTION('',(0.,0.,-1.));
#9260=DIRECTION('',(-1.,0.,0.));
#9261=DIRECTION('',(0.,0.,-1.));
#9262=DIRECTION('',(-1.,0.,0.));
#9263=DIRECTION('',(0.,0.,-1.));
#9264=DIRECTION('',(-1.,0.,0.));
#9265=DIRECTION('',(0.,0.,-1.));
#9266=DIRECTION('',(-1.,0.,0.));
#9267=DIRECTION('',(0.,0.,-1.));
#9268=DIRECTION('',(-1.,0.,0.));
#9269=DIRECTION('',(0.,-1.,0.));
#9270=DIRECTION('',(-1.,0.,0.));
#9271=DIRECTION('',(0.,1.,0.));
#9272=DIRECTION('',(0.,0.,-1.));
#9273=DIRECTION('',(-1.,0.,0.));
#9274=DIRECTION('',(0.,0.,-1.));
#9275=DIRECTION('',(-1.,0.,0.));
#9276=DIRECTION('',(0.,0.,-1.));
#9277=DIRECTION('',(-1.,0.,0.));
#9278=DIRECTION('',(0.,-1.,0.));
#9279=DIRECTION('',(-1.,0.,0.));
#9280=DIRECTION('',(0.,1.,0.));
#9281=DIRECTION('',(0.,0.,-1.));
#9282=DIRECTION('',(-1.,0.,0.));
#9283=DIRECTION('',(0.,0.,-1.));
#9284=DIRECTION('',(-1.,0.,0.));
#9285=DIRECTION('',(0.,0.,-1.));
#9286=DIRECTION('',(-1.,0.,0.));
#9287=DIRECTION('',(0.,-1.,0.));
#9288=DIRECTION('',(-1.,0.,0.));
#9289=DIRECTION('',(0.,0.,-1.));
#9290=DIRECTION('',(-1.,0.,0.));
#9291=DIRECTION('',(0.988914114037518,0.148488636122062,0.));
#9292=DIRECTION('',(0.,0.,-1.));
#9293=DIRECTION('',(-1.,0.,0.));
#9294=DIRECTION('',(0.,0.,-1.));
#9295=DIRECTION('',(-1.,0.,0.));
#9296=DIRECTION('',(0.,0.,-1.));
#9297=DIRECTION('',(-1.,0.,0.));
#9298=DIRECTION('',(0.,0.,-1.));
#9299=DIRECTION('',(-1.,0.,0.));
#9300=DIRECTION('',(0.,0.,-1.));
#9301=DIRECTION('',(-1.,0.,0.));
#9302=DIRECTION('',(-0.754242957524053,0.65659543177315,0.));
#9303=DIRECTION('',(0.,0.,-1.));
#9304=DIRECTION('',(-1.,0.,0.));
#9305=DIRECTION('',(0.,0.,-1.));
#9306=DIRECTION('',(-1.,0.,0.));
#9307=DIRECTION('',(0.,0.,-1.));
#9308=DIRECTION('',(-1.,0.,0.));
#9309=DIRECTION('',(0.,0.,-1.));
#9310=DIRECTION('',(-1.,0.,0.));
#9311=DIRECTION('',(-0.992539177177364,-0.121926132424844,0.));
#9312=DIRECTION('',(0.,0.,-1.));
#9313=DIRECTION('',(-1.,0.,0.));
#9314=DIRECTION('',(0.,0.,-1.));
#9315=DIRECTION('',(-1.,0.,0.));
#9316=DIRECTION('',(0.,0.,-1.));
#9317=DIRECTION('',(-1.,0.,0.));
#9318=DIRECTION('',(0.,0.,-1.));
#9319=DIRECTION('',(-1.,0.,0.));
#9320=DIRECTION('',(0.,0.,-1.));
#9321=DIRECTION('',(-1.,0.,0.));
#9322=DIRECTION('',(0.,0.,-1.));
#9323=DIRECTION('',(-1.,0.,0.));
#9324=DIRECTION('',(0.,0.,-1.));
#9325=DIRECTION('',(-1.,0.,0.));
#9326=DIRECTION('',(0.749531137308255,-0.661969088557309,0.));
#9327=DIRECTION('',(0.,0.,-1.));
#9328=DIRECTION('',(-1.,0.,0.));
#9329=DIRECTION('',(0.,0.,-1.));
#9330=DIRECTION('',(-1.,0.,0.));
#9331=DIRECTION('',(0.,0.,-1.));
#9332=DIRECTION('',(-1.,0.,0.));
#9333=DIRECTION('',(0.,0.,-1.));
#9334=DIRECTION('',(-1.,0.,0.));
#9335=DIRECTION('',(0.,-1.,0.));
#9336=DIRECTION('',(1.,1.56788508962766E-16,0.));
#9337=DIRECTION('',(0.,-1.,0.));
#9338=DIRECTION('',(1.,0.,0.));
#9339=DIRECTION('',(1.,0.,0.));
#9340=DIRECTION('',(0.,-1.,0.));
#9341=DIRECTION('',(1.,0.,0.));
#9342=DIRECTION('',(0.,1.,0.));
#9343=DIRECTION('',(-1.,0.,0.));
#9344=DIRECTION('',(0.,-1.,0.));
#9345=DIRECTION('',(1.,0.,0.));
#9346=DIRECTION('',(0.,-1.,0.));
#9347=DIRECTION('',(1.,0.,0.));
#9348=DIRECTION('',(0.,0.,-1.));
#9349=DIRECTION('',(0.,0.,1.));
#9350=DIRECTION('',(0.,-1.,0.));
#9351=DIRECTION('',(0.,0.,-1.));
#9352=DIRECTION('',(0.,-1.,0.));
#9353=DIRECTION('',(0.,0.,1.));
#9354=DIRECTION('',(1.,0.,0.));
#9355=DIRECTION('',(-1.,0.,0.));
#9356=DIRECTION('',(0.,1.,0.));
#9357=DIRECTION('',(-1.,0.,0.));
#9358=DIRECTION('',(0.,1.,0.));
#9359=DIRECTION('',(0.,0.,1.));
#9360=DIRECTION('',(1.,0.,0.));
#9361=DIRECTION('',(0.,0.,1.));
#9362=DIRECTION('',(1.,0.,0.));
#9363=DIRECTION('',(0.,0.,1.));
#9364=DIRECTION('',(1.,0.,0.));
#9365=DIRECTION('',(1.,0.,0.));
#9366=DIRECTION('',(0.,0.,1.));
#9367=DIRECTION('',(0.,1.,0.));
#9368=DIRECTION('',(-1.,0.,0.));
#9369=DIRECTION('',(0.,0.,1.));
#9370=DIRECTION('',(0.,-1.,0.));
#9371=DIRECTION('',(0.,0.,1.));
#9372=DIRECTION('',(1.,0.,0.));
#9373=DIRECTION('',(0.,0.,1.));
#9374=DIRECTION('',(1.,0.,0.));
#9375=DIRECTION('',(-1.,0.,0.));
#9376=DIRECTION('',(0.,1.,0.));
#9377=DIRECTION('',(-1.,0.,0.));
#9378=DIRECTION('',(0.,1.,0.));
#9379=DIRECTION('',(-1.,0.,0.));
#9380=DIRECTION('',(0.,1.,0.));
#9381=DIRECTION('',(-1.,0.,0.));
#9382=DIRECTION('',(0.,1.,0.));
#9383=DIRECTION('',(-1.,0.,0.));
#9384=DIRECTION('',(0.,1.,0.));
#9385=DIRECTION('',(-1.,0.,0.));
#9386=DIRECTION('',(0.,1.,0.));
#9387=DIRECTION('',(-1.,0.,0.));
#9388=DIRECTION('',(0.,1.,0.));
#9389=DIRECTION('',(-1.,0.,0.));
#9390=DIRECTION('',(0.,1.,0.));
#9391=DIRECTION('',(1.,0.,0.));
#9392=DIRECTION('',(0.,-1.,0.));
#9393=DIRECTION('',(1.,0.,0.));
#9394=DIRECTION('',(0.,-1.,0.));
#9395=DIRECTION('',(-1.,0.,0.));
#9396=DIRECTION('',(0.,1.,0.));
#9397=DIRECTION('',(-1.,0.,0.));
#9398=DIRECTION('',(0.,1.,0.));
#9399=DIRECTION('',(-1.,0.,0.));
#9400=DIRECTION('',(0.,1.,0.));
#9401=DIRECTION('',(-1.,0.,0.));
#9402=DIRECTION('',(0.,1.,0.));
#9403=DIRECTION('',(-1.,0.,0.));
#9404=DIRECTION('',(0.,1.,0.));
#9405=DIRECTION('',(-1.,0.,0.));
#9406=DIRECTION('',(0.,1.,0.));
#9407=DIRECTION('',(0.,-1.,0.));
#9408=DIRECTION('',(-1.,0.,0.));
#9409=DIRECTION('',(0.,-1.,0.));
#9410=DIRECTION('',(-1.,0.,0.));
#9411=DIRECTION('',(-1.,0.,0.));
#9412=DIRECTION('',(0.,0.,1.));
#9413=DIRECTION('',(0.,-1.,0.));
#9414=DIRECTION('',(1.,0.,0.));
#9415=DIRECTION('',(0.,0.,1.));
#9416=DIRECTION('',(0.,1.,0.));
#9417=DIRECTION('',(1.,0.,0.));
#9418=DIRECTION('',(0.,-1.,0.));
#9419=DIRECTION('',(1.,0.,0.));
#9420=DIRECTION('',(-1.,0.,0.));
#9421=DIRECTION('',(0.,1.,0.));
#9422=DIRECTION('',(1.,0.,0.));
#9423=DIRECTION('',(0.,-1.,0.));
#9424=DIRECTION('',(0.,-1.,0.));
#9425=DIRECTION('',(0.,0.,-1.));
#9426=DIRECTION('',(0.,0.,1.));
#9427=DIRECTION('',(1.,0.,0.));
#9428=DIRECTION('',(0.,0.,1.));
#9429=DIRECTION('',(-1.,0.,0.));
#9430=DIRECTION('',(0.,0.,1.));
#9431=DIRECTION('',(0.,-1.,0.));
#9432=DIRECTION('',(0.,0.,1.));
#9433=DIRECTION('',(0.,-1.,0.));
#9434=DIRECTION('',(0.,0.,-1.));
#9435=DIRECTION('',(1.,0.,0.));
#9436=DIRECTION('',(0.,0.,1.));
#9437=DIRECTION('',(-1.,0.,0.));
#9438=DIRECTION('',(0.,0.,1.));
#9439=DIRECTION('',(0.,-1.,0.));
#9440=DIRECTION('',(1.,0.,0.));
#9441=DIRECTION('',(0.,0.,-1.));
#9442=DIRECTION('',(0.,0.,-1.));
#9443=DIRECTION('',(0.,-1.,0.));
#9444=DIRECTION('',(0.,0.,1.));
#9445=DIRECTION('',(0.,1.,0.));
#9446=DIRECTION('',(0.,0.,1.));
#9447=DIRECTION('',(0.,0.,-1.));
#9448=DIRECTION('',(1.,0.,0.));
#9449=DIRECTION('',(-1.,0.,0.));
#9450=DIRECTION('',(0.,0.,1.));
#9451=DIRECTION('',(0.,0.,-1.));
#9452=DIRECTION('',(0.,1.,0.));
#9453=DIRECTION('',(0.,-1.,0.));
#9454=DIRECTION('',(0.,0.,-1.));
#9455=DIRECTION('',(-1.,0.,0.));
#9456=DIRECTION('',(1.,0.,0.));
#9457=DIRECTION('',(0.,0.,-1.));
#9458=DIRECTION('',(0.,0.,1.));
#9459=DIRECTION('',(0.,0.,1.));
#9460=DIRECTION('',(0.,1.,0.));
#9461=DIRECTION('',(0.,0.,1.));
#9462=DIRECTION('',(0.,0.,1.));
#9463=DIRECTION('',(1.,0.,0.));
#9464=DIRECTION('',(0.,0.,-1.));
#9465=DIRECTION('',(0.,0.,1.));
#9466=DIRECTION('',(0.,1.,0.));
#9467=DIRECTION('',(0.,0.,1.));
#9468=DIRECTION('',(1.,0.,0.));
#9469=DIRECTION('',(0.,0.,-1.));
#9470=DIRECTION('',(0.,0.,1.));
#9471=DIRECTION('',(0.,0.,1.));
#9472=DIRECTION('',(0.,1.,0.));
#9473=DIRECTION('',(0.,0.,1.));
#9474=DIRECTION('',(0.,0.,1.));
#9475=DIRECTION('',(1.,0.,0.));
#9476=DIRECTION('',(0.,0.,-1.));
#9477=DIRECTION('',(0.,0.,1.));
#9478=DIRECTION('',(0.,1.,0.));
#9479=DIRECTION('',(0.,0.,1.));
#9480=DIRECTION('',(1.,0.,0.));
#9481=DIRECTION('',(0.,0.,-1.));
#9482=DIRECTION('',(0.,0.,1.));
#9483=DIRECTION('',(0.,0.,1.));
#9484=DIRECTION('',(0.,1.,0.));
#9485=DIRECTION('',(0.,0.,1.));
#9486=DIRECTION('',(0.,0.,1.));
#9487=DIRECTION('',(1.,0.,0.));
#9488=DIRECTION('',(0.,0.,-1.));
#9489=DIRECTION('',(0.,0.,1.));
#9490=DIRECTION('',(0.,1.,0.));
#9491=DIRECTION('',(0.,0.,1.));
#9492=DIRECTION('',(1.,0.,0.));
#9493=DIRECTION('',(0.,0.,-1.));
#9494=DIRECTION('',(0.,0.,1.));
#9495=DIRECTION('',(0.,0.,1.));
#9496=DIRECTION('',(0.,1.,0.));
#9497=DIRECTION('',(0.,0.,1.));
#9498=DIRECTION('',(0.,0.,1.));
#9499=DIRECTION('',(1.,0.,0.));
#9500=DIRECTION('',(0.,0.,-1.));
#9501=DIRECTION('',(0.,0.,1.));
#9502=DIRECTION('',(0.,1.,0.));
#9503=DIRECTION('',(0.,0.,1.));
#9504=DIRECTION('',(1.,0.,0.));
#9505=DIRECTION('',(0.,0.,-1.));
#9506=DIRECTION('',(0.,0.,1.));
#9507=DIRECTION('',(0.,0.,1.));
#9508=DIRECTION('',(0.,1.,0.));
#9509=DIRECTION('',(0.,0.,1.));
#9510=DIRECTION('',(0.,0.,1.));
#9511=DIRECTION('',(1.,0.,0.));
#9512=DIRECTION('',(0.,0.,-1.));
#9513=DIRECTION('',(0.,0.,1.));
#9514=DIRECTION('',(0.,1.,0.));
#9515=DIRECTION('',(0.,0.,1.));
#9516=DIRECTION('',(1.,0.,0.));
#9517=DIRECTION('',(0.,0.,-1.));
#9518=DIRECTION('',(0.,0.,1.));
#9519=DIRECTION('',(0.,0.,1.));
#9520=DIRECTION('',(0.,1.,0.));
#9521=DIRECTION('',(0.,0.,1.));
#9522=DIRECTION('',(0.,0.,1.));
#9523=DIRECTION('',(1.,0.,0.));
#9524=DIRECTION('',(0.,0.,-1.));
#9525=DIRECTION('',(0.,0.,1.));
#9526=DIRECTION('',(0.,1.,0.));
#9527=DIRECTION('',(0.,0.,1.));
#9528=DIRECTION('',(1.,0.,0.));
#9529=DIRECTION('',(0.,0.,-1.));
#9530=DIRECTION('',(0.,0.,1.));
#9531=DIRECTION('',(0.,0.,1.));
#9532=DIRECTION('',(0.,1.,0.));
#9533=DIRECTION('',(0.,0.,1.));
#9534=DIRECTION('',(0.,0.,1.));
#9535=DIRECTION('',(1.,0.,0.));
#9536=DIRECTION('',(0.,0.,-1.));
#9537=DIRECTION('',(0.,0.,1.));
#9538=DIRECTION('',(0.,1.,0.));
#9539=DIRECTION('',(0.,0.,1.));
#9540=DIRECTION('',(-1.,0.,0.));
#9541=DIRECTION('',(0.,0.,1.));
#9542=DIRECTION('',(0.,0.,1.));
#9543=DIRECTION('',(0.,0.,1.));
#9544=DIRECTION('',(0.,1.,0.));
#9545=DIRECTION('',(0.,0.,1.));
#9546=DIRECTION('',(0.,0.,1.));
#9547=DIRECTION('',(-1.,0.,0.));
#9548=DIRECTION('',(0.,0.,1.));
#9549=DIRECTION('',(0.,0.,1.));
#9550=DIRECTION('',(0.,1.,0.));
#9551=DIRECTION('',(0.,0.,1.));
#9552=DIRECTION('',(0.,0.,1.));
#9553=DIRECTION('',(1.,0.,0.));
#9554=DIRECTION('',(0.,0.,1.));
#9555=DIRECTION('',(1.,0.,0.));
#9556=DIRECTION('',(0.,0.,1.));
#9557=DIRECTION('',(1.,0.,0.));
#9558=DIRECTION('',(0.,-1.,0.));
#9559=DIRECTION('',(0.,0.,-1.));
#9560=DIRECTION('',(0.,0.,1.));
#9561=DIRECTION('',(0.,0.,1.));
#9562=DIRECTION('',(0.,0.,1.));
#9563=DIRECTION('',(1.,0.,0.));
#9564=DIRECTION('',(0.,0.,1.));
#9565=DIRECTION('',(0.,1.,0.));
#9566=DIRECTION('',(0.,0.,1.));
#9567=DIRECTION('',(0.,0.,1.));
#9568=DIRECTION('',(0.,0.,1.));
#9569=DIRECTION('',(1.,0.,0.));
#9570=DIRECTION('',(0.,1.,0.));
#9571=DIRECTION('',(0.,0.,1.));
#9572=DIRECTION('',(0.,0.,1.));
#9573=DIRECTION('',(0.,0.,1.));
#9574=DIRECTION('',(0.,0.,1.));
#9575=DIRECTION('',(1.,0.,0.));
#9576=DIRECTION('',(0.,0.,1.));
#9577=DIRECTION('',(0.,-1.,0.));
#9578=DIRECTION('',(0.,0.,-1.));
#9579=DIRECTION('',(0.,0.,1.));
#9580=DIRECTION('',(0.,0.,1.));
#9581=DIRECTION('',(1.,0.,0.));
#9582=DIRECTION('',(0.,0.,1.));
#9583=DIRECTION('',(1.,0.,0.));
#9584=DIRECTION('',(0.,0.,1.));
#9585=DIRECTION('',(1.,0.,0.));
#9586=DIRECTION('',(0.,0.,1.));
#9587=DIRECTION('',(1.,0.,0.));
#9588=DIRECTION('',(0.,0.,1.));
#9589=DIRECTION('',(1.,0.,0.));
#9590=DIRECTION('',(0.,0.,1.));
#9591=DIRECTION('',(1.,0.,0.));
#9592=DIRECTION('',(0.,0.,1.));
#9593=DIRECTION('',(1.,0.,0.));
#9594=DIRECTION('',(1.,0.,0.));
#9595=DIRECTION('',(0.,0.,-1.));
#9596=DIRECTION('',(0.,0.,1.));
#9597=DIRECTION('',(0.,0.,1.));
#9598=DIRECTION('',(0.,1.,0.));
#9599=DIRECTION('',(0.,0.,1.));
#9600=DIRECTION('',(0.,0.,1.));
#9601=DIRECTION('',(1.,0.,0.));
#9602=DIRECTION('',(0.,0.,-1.));
#9603=DIRECTION('',(0.,0.,1.));
#9604=DIRECTION('',(0.,1.,0.));
#9605=DIRECTION('',(0.,0.,1.));
#9606=DIRECTION('',(0.,0.,-1.));
#9607=DIRECTION('',(0.189687545378414,-0.981844506593744,0.));
#9608=DIRECTION('',(0.,0.,-1.));
#9609=DIRECTION('',(-1.,0.,0.));
#9610=DIRECTION('',(0.,0.,-1.));
#9611=DIRECTION('',(0.,0.,-1.));
#9612=DIRECTION('',(-1.,0.,0.));
#9613=DIRECTION('',(0.,0.,-1.));
#9614=DIRECTION('',(0.,0.,-1.));
#9615=DIRECTION('',(-0.345102552218447,-0.938564983606524,0.));
#9616=DIRECTION('',(0.,0.,-1.));
#9617=DIRECTION('',(-1.,0.,0.));
#9618=DIRECTION('',(0.,0.,-1.));
#9619=DIRECTION('',(0.,0.,-1.));
#9620=DIRECTION('',(-1.,0.,0.));
#9621=DIRECTION('',(0.,0.,-1.));
#9622=DIRECTION('',(-0.864683181281831,-0.502317624624433,0.));
#9623=DIRECTION('',(0.,0.,-1.));
#9624=DIRECTION('',(-1.,0.,0.));
#9625=DIRECTION('',(0.,0.,-1.));
#9626=DIRECTION('',(0.,0.,-1.));
#9627=DIRECTION('',(-1.,0.,0.));
#9628=DIRECTION('',(0.,0.,-1.));
#9629=DIRECTION('',(-0.991778018472431,-0.127970160877054,0.));
#9630=DIRECTION('',(0.,0.,-1.));
#9631=DIRECTION('',(-1.,0.,0.));
#9632=DIRECTION('',(0.,0.,-1.));
#9633=DIRECTION('',(0.,0.,-1.));
#9634=DIRECTION('',(-1.,0.,0.));
#9635=DIRECTION('',(1.,0.,0.));
#9636=DIRECTION('',(0.,0.,-1.));
#9637=DIRECTION('',(0.,-1.,0.));
#9638=DIRECTION('',(0.,0.,-1.));
#9639=DIRECTION('',(0.,-1.,0.));
#9640=DIRECTION('',(0.,0.,-1.));
#9641=DIRECTION('',(-0.973607222260869,0.228230096090491,0.));
#9642=DIRECTION('',(0.,0.,-1.));
#9643=DIRECTION('',(-1.,0.,0.));
#9644=DIRECTION('',(0.,0.,-1.));
#9645=DIRECTION('',(0.,0.,-1.));
#9646=DIRECTION('',(-1.,0.,0.));
#9647=DIRECTION('',(0.,0.,-1.));
#9648=DIRECTION('',(-0.505327788601795,0.862927474395629,0.));
#9649=DIRECTION('',(0.,0.,-1.));
#9650=DIRECTION('',(-1.,0.,0.));
#9651=DIRECTION('',(0.,0.,-1.));
#9652=DIRECTION('',(0.,0.,-1.));
#9653=DIRECTION('',(-1.,0.,0.));
#9654=DIRECTION('',(0.,0.,-1.));
#9655=DIRECTION('',(0.181710448837351,0.983352079767633,0.));
#9656=DIRECTION('',(0.,0.,-1.));
#9657=DIRECTION('',(-1.,0.,0.));
#9658=DIRECTION('',(0.,0.,-1.));
#9659=DIRECTION('',(0.,0.,-1.));
#9660=DIRECTION('',(-1.,0.,0.));
#9661=DIRECTION('',(0.,0.,-1.));
#9662=DIRECTION('',(0.393508217245106,0.919321098942355,0.));
#9663=DIRECTION('',(-2.40700688046953E-17,-5.6303030508063E-17,1.));
#9664=DIRECTION('',(0.446007936535743,0.895029005422243,0.));
#9665=DIRECTION('',(0.,0.,-1.));
#9666=DIRECTION('',(-2.34162930524456E-14,-5.47737637484612E-14,1.));
#9667=DIRECTION('',(0.446007936535743,0.895029005422243,5.94600625937321E-14));
#9668=DIRECTION('',(-1.,0.,0.));
#9669=DIRECTION('',(0.,0.,1.));
#9670=DIRECTION('',(0.,1.,0.));
#9671=DIRECTION('',(0.,0.,-1.));
#9672=DIRECTION('',(0.,1.,0.));
#9673=DIRECTION('',(0.,0.,-1.));
#9674=DIRECTION('',(0.,0.,-1.));
#9675=DIRECTION('',(0.,0.,-1.));
#9676=DIRECTION('',(0.238536485364456,-0.97113353620909,0.));
#9677=DIRECTION('',(0.,0.,-1.));
#9678=DIRECTION('',(0.,0.,-1.));
#9679=DIRECTION('',(-1.,0.,0.));
#9680=DIRECTION('',(0.,0.,-1.));
#9681=DIRECTION('',(0.582659864504333,-0.812716114209502,0.));
#9682=DIRECTION('',(0.,0.,-1.));
#9683=DIRECTION('',(0.,0.,-1.));
#9684=DIRECTION('',(-1.,0.,0.));
#9685=DIRECTION('',(-1.,0.,0.));
#9686=DIRECTION('',(0.,0.,1.));
#9687=DIRECTION('',(0.,0.,-1.));
#9688=DIRECTION('',(0.,1.,0.));
#9689=DIRECTION('',(0.,-1.,0.));
#9690=DIRECTION('',(0.,0.,-1.));
#9691=DIRECTION('',(0.,0.,-1.));
#9692=DIRECTION('',(-1.,0.,0.));
#9693=DIRECTION('',(1.,0.,0.));
#9694=DIRECTION('',(0.,0.,-1.));
#9695=DIRECTION('',(0.,0.,-1.));
#9696=DIRECTION('',(0.,-1.,0.));
#9697=DIRECTION('',(0.,1.,0.));
#9698=DIRECTION('',(0.,0.,1.));
#9699=DIRECTION('',(0.,0.,-1.));
#9700=DIRECTION('',(1.,0.,0.));
#9701=DIRECTION('',(-1.,0.,0.));
#9702=DIRECTION('',(0.,0.,1.));
#9703=DIRECTION('',(0.,0.,-1.));
#9704=DIRECTION('',(0.,1.,0.));
#9705=DIRECTION('',(0.,0.,-1.));
#9706=DIRECTION('',(0.533011198854996,0.84610818569209,0.));
#9707=DIRECTION('',(0.,0.,-1.));
#9708=DIRECTION('',(0.,0.,-1.));
#9709=DIRECTION('',(-1.,0.,0.));
#9710=DIRECTION('',(0.,0.,-1.));
#9711=DIRECTION('',(0.201203051987608,0.979549555597302,0.));
#9712=DIRECTION('',(0.,0.,-1.));
#9713=DIRECTION('',(0.,0.,-1.));
#9714=DIRECTION('',(-1.,0.,0.));
#9715=DIRECTION('',(0.,0.,-1.));
#9716=DIRECTION('',(-0.305396878706178,0.952225155347476,0.));
#9717=DIRECTION('',(0.,0.,-1.));
#9718=DIRECTION('',(0.,0.,-1.));
#9719=DIRECTION('',(-1.,0.,0.));
#9720=DIRECTION('',(0.,0.,-1.));
#9721=DIRECTION('',(-0.812022250933064,0.583626476429574,0.));
#9722=DIRECTION('',(0.,0.,-1.));
#9723=DIRECTION('',(0.,0.,-1.));
#9724=DIRECTION('',(-1.,0.,0.));
#9725=DIRECTION('',(0.,0.,-1.));
#9726=DIRECTION('',(-0.98657411999822,0.163314132118863,0.));
#9727=DIRECTION('',(0.,0.,-1.));
#9728=DIRECTION('',(0.,0.,-1.));
#9729=DIRECTION('',(-1.,0.,0.));
#9730=DIRECTION('',(-1.,0.,0.));
#9731=DIRECTION('',(0.,0.,1.));
#9732=DIRECTION('',(0.,0.,-1.));
#9733=DIRECTION('',(0.,1.,0.));
#9734=DIRECTION('',(0.,0.,-1.));
#9735=DIRECTION('',(0.422203333992773,-0.906501155413156,0.));
#9736=DIRECTION('',(0.,0.,-1.));
#9737=DIRECTION('',(-1.,0.,0.));
#9738=DIRECTION('',(0.,0.,-1.));
#9739=DIRECTION('',(-1.,0.,0.));
#9740=DIRECTION('',(0.,0.,1.));
#9741=DIRECTION('',(1.,0.,0.));
#9742=DIRECTION('',(0.,0.,1.));
#9743=DIRECTION('',(1.,0.,0.));
#9744=DIRECTION('',(0.,0.,-1.));
#9745=DIRECTION('',(0.21266907650898,-0.977124282728056,0.));
#9746=DIRECTION('',(0.,0.,-1.));
#9747=DIRECTION('',(-1.,0.,0.));
#9748=DIRECTION('',(0.,0.,-1.));
#9749=DIRECTION('',(0.,0.,-1.));
#9750=DIRECTION('',(-1.,0.,0.));
#9751=DIRECTION('',(0.,0.,-1.));
#9752=DIRECTION('',(0.,0.,-1.));
#9753=DIRECTION('',(-0.459334508306893,-0.888263367182541,0.));
#9754=DIRECTION('',(0.,0.,-1.));
#9755=DIRECTION('',(-1.,0.,0.));
#9756=DIRECTION('',(0.,0.,-1.));
#9757=DIRECTION('',(0.,0.,-1.));
#9758=DIRECTION('',(-1.,0.,0.));
#9759=DIRECTION('',(0.,0.,-1.));
#9760=DIRECTION('',(-0.962765950120089,-0.270336318849989,0.));
#9761=DIRECTION('',(0.,0.,-1.));
#9762=DIRECTION('',(-1.,0.,0.));
#9763=DIRECTION('',(0.,0.,-1.));
#9764=DIRECTION('',(0.,0.,-1.));
#9765=DIRECTION('',(-1.,0.,0.));
#9766=DIRECTION('',(0.,0.,-1.));
#9767=DIRECTION('',(-0.985994001753612,0.166780779785617,0.));
#9768=DIRECTION('',(0.,0.,-1.));
#9769=DIRECTION('',(-1.,0.,0.));
#9770=DIRECTION('',(0.,0.,-1.));
#9771=DIRECTION('',(0.,0.,-1.));
#9772=DIRECTION('',(-1.,0.,0.));
#9773=DIRECTION('',(0.,0.,-1.));
#9774=DIRECTION('',(-0.8692884956953,0.494305079128065,0.));
#9775=DIRECTION('',(0.,0.,-1.));
#9776=DIRECTION('',(-1.,0.,0.));
#9777=DIRECTION('',(0.,0.,-1.));
#9778=DIRECTION('',(0.,0.,-1.));
#9779=DIRECTION('',(-1.,0.,0.));
#9780=DIRECTION('',(0.,0.,-1.));
#9781=DIRECTION('',(-0.688809926239352,0.724941987688766,0.));
#9782=DIRECTION('',(0.,0.,-1.));
#9783=DIRECTION('',(-1.,0.,0.));
#9784=DIRECTION('',(0.,0.,-1.));
#9785=DIRECTION('',(0.,0.,-1.));
#9786=DIRECTION('',(-1.,0.,0.));
#9787=DIRECTION('',(0.,0.,-1.));
#9788=DIRECTION('',(-0.552889960020829,0.833254278181736,0.));
#9789=DIRECTION('',(0.,0.,-1.));
#9790=DIRECTION('',(-1.,0.,0.));
#9791=DIRECTION('',(0.,0.,-1.));
#9792=DIRECTION('',(0.,0.,-1.));
#9793=DIRECTION('',(-1.,0.,0.));
#9794=DIRECTION('',(-1.,0.,0.));
#9795=DIRECTION('',(0.,0.,1.));
#9796=DIRECTION('',(0.,1.,0.));
#9797=DIRECTION('',(0.,0.,-1.));
#9798=DIRECTION('',(0.,1.,0.));
#9799=DIRECTION('',(0.,0.,-1.));
#9800=DIRECTION('',(0.761125549850466,-0.64860457704585,0.));
#9801=DIRECTION('',(0.,0.,-1.));
#9802=DIRECTION('',(-1.,0.,0.));
#9803=DIRECTION('',(0.,0.,-1.));
#9804=DIRECTION('',(0.,0.,-1.));
#9805=DIRECTION('',(-1.,0.,0.));
#9806=DIRECTION('',(0.,0.,-1.));
#9807=DIRECTION('',(-0.282768485047283,-0.959188190014902,0.));
#9808=DIRECTION('',(0.,0.,-1.));
#9809=DIRECTION('',(0.,0.,-1.));
#9810=DIRECTION('',(-1.,0.,0.));
#9811=DIRECTION('',(0.,0.,-1.));
#9812=DIRECTION('',(0.,0.,-1.));
#9813=DIRECTION('',(0.367292909609482,-0.930105326589737,0.));
#9814=DIRECTION('',(0.,0.,-1.));
#9815=DIRECTION('',(0.,0.,-1.));
#9816=DIRECTION('',(-1.,0.,0.));
#9817=DIRECTION('',(0.,0.,-1.));
#9818=DIRECTION('',(0.86406006159419,-0.503388726490617,0.));
#9819=DIRECTION('',(0.,0.,-1.));
#9820=DIRECTION('',(0.,0.,-1.));
#9821=DIRECTION('',(-1.,0.,0.));
#9822=DIRECTION('',(0.,0.,-1.));
#9823=DIRECTION('',(0.980330209852066,0.197364332267522,0.));
#9824=DIRECTION('',(0.,0.,-1.));
#9825=DIRECTION('',(0.,0.,-1.));
#9826=DIRECTION('',(-1.,0.,0.));
#9827=DIRECTION('',(-0.990037434240447,-0.140804399088215,-1.01891810964174E-26));
#9828=DIRECTION('',(0.140804399088215,-0.990037434240447,1.06219067186465E-15));
#9829=DIRECTION('',(1.02917129635956E-26,0.,-1.));
#9830=DIRECTION('',(0.140804399088215,-0.990037434240447,1.06219067186465E-15));
#9831=DIRECTION('',(0.,-1.,0.));
#9832=DIRECTION('',(0.,0.,-1.));
#9833=DIRECTION('',(-1.9668255930768E-26,0.,-1.));
#9834=DIRECTION('',(-1.,0.,0.));
#9835=DIRECTION('',(0.991282988554988,0.131749901713405,-1.94968075187161E-26));
#9836=DIRECTION('',(0.131749901713405,-0.991282988554988,-1.4805668438359E-15));
#9837=DIRECTION('',(0.,0.,-1.));
#9838=DIRECTION('',(0.131749901713405,-0.991282988554988,-1.4805668438359E-15));
#9839=DIRECTION('',(0.,0.,-1.));
#9840=DIRECTION('',(-0.996280519504853,-0.0861691734620896,0.));
#9841=DIRECTION('',(0.,0.,-1.));
#9842=DIRECTION('',(0.,0.,-1.));
#9843=DIRECTION('',(-1.,0.,0.));
#9844=DIRECTION('',(0.,0.,-1.));
#9845=DIRECTION('',(-0.99969204685757,-0.0248155485476701,0.));
#9846=DIRECTION('',(0.,0.,-1.));
#9847=DIRECTION('',(0.,0.,-1.));
#9848=DIRECTION('',(-1.,0.,0.));
#9849=DIRECTION('',(1.,0.,0.));
#9850=DIRECTION('',(0.,0.,-1.));
#9851=DIRECTION('',(0.,0.,-1.));
#9852=DIRECTION('',(0.,-1.,0.));
#9853=DIRECTION('',(0.,0.,-1.));
#9854=DIRECTION('',(0.,0.,-1.));
#9855=DIRECTION('',(0.,0.,-1.));
#9856=DIRECTION('',(0.,0.,-1.));
#9857=DIRECTION('',(-0.0390247207883415,-0.999238245448698,0.));
#9858=DIRECTION('',(0.999238245448698,-0.0390247207883416,0.));
#9859=DIRECTION('',(0.,0.,-1.));
#9860=DIRECTION('',(-0.999238245448698,0.0390247207883416,0.));
#9861=DIRECTION('',(0.995327012628989,-0.0965615758521559,0.));
#9862=DIRECTION('',(0.0965615758521559,0.995327012628989,0.));
#9863=DIRECTION('',(0.,0.,-1.));
#9864=DIRECTION('',(-0.0965615758521559,-0.995327012628989,0.));
#9865=DIRECTION('',(0.,0.,-1.));
#9866=DIRECTION('',(-0.986040687630353,0.166504541491997,0.));
#9867=DIRECTION('',(0.,0.,-1.));
#9868=DIRECTION('',(0.,0.,-1.));
#9869=DIRECTION('',(-1.,0.,0.));
#9870=DIRECTION('',(0.,0.,-1.));
#9871=DIRECTION('',(-0.840389900025573,0.54198230223413,0.));
#9872=DIRECTION('',(0.,0.,-1.));
#9873=DIRECTION('',(0.,0.,-1.));
#9874=DIRECTION('',(-1.,0.,0.));
#9875=DIRECTION('',(0.,0.,-1.));
#9876=DIRECTION('',(-0.290429627325372,0.956896353620206,0.));
#9877=DIRECTION('',(0.,0.,-1.));
#9878=DIRECTION('',(0.,0.,-1.));
#9879=DIRECTION('',(-1.,0.,0.));
#9880=DIRECTION('',(0.,0.,-1.));
#9881=DIRECTION('',(0.32001982830475,0.947410845141535,0.));
#9882=DIRECTION('',(0.,0.,-1.));
#9883=DIRECTION('',(0.,0.,-1.));
#9884=DIRECTION('',(-1.,0.,0.));
#9885=DIRECTION('',(0.,0.,-1.));
#9886=DIRECTION('',(0.869124862165399,0.494592735456129,0.));
#9887=DIRECTION('',(0.,0.,-1.));
#9888=DIRECTION('',(0.,0.,-1.));
#9889=DIRECTION('',(-1.,0.,0.));
#9890=DIRECTION('',(0.,0.,-1.));
#9891=DIRECTION('',(0.9929252934121,0.118740733122609,0.));
#9892=DIRECTION('',(0.,0.,-1.));
#9893=DIRECTION('',(0.,0.,-1.));
#9894=DIRECTION('',(-1.,0.,0.));
#9895=DIRECTION('',(-1.,0.,0.));
#9896=DIRECTION('',(0.,0.,1.));
#9897=DIRECTION('',(0.,0.,-1.));
#9898=DIRECTION('',(0.,1.,0.));
#9899=DIRECTION('',(0.,0.,-1.));
#9900=DIRECTION('',(-0.353476993894031,0.935443218366374,0.));
#9901=DIRECTION('',(0.,0.,-1.));
#9902=DIRECTION('',(0.,0.,-1.));
#9903=DIRECTION('',(-1.,0.,0.));
#9904=DIRECTION('',(0.,0.,-1.));
#9905=DIRECTION('',(-0.484364383973905,0.874866357529869,0.));
#9906=DIRECTION('',(0.,0.,-1.));
#9907=DIRECTION('',(0.,0.,-1.));
#9908=DIRECTION('',(-1.,0.,0.));
#9909=DIRECTION('',(0.,0.,-1.));
#9910=DIRECTION('',(-0.739020883596871,0.673682516922994,0.));
#9911=DIRECTION('',(0.,0.,-1.));
#9912=DIRECTION('',(0.,0.,-1.));
#9913=DIRECTION('',(-1.,0.,0.));
#9914=DIRECTION('',(0.,0.,-1.));
#9915=DIRECTION('',(0.,0.,-1.));
#9916=DIRECTION('',(-0.975871686319573,-0.218344800349799,0.));
#9917=DIRECTION('',(0.,0.,-1.));
#9918=DIRECTION('',(0.,0.,-1.));
#9919=DIRECTION('',(-1.,0.,0.));
#9920=DIRECTION('',(0.,0.,-1.));
#9921=DIRECTION('',(-0.766071402843419,-0.642755478969659,0.));
#9922=DIRECTION('',(0.,0.,-1.));
#9923=DIRECTION('',(-1.,0.,0.));
#9924=DIRECTION('',(0.,0.,-1.));
#9925=DIRECTION('',(0.576773481571364,-0.816904125926689,0.));
#9926=DIRECTION('',(0.,0.,-1.));
#9927=DIRECTION('',(-1.,0.,0.));
#9928=DIRECTION('',(0.,0.,-1.));
#9929=DIRECTION('',(-1.,0.,0.));
#9930=DIRECTION('',(0.,0.,1.));
#9931=DIRECTION('',(1.,0.,0.));
#9932=DIRECTION('',(0.,0.,1.));
#9933=DIRECTION('',(1.,0.,0.));
#9934=DIRECTION('',(0.,1.,0.));
#9935=DIRECTION('',(0.,0.,1.));
#9936=DIRECTION('',(1.,0.,0.));
#9937=DIRECTION('',(0.,0.,-1.));
#9938=DIRECTION('',(1.,0.,0.));
#9939=DIRECTION('',(0.,0.,-1.));
#9940=DIRECTION('',(1.,0.,0.));
#9941=DIRECTION('',(0.,0.,-1.));
#9942=DIRECTION('',(0.,-1.,0.));
#9943=DIRECTION('',(0.,0.,-1.));
#9944=DIRECTION('',(0.,-1.,0.));
#9945=DIRECTION('',(0.,-1.,0.));
#9946=DIRECTION('',(0.,0.,-1.));
#9947=DIRECTION('',(-1.,0.,0.));
#9948=DIRECTION('',(0.,0.,-1.));
#9949=DIRECTION('',(-1.,0.,0.));
#9950=DIRECTION('',(0.,0.,-1.));
#9951=DIRECTION('',(0.,0.,-1.));
#9952=DIRECTION('',(0.865093230794244,0.50161110637024,0.));
#9953=DIRECTION('',(0.,0.,-1.));
#9954=DIRECTION('',(-1.,0.,0.));
#9955=DIRECTION('',(0.,0.,-1.));
#9956=DIRECTION('',(0.,0.,-1.));
#9957=DIRECTION('',(-1.,0.,0.));
#9958=DIRECTION('',(0.,0.,-1.));
#9959=DIRECTION('',(0.996217766809339,0.0868916629683995,0.));
#9960=DIRECTION('',(0.,0.,-1.));
#9961=DIRECTION('',(-1.,0.,0.));
#9962=DIRECTION('',(0.,0.,-1.));
#9963=DIRECTION('',(0.,0.,-1.));
#9964=DIRECTION('',(-1.,0.,0.));
#9965=DIRECTION('',(0.,0.,-1.));
#9966=DIRECTION('',(0.995207813165688,-0.0977824555529756,0.));
#9967=DIRECTION('',(0.,0.,-1.));
#9968=DIRECTION('',(-1.,0.,0.));
#9969=DIRECTION('',(0.,0.,-1.));
#9970=DIRECTION('',(0.,0.,-1.));
#9971=DIRECTION('',(-1.,0.,0.));
#9972=DIRECTION('',(0.,0.,-1.));
#9973=DIRECTION('',(0.841261536512403,-0.540628363281831,0.));
#9974=DIRECTION('',(0.,0.,-1.));
#9975=DIRECTION('',(-1.,0.,0.));
#9976=DIRECTION('',(0.,0.,-1.));
#9977=DIRECTION('',(0.,0.,-1.));
#9978=DIRECTION('',(-1.,0.,0.));
#9979=DIRECTION('',(-1.,0.,0.));
#9980=DIRECTION('',(0.,0.,1.));
#9981=DIRECTION('',(0.,0.,-1.));
#9982=DIRECTION('',(0.,1.,0.));
#9983=DIRECTION('',(0.,0.,-1.));
#9984=DIRECTION('',(0.,-1.,0.));
#9985=DIRECTION('',(0.,0.,-1.));
#9986=DIRECTION('',(0.,0.,-1.));
#9987=DIRECTION('',(-1.,0.,0.));
#9988=DIRECTION('',(1.,0.,0.));
#9989=DIRECTION('',(0.,0.,-1.));
#9990=DIRECTION('',(0.,0.,-1.));
#9991=DIRECTION('',(0.,-1.,0.));
#9992=DIRECTION('',(0.,-1.,0.));
#9993=DIRECTION('',(0.,0.,-1.));
#9994=DIRECTION('',(0.,0.,-1.));
#9995=DIRECTION('',(-1.,0.,0.));
#9996=DIRECTION('',(0.,0.,-1.));
#9997=DIRECTION('',(0.162077848518355,-0.98677797453108,0.));
#9998=DIRECTION('',(0.,0.,-1.));
#9999=DIRECTION('',(0.,0.,-1.));
#10000=DIRECTION('',(-1.,0.,0.));
#10001=DIRECTION('',(0.,0.,-1.));
#10002=DIRECTION('',(0.62993002757647,-0.77665189136286,0.));
#10003=DIRECTION('',(0.,0.,-1.));
#10004=DIRECTION('',(0.,0.,-1.));
#10005=DIRECTION('',(-1.,0.,0.));
#10006=DIRECTION('',(0.,0.,-1.));
#10007=DIRECTION('',(0.,0.,-1.));
#10008=DIRECTION('',(0.,0.,-1.));
#10009=DIRECTION('',(0.750645285915479,0.660705422054994,0.));
#10010=DIRECTION('',(0.,0.,-1.));
#10011=DIRECTION('',(0.,0.,-1.));
#10012=DIRECTION('',(-1.,0.,0.));
#10013=DIRECTION('',(0.,0.,-1.));
#10014=DIRECTION('',(0.,1.,0.));
#10015=DIRECTION('',(0.,0.,1.));
#10016=DIRECTION('',(1.,0.,0.));
#10017=DIRECTION('',(0.,0.,1.));
#10018=DIRECTION('',(1.,0.,0.));
#10019=DIRECTION('',(0.,0.,1.));
#10020=DIRECTION('',(1.,0.,0.));
#10021=DIRECTION('',(-1.,0.,0.));
#10022=DIRECTION('',(0.,0.,1.));
#10023=DIRECTION('',(0.,0.,-1.));
#10024=DIRECTION('',(0.,1.,0.));
#10025=DIRECTION('',(0.,0.,-1.));
#10026=DIRECTION('',(0.,-1.,0.));
#10027=DIRECTION('',(0.,0.,-1.));
#10028=DIRECTION('',(0.,0.,-1.));
#10029=DIRECTION('',(-1.,0.,0.));
#10030=DIRECTION('',(1.,0.,0.));
#10031=DIRECTION('',(0.,0.,-1.));
#10032=DIRECTION('',(0.,0.,-1.));
#10033=DIRECTION('',(0.,-1.,0.));
#10034=DIRECTION('',(0.,1.,0.));
#10035=DIRECTION('',(0.,0.,1.));
#10036=DIRECTION('',(1.,0.,0.));
#10037=DIRECTION('',(0.,0.,1.));
#10038=DIRECTION('',(1.,0.,0.));
#10039=DIRECTION('',(0.,0.,-1.));
#10040=DIRECTION('',(0.340362441915566,-0.940294319951616,0.));
#10041=DIRECTION('',(0.,0.,-1.));
#10042=DIRECTION('',(-1.,0.,0.));
#10043=DIRECTION('',(0.,0.,-1.));
#10044=DIRECTION('',(0.,0.,-1.));
#10045=DIRECTION('',(-1.,0.,0.));
#10046=DIRECTION('',(0.,0.,-1.));
#10047=DIRECTION('',(0.,0.,-1.));
#10048=DIRECTION('',(-0.339183078277279,-0.940720383222533,0.));
#10049=DIRECTION('',(0.,0.,-1.));
#10050=DIRECTION('',(-1.,0.,0.));
#10051=DIRECTION('',(0.,0.,-1.));
#10052=DIRECTION('',(0.,0.,-1.));
#10053=DIRECTION('',(-1.,0.,0.));
#10054=DIRECTION('',(0.,0.,-1.));
#10055=DIRECTION('',(-0.873621563543226,-0.486605963498485,0.));
#10056=DIRECTION('',(0.,0.,-1.));
#10057=DIRECTION('',(-1.,0.,0.));
#10058=DIRECTION('',(0.,0.,-1.));
#10059=DIRECTION('',(0.,0.,-1.));
#10060=DIRECTION('',(-1.,0.,0.));
#10061=DIRECTION('',(0.,0.,-1.));
#10062=DIRECTION('',(-0.993690672356794,-0.112155462065395,0.));
#10063=DIRECTION('',(0.,0.,-1.));
#10064=DIRECTION('',(-1.,0.,0.));
#10065=DIRECTION('',(0.,0.,-1.));
#10066=DIRECTION('',(0.,0.,-1.));
#10067=DIRECTION('',(-1.,0.,0.));
#10068=DIRECTION('',(1.,0.,0.));
#10069=DIRECTION('',(0.,0.,-1.));
#10070=DIRECTION('',(0.,-1.,0.));
#10071=DIRECTION('',(0.,0.,-1.));
#10072=DIRECTION('',(0.,-1.,0.));
#10073=DIRECTION('',(0.,0.,-1.));
#10074=DIRECTION('',(-0.993690672356702,0.112155462066208,0.));
#10075=DIRECTION('',(0.,0.,-1.));
#10076=DIRECTION('',(-1.,0.,0.));
#10077=DIRECTION('',(0.,0.,-1.));
#10078=DIRECTION('',(0.,0.,-1.));
#10079=DIRECTION('',(-1.,0.,0.));
#10080=DIRECTION('',(0.,0.,-1.));
#10081=DIRECTION('',(-0.873621563558666,0.486605963470765,0.));
#10082=DIRECTION('',(0.,0.,-1.));
#10083=DIRECTION('',(-1.,0.,0.));
#10084=DIRECTION('',(0.,0.,-1.));
#10085=DIRECTION('',(0.,0.,-1.));
#10086=DIRECTION('',(-1.,0.,0.));
#10087=DIRECTION('',(0.,0.,-1.));
#10088=DIRECTION('',(-0.339183078279249,0.940720383221823,0.));
#10089=DIRECTION('',(0.,0.,-1.));
#10090=DIRECTION('',(-1.,0.,0.));
#10091=DIRECTION('',(0.,0.,-1.));
#10092=DIRECTION('',(0.,0.,-1.));
#10093=DIRECTION('',(-1.,0.,0.));
#10094=DIRECTION('',(0.,0.,-1.));
#10095=DIRECTION('',(0.340362441917499,0.940294319950917,0.));
#10096=DIRECTION('',(0.,0.,-1.));
#10097=DIRECTION('',(-1.,0.,0.));
#10098=DIRECTION('',(0.,0.,-1.));
#10099=DIRECTION('',(0.,0.,-1.));
#10100=DIRECTION('',(-1.,0.,0.));
#10101=DIRECTION('',(0.,0.,-1.));
#10102=DIRECTION('',(0.880741887164026,0.473596588031153,0.));
#10103=DIRECTION('',(0.,0.,-1.));
#10104=DIRECTION('',(-1.,0.,0.));
#10105=DIRECTION('',(0.,0.,-1.));
#10106=DIRECTION('',(0.,0.,-1.));
#10107=DIRECTION('',(-1.,0.,0.));
#10108=DIRECTION('',(0.,0.,-1.));
#10109=DIRECTION('',(0.995067176098895,0.0992034024142908,0.));
#10110=DIRECTION('',(0.,0.,-1.));
#10111=DIRECTION('',(-1.,0.,0.));
#10112=DIRECTION('',(0.,0.,-1.));
#10113=DIRECTION('',(0.,0.,-1.));
#10114=DIRECTION('',(-1.,0.,0.));
#10115=DIRECTION('',(-1.,0.,0.));
#10116=DIRECTION('',(0.,0.,1.));
#10117=DIRECTION('',(0.,1.,0.));
#10118=DIRECTION('',(0.,0.,-1.));
#10119=DIRECTION('',(0.,1.,0.));
#10120=DIRECTION('',(0.,0.,-1.));
#10121=DIRECTION('',(0.995067176098844,-0.0992034024147982,0.));
#10122=DIRECTION('',(0.,0.,-1.));
#10123=DIRECTION('',(-1.,0.,0.));
#10124=DIRECTION('',(0.,0.,-1.));
#10125=DIRECTION('',(0.,0.,-1.));
#10126=DIRECTION('',(-1.,0.,0.));
#10127=DIRECTION('',(0.,0.,-1.));
#10128=DIRECTION('',(-0.19959578138216,-0.979878321045243,0.));
#10129=DIRECTION('',(0.,0.,-1.));
#10130=DIRECTION('',(0.,0.,-1.));
#10131=DIRECTION('',(-1.,0.,0.));
#10132=DIRECTION('',(0.,0.,-1.));
#10133=DIRECTION('',(0.,0.,-1.));
#10134=DIRECTION('',(0.199415462578891,-0.979915033706723,0.));
#10135=DIRECTION('',(0.,0.,-1.));
#10136=DIRECTION('',(0.,0.,-1.));
#10137=DIRECTION('',(-1.,0.,0.));
#10138=DIRECTION('',(0.,0.,-1.));
#10139=DIRECTION('',(0.666995362055842,-0.745061867898228,0.));
#10140=DIRECTION('',(0.,0.,-1.));
#10141=DIRECTION('',(0.,0.,-1.));
#10142=DIRECTION('',(-1.,0.,0.));
#10143=DIRECTION('',(0.,0.,-1.));
#10144=DIRECTION('',(1.,0.,0.));
#10145=DIRECTION('',(0.,0.,-1.));
#10146=DIRECTION('',(0.,0.,-1.));
#10147=DIRECTION('',(0.,-1.,0.));
#10148=DIRECTION('',(0.,0.,-1.));
#10149=DIRECTION('',(0.,0.,-1.));
#10150=DIRECTION('',(0.666995362055965,0.745061867898118,0.));
#10151=DIRECTION('',(0.,0.,-1.));
#10152=DIRECTION('',(0.,0.,-1.));
#10153=DIRECTION('',(-1.,0.,0.));
#10154=DIRECTION('',(0.,0.,-1.));
#10155=DIRECTION('',(0.199415462574494,0.979915033707617,0.));
#10156=DIRECTION('',(0.,0.,-1.));
#10157=DIRECTION('',(0.,0.,-1.));
#10158=DIRECTION('',(-1.,0.,0.));
#10159=DIRECTION('',(0.,0.,-1.));
#10160=DIRECTION('',(-0.199595781383011,0.97987832104507,0.));
#10161=DIRECTION('',(0.,0.,-1.));
#10162=DIRECTION('',(0.,0.,-1.));
#10163=DIRECTION('',(-1.,0.,0.));
#10164=DIRECTION('',(0.,0.,-1.));
#10165=DIRECTION('',(-0.670129806550808,0.742243923769119,0.));
#10166=DIRECTION('',(0.,0.,-1.));
#10167=DIRECTION('',(0.,0.,-1.));
#10168=DIRECTION('',(-1.,0.,0.));
#10169=DIRECTION('',(0.,0.,-1.));
#10170=DIRECTION('',(-1.,0.,0.));
#10171=DIRECTION('',(0.,0.,1.));
#10172=DIRECTION('',(0.,0.,-1.));
#10173=DIRECTION('',(0.,1.,0.));
#10174=DIRECTION('',(0.,0.,-1.));
#10175=DIRECTION('',(0.,0.,-1.));
#10176=DIRECTION('',(-0.670129806550846,-0.742243923769084,0.));
#10177=DIRECTION('',(0.,0.,-1.));
#10178=DIRECTION('',(-1.,0.,0.));
#10179=DIRECTION('',(0.,0.,-1.));
#10180=DIRECTION('',(0.880741887184182,-0.47359658799367,0.));
#10181=DIRECTION('',(0.,0.,-1.));
#10182=DIRECTION('',(-1.,0.,0.));
#10183=DIRECTION('',(0.,0.,-1.));
#10184=DIRECTION('',(-1.,0.,0.));
#10185=DIRECTION('',(0.,0.,1.));
#10186=DIRECTION('',(1.,0.,0.));
#10187=DIRECTION('',(0.,0.,1.));
#10188=DIRECTION('',(1.,0.,0.));
#10189=DIRECTION('',(-1.,0.,0.));
#10190=DIRECTION('',(0.,0.,1.));
#10191=DIRECTION('',(0.,0.,-1.));
#10192=DIRECTION('',(0.,1.,0.));
#10193=DIRECTION('',(0.,0.,-1.));
#10194=DIRECTION('',(0.,-1.,0.));
#10195=DIRECTION('',(0.,0.,-1.));
#10196=DIRECTION('',(0.,0.,-1.));
#10197=DIRECTION('',(-1.,0.,0.));
#10198=DIRECTION('',(1.,0.,0.));
#10199=DIRECTION('',(0.,0.,-1.));
#10200=DIRECTION('',(0.,0.,-1.));
#10201=DIRECTION('',(0.,-1.,0.));
#10202=DIRECTION('',(0.,0.,-1.));
#10203=DIRECTION('',(-0.475737413154258,0.879587354232253,0.));
#10204=DIRECTION('',(0.,0.,-1.));
#10205=DIRECTION('',(0.,0.,-1.));
#10206=DIRECTION('',(-1.,0.,0.));
#10207=DIRECTION('',(0.,0.,-1.));
#10208=DIRECTION('',(-0.202568311841387,0.979268134393094,0.));
#10209=DIRECTION('',(0.,0.,-1.));
#10210=DIRECTION('',(0.,0.,-1.));
#10211=DIRECTION('',(-1.,0.,0.));
#10212=DIRECTION('',(0.,0.,-1.));
#10213=DIRECTION('',(0.392153403476216,0.919899835928901,0.));
#10214=DIRECTION('',(0.,0.,-1.));
#10215=DIRECTION('',(0.,0.,-1.));
#10216=DIRECTION('',(-1.,0.,0.));
#10217=DIRECTION('',(0.,0.,-1.));
#10218=DIRECTION('',(-1.,0.,0.));
#10219=DIRECTION('',(0.,0.,1.));
#10220=DIRECTION('',(0.,0.,-1.));
#10221=DIRECTION('',(0.,1.,0.));
#10222=DIRECTION('',(0.,-1.,0.));
#10223=DIRECTION('',(0.,0.,-1.));
#10224=DIRECTION('',(0.,0.,-1.));
#10225=DIRECTION('',(-1.,0.,0.));
#10226=DIRECTION('',(1.,0.,0.));
#10227=DIRECTION('',(0.,0.,-1.));
#10228=DIRECTION('',(0.,0.,-1.));
#10229=DIRECTION('',(0.,-1.,0.));
#10230=DIRECTION('',(0.,0.,-1.));
#10231=DIRECTION('',(-0.470208298274151,0.882555469210931,0.));
#10232=DIRECTION('',(0.,0.,-1.));
#10233=DIRECTION('',(0.,0.,-1.));
#10234=DIRECTION('',(-1.,0.,0.));
#10235=DIRECTION('',(0.,0.,-1.));
#10236=DIRECTION('',(-0.203885437688587,0.978994753968852,0.));
#10237=DIRECTION('',(0.,0.,-1.));
#10238=DIRECTION('',(0.,0.,-1.));
#10239=DIRECTION('',(-1.,0.,0.));
#10240=DIRECTION('',(0.,0.,-1.));
#10241=DIRECTION('',(0.401849585011492,0.915705690178941,0.));
#10242=DIRECTION('',(0.,0.,-1.));
#10243=DIRECTION('',(0.,0.,-1.));
#10244=DIRECTION('',(-1.,0.,0.));
#10245=DIRECTION('',(0.,0.,-1.));
#10246=DIRECTION('',(-1.,0.,0.));
#10247=DIRECTION('',(0.,0.,1.));
#10248=DIRECTION('',(0.,0.,-1.));
#10249=DIRECTION('',(0.,1.,0.));
#10250=DIRECTION('',(0.,-1.,0.));
#10251=DIRECTION('',(0.,0.,-1.));
#10252=DIRECTION('',(0.,0.,-1.));
#10253=DIRECTION('',(-1.,0.,0.));
#10254=DIRECTION('',(1.,0.,0.));
#10255=DIRECTION('',(0.,0.,-1.));
#10256=DIRECTION('',(0.,0.,-1.));
#10257=DIRECTION('',(0.,-1.,0.));
#10258=DIRECTION('',(0.,0.,-1.));
#10259=DIRECTION('',(0.981627276070132,0.19080851887464,0.));
#10260=DIRECTION('',(0.,0.,-1.));
#10261=DIRECTION('',(0.,0.,-1.));
#10262=DIRECTION('',(-1.,0.,0.));
#10263=DIRECTION('',(0.,0.,-1.));
#10264=DIRECTION('',(0.772075510337862,0.635530806756471,0.));
#10265=DIRECTION('',(0.,0.,-1.));
#10266=DIRECTION('',(0.,0.,-1.));
#10267=DIRECTION('',(-1.,0.,0.));
#10268=DIRECTION('',(0.,0.,-1.));
#10269=DIRECTION('',(0.276906470855641,0.960896876047723,0.));
#10270=DIRECTION('',(0.,0.,-1.));
#10271=DIRECTION('',(0.,0.,-1.));
#10272=DIRECTION('',(-1.,0.,0.));
#10273=DIRECTION('',(0.,0.,-1.));
#10274=DIRECTION('',(-0.199286960641708,0.979941175437684,0.));
#10275=DIRECTION('',(0.,0.,-1.));
#10276=DIRECTION('',(0.,0.,-1.));
#10277=DIRECTION('',(-1.,0.,0.));
#10278=DIRECTION('',(0.,0.,-1.));
#10279=DIRECTION('',(-0.59274793792019,0.80538803200157,0.));
#10280=DIRECTION('',(0.,0.,-1.));
#10281=DIRECTION('',(0.,0.,-1.));
#10282=DIRECTION('',(-1.,0.,0.));
#10283=DIRECTION('',(0.,0.,-1.));
#10284=DIRECTION('',(0.795783719746262,0.605580937106512,0.));
#10285=DIRECTION('',(0.,0.,-1.));
#10286=DIRECTION('',(0.,0.,-1.));
#10287=DIRECTION('',(-1.,0.,0.));
#10288=DIRECTION('',(0.,0.,-1.));
#10289=DIRECTION('',(0.284068911348239,0.958803866077639,0.));
#10290=DIRECTION('',(0.,0.,-1.));
#10291=DIRECTION('',(0.,0.,-1.));
#10292=DIRECTION('',(-1.,0.,0.));
#10293=DIRECTION('',(0.,0.,-1.));
#10294=DIRECTION('',(-0.181235006419856,0.983439816383288,0.));
#10295=DIRECTION('',(0.,0.,-1.));
#10296=DIRECTION('',(0.,0.,-1.));
#10297=DIRECTION('',(-1.,0.,0.));
#10298=DIRECTION('',(0.,0.,-1.));
#10299=DIRECTION('',(-0.545867282246334,0.837871654952595,0.));
#10300=DIRECTION('',(0.,0.,-1.));
#10301=DIRECTION('',(0.,0.,-1.));
#10302=DIRECTION('',(-1.,0.,0.));
#10303=DIRECTION('',(1.,0.,0.));
#10304=DIRECTION('',(0.,0.,-1.));
#10305=DIRECTION('',(0.,0.,-1.));
#10306=DIRECTION('',(0.,-1.,0.));
#10307=DIRECTION('',(0.,1.,0.));
#10308=DIRECTION('',(0.,0.,1.));
#10309=DIRECTION('',(1.,0.,0.));
#10310=DIRECTION('',(0.,0.,1.));
#10311=DIRECTION('',(1.,0.,0.));
#10312=DIRECTION('',(0.,0.,-1.));
#10313=DIRECTION('',(0.,0.,-1.));
#10314=DIRECTION('',(0.,0.,-1.));
#10315=DIRECTION('',(0.241281743729429,-0.970455109803069,0.));
#10316=DIRECTION('',(0.,0.,-1.));
#10317=DIRECTION('',(0.,0.,-1.));
#10318=DIRECTION('',(-1.,0.,0.));
#10319=DIRECTION('',(0.,0.,-1.));
#10320=DIRECTION('',(0.707988869293424,-0.706223591333948,0.));
#10321=DIRECTION('',(0.,0.,-1.));
#10322=DIRECTION('',(0.,0.,-1.));
#10323=DIRECTION('',(-1.,0.,0.));
#10324=DIRECTION('',(0.,0.,-1.));
#10325=DIRECTION('',(0.969083805121535,-0.246731794974151,0.));
#10326=DIRECTION('',(0.,0.,-1.));
#10327=DIRECTION('',(0.,0.,-1.));
#10328=DIRECTION('',(-1.,0.,0.));
#10329=DIRECTION('',(0.,0.,-1.));
#10330=DIRECTION('',(0.,0.,-1.));
#10331=DIRECTION('',(0.751830259458718,0.659356702371514,0.));
#10332=DIRECTION('',(0.,0.,-1.));
#10333=DIRECTION('',(0.,0.,-1.));
#10334=DIRECTION('',(-1.,0.,0.));
#10335=DIRECTION('',(0.661969088557309,0.749531137308255,0.));
#10336=DIRECTION('',(-0.749531137308255,0.661969088557309,0.));
#10337=DIRECTION('',(0.,0.,-1.));
#10338=DIRECTION('',(0.749531137308255,-0.661969088557309,0.));
#10339=DIRECTION('',(0.,0.,-1.));
#10340=DIRECTION('',(-0.727479236302136,-0.686129696740537,0.));
#10341=DIRECTION('',(0.,0.,-1.));
#10342=DIRECTION('',(0.,0.,-1.));
#10343=DIRECTION('',(-1.,0.,0.));
#10344=DIRECTION('',(0.,0.,-1.));
#10345=DIRECTION('',(-0.955688059143093,-0.294381272521381,0.));
#10346=DIRECTION('',(0.,0.,-1.));
#10347=DIRECTION('',(0.,0.,-1.));
#10348=DIRECTION('',(-1.,0.,0.));
#10349=DIRECTION('',(0.,0.,-1.));
#10350=DIRECTION('',(-0.965635736609714,0.259899257756182,0.));
#10351=DIRECTION('',(0.,0.,-1.));
#10352=DIRECTION('',(0.,0.,-1.));
#10353=DIRECTION('',(-1.,0.,0.));
#10354=DIRECTION('',(0.,0.,-1.));
#10355=DIRECTION('',(-0.502684974200082,0.864469673680612,0.));
#10356=DIRECTION('',(0.,0.,-1.));
#10357=DIRECTION('',(0.,0.,-1.));
#10358=DIRECTION('',(-1.,0.,0.));
#10359=DIRECTION('',(0.,0.,-1.));
#10360=DIRECTION('',(0.413035250782844,0.910715038643128,0.));
#10361=DIRECTION('',(0.,0.,-1.));
#10362=DIRECTION('',(0.,0.,-1.));
#10363=DIRECTION('',(-1.,0.,0.));
#10364=DIRECTION('',(0.,0.,-1.));
#10365=DIRECTION('',(0.937510422866035,0.347957191357714,0.));
#10366=DIRECTION('',(0.,0.,-1.));
#10367=DIRECTION('',(0.,0.,-1.));
#10368=DIRECTION('',(-1.,0.,0.));
#10369=DIRECTION('',(0.,0.,-1.));
#10370=DIRECTION('',(0.997203013344173,0.0747405524283856,0.));
#10371=DIRECTION('',(0.,0.,-1.));
#10372=DIRECTION('',(0.,0.,-1.));
#10373=DIRECTION('',(-1.,0.,0.));
#10374=DIRECTION('',(0.121926132424844,-0.992539177177365,0.));
#10375=DIRECTION('',(0.992539177177364,0.121926132424844,0.));
#10376=DIRECTION('',(0.,0.,-1.));
#10377=DIRECTION('',(-0.992539177177364,-0.121926132424844,0.));
#10378=DIRECTION('',(0.,0.,-1.));
#10379=DIRECTION('',(0.993978289896368,0.109577183823509,0.));
#10380=DIRECTION('',(0.,0.,-1.));
#10381=DIRECTION('',(0.,0.,-1.));
#10382=DIRECTION('',(-1.,0.,0.));
#10383=DIRECTION('',(0.,0.,-1.));
#10384=DIRECTION('',(0.937180041829181,0.348846053721486,0.));
#10385=DIRECTION('',(0.,0.,-1.));
#10386=DIRECTION('',(0.,0.,-1.));
#10387=DIRECTION('',(-1.,0.,0.));
#10388=DIRECTION('',(0.,0.,-1.));
#10389=DIRECTION('',(0.695296903056363,0.718722628418106,0.));
#10390=DIRECTION('',(0.,0.,-1.));
#10391=DIRECTION('',(0.,0.,-1.));
#10392=DIRECTION('',(-1.,0.,0.));
#10393=DIRECTION('',(0.,0.,-1.));
#10394=DIRECTION('',(0.,0.,-1.));
#10395=DIRECTION('',(0.,0.,-1.));
#10396=DIRECTION('',(0.,0.,-1.));
#10397=DIRECTION('',(0.,0.,-1.));
#10398=DIRECTION('',(-0.752547928352561,-0.658537482253113,0.));
#10399=DIRECTION('',(0.,0.,-1.));
#10400=DIRECTION('',(0.,0.,-1.));
#10401=DIRECTION('',(-1.,0.,0.));
#10402=DIRECTION('',(-0.65659543177315,-0.754242957524053,0.));
#10403=DIRECTION('',(0.754242957524053,-0.65659543177315,0.));
#10404=DIRECTION('',(0.,0.,-1.));
#10405=DIRECTION('',(-0.754242957524053,0.65659543177315,0.));
#10406=DIRECTION('',(0.,0.,-1.));
#10407=DIRECTION('',(0.734465625741761,0.678645890434595,0.));
#10408=DIRECTION('',(0.,0.,-1.));
#10409=DIRECTION('',(0.,0.,-1.));
#10410=DIRECTION('',(-1.,0.,0.));
#10411=DIRECTION('',(0.,0.,-1.));
#10412=DIRECTION('',(0.959388819852991,0.282087029728568,0.));
#10413=DIRECTION('',(0.,0.,-1.));
#10414=DIRECTION('',(0.,0.,-1.));
#10415=DIRECTION('',(-1.,0.,0.));
#10416=DIRECTION('',(0.,0.,-1.));
#10417=DIRECTION('',(0.978328483021989,-0.20705887884342,0.));
#10418=DIRECTION('',(0.,0.,-1.));
#10419=DIRECTION('',(0.,0.,-1.));
#10420=DIRECTION('',(-1.,0.,0.));
#10421=DIRECTION('',(0.,0.,-1.));
#10422=DIRECTION('',(0.,0.,-1.));
#10423=DIRECTION('',(-0.353013139992273,-0.935618363967273,0.));
#10424=DIRECTION('',(0.,0.,-1.));
#10425=DIRECTION('',(0.,0.,-1.));
#10426=DIRECTION('',(-1.,0.,0.));
#10427=DIRECTION('',(0.,0.,-1.));
#10428=DIRECTION('',(0.,0.,-1.));
#10429=DIRECTION('',(-0.992737355660124,-0.1203018814356,0.));
#10430=DIRECTION('',(0.,0.,-1.));
#10431=DIRECTION('',(0.,0.,-1.));
#10432=DIRECTION('',(-1.,0.,0.));
#10433=DIRECTION('',(-0.148488636122062,0.988914114037518,0.));
#10434=DIRECTION('',(-0.988914114037518,-0.148488636122062,0.));
#10435=DIRECTION('',(0.,0.,-1.));
#10436=DIRECTION('',(0.988914114037518,0.148488636122062,0.));
#10437=DIRECTION('',(0.,0.,-1.));
#10438=DIRECTION('',(0.,0.,-1.));
#10439=DIRECTION('',(-0.732014652751083,-0.681288887446223,0.));
#10440=DIRECTION('',(0.,0.,-1.));
#10441=DIRECTION('',(-1.,0.,0.));
#10442=DIRECTION('',(0.,0.,1.));
#10443=DIRECTION('',(1.,0.,0.));
#10444=DIRECTION('',(1.56788508962766E-16,-1.,0.));
#10445=DIRECTION('',(1.,1.56788508962766E-16,0.));
#10446=DIRECTION('',(0.,0.,1.));
#10447=DIRECTION('',(1.,1.56788508962766E-16,0.));
#10448=DIRECTION('',(0.,0.,1.));
#10449=DIRECTION('',(-1.,0.,0.));
#10450=DIRECTION('',(0.,0.,1.));
#10451=DIRECTION('',(0.,0.,1.));
#10452=DIRECTION('',(0.,-1.,0.));
#10453=DIRECTION('',(0.,-1.,0.));
#10454=DIRECTION('',(0.,0.,-1.));
#10455=DIRECTION('',(0.,0.,1.));
#10456=DIRECTION('',(1.,0.,0.));
#10457=DIRECTION('',(-1.,0.,0.));
#10458=DIRECTION('',(0.,0.,1.));
#10459=DIRECTION('',(0.,-1.,0.));
#10460=DIRECTION('',(0.,0.,1.));
#10461=DIRECTION('',(1.,0.,0.));
#10462=DIRECTION('',(0.,-1.,0.));
#10463=DIRECTION('',(0.,0.,-1.));
#10464=DIRECTION('',(0.,-1.,0.));
#10465=DIRECTION('',(0.,0.,-1.));
#10466=DIRECTION('',(0.,0.,1.));
#10467=DIRECTION('',(-1.,0.,0.));
#10468=DIRECTION('',(0.,0.,1.));
#10469=DIRECTION('',(0.,0.,1.));
#10470=DIRECTION('',(0.,-1.,0.));
#10471=DIRECTION('',(0.,0.,-1.));
#10472=DIRECTION('',(0.,-1.,0.));
#10473=DIRECTION('',(0.,0.,-1.));
#10474=DIRECTION('',(0.,-1.,0.));
#10475=DIRECTION('',(0.,0.,-1.));
#10476=DIRECTION('',(0.707106781186548,-0.707106781186548,0.));
#10477=DIRECTION('',(-0.707106781186548,-0.707106781186548,0.));
#10478=DIRECTION('',(1.,0.,0.));
#10479=DIRECTION('',(0.,0.,-1.));
#10480=DIRECTION('',(0.707106781186548,0.707106781186548,0.));
#10481=DIRECTION('',(0.707106781186548,-0.707106781186548,0.));
#10482=DIRECTION('',(0.,-1.,0.));
#10483=DIRECTION('',(0.,0.,-1.));
#10484=DIRECTION('',(-0.707106781186548,-0.707106781186548,0.));
#10485=DIRECTION('',(0.707106781186548,-0.707106781186548,0.));
#10486=DIRECTION('',(0.,1.,0.));
#10487=DIRECTION('',(0.,0.,1.));
#10488=DIRECTION('',(-0.707106781186548,0.707106781186548,0.));
#10489=DIRECTION('',(0.707106781186548,0.707106781186548,0.));
#10490=DIRECTION('',(-1.,0.,0.));
#10491=DIRECTION('',(0.,0.,1.));
#10492=DIRECTION('',(0.,1.,0.));
#10493=DIRECTION('',(0.,0.,1.));
#10494=DIRECTION('',(1.,0.,0.));
#10495=DIRECTION('',(0.,0.,-1.));
#10496=DIRECTION('',(1.,0.,0.));
#10497=DIRECTION('',(0.,0.,-1.));
#10498=DIRECTION('',(0.,0.,-1.));
#10499=DIRECTION('',(-0.382004760382311,-0.924160355698757,0.));
#10500=DIRECTION('',(0.,0.,-1.));
#10501=DIRECTION('',(-1.,0.,0.));
#10502=DIRECTION('',(0.,0.,-1.));
#10503=DIRECTION('',(0.,0.,-1.));
#10504=DIRECTION('',(-1.,0.,0.));
#10505=DIRECTION('',(0.,0.,-1.));
#10506=DIRECTION('',(-0.924160355699071,-0.382004760381552,0.));
#10507=DIRECTION('',(0.,0.,-1.));
#10508=DIRECTION('',(-1.,0.,0.));
#10509=DIRECTION('',(0.,0.,-1.));
#10510=DIRECTION('',(0.,0.,-1.));
#10511=DIRECTION('',(-1.,0.,0.));
#10512=DIRECTION('',(1.,0.,0.));
#10513=DIRECTION('',(0.,0.,-1.));
#10514=DIRECTION('',(0.,-1.,0.));
#10515=DIRECTION('',(0.,0.,-1.));
#10516=DIRECTION('',(0.,-1.,0.));
#10517=DIRECTION('',(0.,0.,-1.));
#10518=DIRECTION('',(-0.924160355698864,0.382004760382052,0.));
#10519=DIRECTION('',(0.,0.,-1.));
#10520=DIRECTION('',(-1.,0.,0.));
#10521=DIRECTION('',(0.,0.,-1.));
#10522=DIRECTION('',(0.,0.,-1.));
#10523=DIRECTION('',(-1.,0.,0.));
#10524=DIRECTION('',(0.,0.,-1.));
#10525=DIRECTION('',(-0.382004760381745,0.924160355698991,0.));
#10526=DIRECTION('',(0.,0.,-1.));
#10527=DIRECTION('',(-1.,0.,0.));
#10528=DIRECTION('',(0.,0.,-1.));
#10529=DIRECTION('',(0.,0.,-1.));
#10530=DIRECTION('',(-1.,0.,0.));
#10531=DIRECTION('',(0.,-1.,0.));
#10532=DIRECTION('',(0.,0.,-1.));
#10533=DIRECTION('',(-1.,0.,0.));
#10534=DIRECTION('',(0.,0.,-1.));
#10535=DIRECTION('',(-1.,0.,0.));
#10536=DIRECTION('',(0.,0.,-1.));
#10537=DIRECTION('',(0.410349964701846,0.911928125714518,0.));
#10538=DIRECTION('',(0.,0.,-1.));
#10539=DIRECTION('',(-1.,0.,0.));
#10540=DIRECTION('',(0.,0.,-1.));
#10541=DIRECTION('',(0.,0.,-1.));
#10542=DIRECTION('',(-1.,0.,0.));
#10543=DIRECTION('',(0.,0.,-1.));
#10544=DIRECTION('',(0.942438089257731,0.33438069309731,0.));
#10545=DIRECTION('',(0.,0.,-1.));
#10546=DIRECTION('',(-1.,0.,0.));
#10547=DIRECTION('',(0.,0.,-1.));
#10548=DIRECTION('',(0.,0.,-1.));
#10549=DIRECTION('',(-1.,0.,0.));
#10550=DIRECTION('',(-1.,0.,0.));
#10551=DIRECTION('',(0.,0.,1.));
#10552=DIRECTION('',(0.,1.,0.));
#10553=DIRECTION('',(0.,0.,-1.));
#10554=DIRECTION('',(0.,1.,0.));
#10555=DIRECTION('',(0.,0.,-1.));
#10556=DIRECTION('',(0.942438089257883,-0.334380693096881,0.));
#10557=DIRECTION('',(0.,0.,-1.));
#10558=DIRECTION('',(-1.,0.,0.));
#10559=DIRECTION('',(0.,0.,-1.));
#10560=DIRECTION('',(0.,0.,-1.));
#10561=DIRECTION('',(-1.,0.,0.));
#10562=DIRECTION('',(0.,1.,0.));
#10563=DIRECTION('',(0.,0.,1.));
#10564=DIRECTION('',(1.,0.,0.));
#10565=DIRECTION('',(0.,0.,-1.));
#10566=DIRECTION('',(1.,0.,0.));
#10567=DIRECTION('',(0.,0.,-1.));
#10568=DIRECTION('',(0.,0.,-1.));
#10569=DIRECTION('',(-0.382004760382096,-0.924160355698846,0.));
#10570=DIRECTION('',(0.,0.,-1.));
#10571=DIRECTION('',(-1.,0.,0.));
#10572=DIRECTION('',(0.,0.,-1.));
#10573=DIRECTION('',(0.,0.,-1.));
#10574=DIRECTION('',(-1.,0.,0.));
#10575=DIRECTION('',(0.,0.,-1.));
#10576=DIRECTION('',(-0.924160355698905,-0.382004760381954,0.));
#10577=DIRECTION('',(0.,0.,-1.));
#10578=DIRECTION('',(-1.,0.,0.));
#10579=DIRECTION('',(0.,0.,-1.));
#10580=DIRECTION('',(0.,0.,-1.));
#10581=DIRECTION('',(-1.,0.,0.));
#10582=DIRECTION('',(1.,0.,0.));
#10583=DIRECTION('',(0.,0.,-1.));
#10584=DIRECTION('',(0.,-1.,0.));
#10585=DIRECTION('',(0.,0.,-1.));
#10586=DIRECTION('',(0.,-1.,0.));
#10587=DIRECTION('',(0.,0.,-1.));
#10588=DIRECTION('',(-0.924160355698994,0.382004760381737,0.));
#10589=DIRECTION('',(0.,0.,-1.));
#10590=DIRECTION('',(-1.,0.,0.));
#10591=DIRECTION('',(0.,0.,-1.));
#10592=DIRECTION('',(0.,0.,-1.));
#10593=DIRECTION('',(-1.,0.,0.));
#10594=DIRECTION('',(0.,0.,-1.));
#10595=DIRECTION('',(-0.382004760382254,0.92416035569878,0.));
#10596=DIRECTION('',(0.,0.,-1.));
#10597=DIRECTION('',(-1.,0.,0.));
#10598=DIRECTION('',(0.,0.,-1.));
#10599=DIRECTION('',(0.,0.,-1.));
#10600=DIRECTION('',(-1.,0.,0.));
#10601=DIRECTION('',(0.,-1.,0.));
#10602=DIRECTION('',(0.,0.,-1.));
#10603=DIRECTION('',(-1.,0.,0.));
#10604=DIRECTION('',(0.,0.,-1.));
#10605=DIRECTION('',(-1.,0.,0.));
#10606=DIRECTION('',(0.,0.,-1.));
#10607=DIRECTION('',(0.360489717504258,0.932763187295522,0.));
#10608=DIRECTION('',(0.,0.,-1.));
#10609=DIRECTION('',(-1.,0.,0.));
#10610=DIRECTION('',(0.,0.,-1.));
#10611=DIRECTION('',(0.,0.,-1.));
#10612=DIRECTION('',(-1.,0.,0.));
#10613=DIRECTION('',(0.,0.,-1.));
#10614=DIRECTION('',(0.907948943519104,0.419080798847363,0.));
#10615=DIRECTION('',(0.,0.,-1.));
#10616=DIRECTION('',(-1.,0.,0.));
#10617=DIRECTION('',(0.,0.,-1.));
#10618=DIRECTION('',(0.,0.,-1.));
#10619=DIRECTION('',(-1.,0.,0.));
#10620=DIRECTION('',(-1.,0.,0.));
#10621=DIRECTION('',(0.,0.,1.));
#10622=DIRECTION('',(0.,1.,0.));
#10623=DIRECTION('',(0.,0.,-1.));
#10624=DIRECTION('',(0.,1.,0.));
#10625=DIRECTION('',(0.,0.,-1.));
#10626=DIRECTION('',(0.907948943515357,-0.41908079885548,0.));
#10627=DIRECTION('',(0.,0.,-1.));
#10628=DIRECTION('',(-1.,0.,0.));
#10629=DIRECTION('',(0.,0.,-1.));
#10630=DIRECTION('',(0.,0.,-1.));
#10631=DIRECTION('',(-1.,0.,0.));
#10632=DIRECTION('',(-1.,0.,0.));
#10633=DIRECTION('',(0.,0.,1.));
#10634=DIRECTION('',(0.,0.,-1.));
#10635=DIRECTION('',(0.,1.,0.));
#10636=DIRECTION('',(0.,0.,-1.));
#10637=DIRECTION('',(0.,-1.,0.));
#10638=DIRECTION('',(0.,0.,-1.));
#10639=DIRECTION('',(0.,0.,-1.));
#10640=DIRECTION('',(-1.,0.,0.));
#10641=DIRECTION('',(0.,0.,-1.));
#10642=DIRECTION('',(0.263009301221428,-0.964793297795448,0.));
#10643=DIRECTION('',(0.,0.,-1.));
#10644=DIRECTION('',(0.,0.,-1.));
#10645=DIRECTION('',(-1.,0.,0.));
#10646=DIRECTION('',(0.,0.,-1.));
#10647=DIRECTION('',(0.703587080719379,-0.71060904852442,0.));
#10648=DIRECTION('',(0.,0.,-1.));
#10649=DIRECTION('',(0.,0.,-1.));
#10650=DIRECTION('',(-1.,0.,0.));
#10651=DIRECTION('',(0.,0.,-1.));
#10652=DIRECTION('',(0.964033151014225,-0.265782022991745,0.));
#10653=DIRECTION('',(0.,0.,-1.));
#10654=DIRECTION('',(0.,0.,-1.));
#10655=DIRECTION('',(-1.,0.,0.));
#10656=DIRECTION('',(1.,0.,0.));
#10657=DIRECTION('',(0.,0.,-1.));
#10658=DIRECTION('',(0.,0.,-1.));
#10659=DIRECTION('',(0.,-1.,0.));
#10660=DIRECTION('',(0.,0.,-1.));
#10661=DIRECTION('',(0.979045682794755,0.20364074003242,0.));
#10662=DIRECTION('',(0.,0.,-1.));
#10663=DIRECTION('',(0.,0.,-1.));
#10664=DIRECTION('',(-1.,0.,0.));
#10665=DIRECTION('',(0.,0.,-1.));
#10666=DIRECTION('',(0.867459473745012,0.497507850601401,0.));
#10667=DIRECTION('',(0.,0.,-1.));
#10668=DIRECTION('',(0.,0.,-1.));
#10669=DIRECTION('',(-1.,0.,0.));
#10670=DIRECTION('',(0.,0.,-1.));
#10671=DIRECTION('',(0.956106632115521,-0.293018955060447,0.));
#10672=DIRECTION('',(0.,0.,-1.));
#10673=DIRECTION('',(0.,0.,-1.));
#10674=DIRECTION('',(-1.,0.,0.));
#10675=DIRECTION('',(0.,0.,-1.));
#10676=DIRECTION('',(0.996646447129106,-0.0818282312220532,0.));
#10677=DIRECTION('',(0.,0.,-1.));
#10678=DIRECTION('',(0.,0.,-1.));
#10679=DIRECTION('',(-1.,0.,0.));
#10680=DIRECTION('',(1.,0.,0.));
#10681=DIRECTION('',(0.,0.,-1.));
#10682=DIRECTION('',(0.,0.,-1.));
#10683=DIRECTION('',(0.,-1.,0.));
#10684=DIRECTION('',(0.,0.,-1.));
#10685=DIRECTION('',(0.964297839891144,0.264820082284697,0.));
#10686=DIRECTION('',(0.,0.,-1.));
#10687=DIRECTION('',(0.,0.,-1.));
#10688=DIRECTION('',(-1.,0.,0.));
#10689=DIRECTION('',(0.,0.,-1.));
#10690=DIRECTION('',(0.707106781186542,0.707106781186553,0.));
#10691=DIRECTION('',(0.,0.,-1.));
#10692=DIRECTION('',(0.,0.,-1.));
#10693=DIRECTION('',(-1.,0.,0.));
#10694=DIRECTION('',(0.,0.,-1.));
#10695=DIRECTION('',(0.264820082284648,0.964297839891157,0.));
#10696=DIRECTION('',(0.,0.,-1.));
#10697=DIRECTION('',(0.,0.,-1.));
#10698=DIRECTION('',(-1.,0.,0.));
#10699=DIRECTION('',(0.,0.,-1.));
#10700=DIRECTION('',(0.360489717500769,-0.93276318729687,0.));
#10701=DIRECTION('',(0.,0.,-1.));
#10702=DIRECTION('',(-1.,0.,0.));
#10703=DIRECTION('',(0.,0.,-1.));
#10704=DIRECTION('',(-1.,0.,0.));
#10705=DIRECTION('',(0.,1.,0.));
#10706=DIRECTION('',(0.,0.,1.));
#10707=DIRECTION('',(1.,0.,0.));
#10708=DIRECTION('',(0.,0.,-1.));
#10709=DIRECTION('',(0.410349964701874,-0.911928125714505,0.));
#10710=DIRECTION('',(0.,0.,-1.));
#10711=DIRECTION('',(-1.,0.,0.));
#10712=DIRECTION('',(0.,0.,-1.));
#10713=DIRECTION('',(-1.,0.,0.));
#10714=DIRECTION('',(0.,0.,1.));
#10715=DIRECTION('',(1.,0.,0.));
#10716=DIRECTION('',(0.,0.,1.));
#10717=DIRECTION('',(1.,0.,0.));
#10718=DIRECTION('',(0.,0.,1.));
#10719=DIRECTION('',(1.,0.,0.));
#10720=DIRECTION('',(0.,0.,-1.));
#10721=DIRECTION('',(-0.265178381848098,-0.964199370358861,0.));
#10722=DIRECTION('',(0.,0.,-1.));
#10723=DIRECTION('',(0.,0.,-1.));
#10724=DIRECTION('',(-1.,0.,0.));
#10725=DIRECTION('',(0.,0.,-1.));
#10726=DIRECTION('',(0.,-1.,0.));
#10727=DIRECTION('',(0.,0.,-1.));
#10728=DIRECTION('',(0.,0.,-1.));
#10729=DIRECTION('',(-1.,0.,0.));
#10730=DIRECTION('',(0.,0.,-1.));
#10731=DIRECTION('',(0.265178381847964,-0.964199370358898,0.));
#10732=DIRECTION('',(0.,0.,-1.));
#10733=DIRECTION('',(0.,0.,-1.));
#10734=DIRECTION('',(-1.,0.,0.));
#10735=DIRECTION('',(0.,0.,-1.));
#10736=DIRECTION('',(0.706526558922005,-0.707686527735148,0.));
#10737=DIRECTION('',(0.,0.,-1.));
#10738=DIRECTION('',(0.,0.,-1.));
#10739=DIRECTION('',(-1.,0.,0.));
#10740=DIRECTION('',(0.,0.,-1.));
#10741=DIRECTION('',(0.964033151014127,-0.265782022992101,0.));
#10742=DIRECTION('',(0.,0.,-1.));
#10743=DIRECTION('',(0.,0.,-1.));
#10744=DIRECTION('',(-1.,0.,0.));
#10745=DIRECTION('',(1.,0.,0.));
#10746=DIRECTION('',(0.,0.,-1.));
#10747=DIRECTION('',(0.,0.,-1.));
#10748=DIRECTION('',(0.,-1.,0.));
#10749=DIRECTION('',(0.,1.,0.));
#10750=DIRECTION('',(0.,0.,1.));
#10751=DIRECTION('',(0.,0.,-1.));
#10752=DIRECTION('',(1.,0.,0.));
#10753=DIRECTION('',(-1.,0.,0.));
#10754=DIRECTION('',(0.,0.,1.));
#10755=DIRECTION('',(0.,0.,-1.));
#10756=DIRECTION('',(0.,1.,0.));
#10757=DIRECTION('',(0.,0.,-1.));
#10758=DIRECTION('',(0.907948943519337,-0.419080798846858,0.));
#10759=DIRECTION('',(0.,0.,-1.));
#10760=DIRECTION('',(0.,0.,-1.));
#10761=DIRECTION('',(-1.,0.,0.));
#10762=DIRECTION('',(0.,0.,-1.));
#10763=DIRECTION('',(0.360489717501002,-0.93276318729678,0.));
#10764=DIRECTION('',(0.,0.,-1.));
#10765=DIRECTION('',(0.,0.,-1.));
#10766=DIRECTION('',(-1.,0.,0.));
#10767=DIRECTION('',(0.,1.,0.));
#10768=DIRECTION('',(0.,0.,1.));
#10769=DIRECTION('',(0.,0.,-1.));
#10770=DIRECTION('',(1.,0.,0.));
#10771=DIRECTION('',(0.,0.,-1.));
#10772=DIRECTION('',(-0.382004760381346,-0.924160355699156,0.));
#10773=DIRECTION('',(0.,0.,-1.));
#10774=DIRECTION('',(0.,0.,-1.));
#10775=DIRECTION('',(-1.,0.,0.));
#10776=DIRECTION('',(0.,0.,-1.));
#10777=DIRECTION('',(-0.924160355698928,-0.382004760381897,0.));
#10778=DIRECTION('',(0.,0.,-1.));
#10779=DIRECTION('',(0.,0.,-1.));
#10780=DIRECTION('',(-1.,0.,0.));
#10781=DIRECTION('',(1.,0.,0.));
#10782=DIRECTION('',(0.,0.,-1.));
#10783=DIRECTION('',(0.,0.,-1.));
#10784=DIRECTION('',(0.,-1.,0.));
#10785=DIRECTION('',(0.,1.,0.));
#10786=DIRECTION('',(0.,0.,1.));
#10787=DIRECTION('',(0.,0.,-1.));
#10788=DIRECTION('',(1.,0.,0.));
#10789=DIRECTION('',(-1.,0.,0.));
#10790=DIRECTION('',(0.,0.,1.));
#10791=DIRECTION('',(0.,0.,-1.));
#10792=DIRECTION('',(0.,1.,0.));
#10793=DIRECTION('',(0.,0.,-1.));
#10794=DIRECTION('',(-0.964297839891162,-0.26482008228463,0.));
#10795=DIRECTION('',(0.,0.,-1.));
#10796=DIRECTION('',(0.,0.,-1.));
#10797=DIRECTION('',(-1.,0.,0.));
#10798=DIRECTION('',(0.,0.,-1.));
#10799=DIRECTION('',(-0.707106781186548,-0.707106781186548,0.));
#10800=DIRECTION('',(0.,0.,-1.));
#10801=DIRECTION('',(-1.,0.,0.));
#10802=DIRECTION('',(0.,0.,1.));
#10803=DIRECTION('',(1.,0.,0.));
#10804=DIRECTION('',(-1.,0.,0.));
#10805=DIRECTION('',(0.,0.,1.));
#10806=DIRECTION('',(0.,0.,-1.));
#10807=DIRECTION('',(0.,1.,0.));
#10808=DIRECTION('',(0.,0.,-1.));
#10809=DIRECTION('',(0.,-1.,0.));
#10810=DIRECTION('',(0.,0.,-1.));
#10811=DIRECTION('',(0.,0.,-1.));
#10812=DIRECTION('',(-1.,0.,0.));
#10813=DIRECTION('',(1.,0.,0.));
#10814=DIRECTION('',(0.,0.,-1.));
#10815=DIRECTION('',(0.,0.,-1.));
#10816=DIRECTION('',(0.,-1.,0.));
#10817=DIRECTION('',(0.,1.,0.));
#10818=DIRECTION('',(0.,0.,1.));
#10819=DIRECTION('',(0.,0.,-1.));
#10820=DIRECTION('',(1.,0.,0.));
#10821=DIRECTION('',(1.,0.,0.));
#10822=DIRECTION('',(0.,0.,-1.));
#10823=DIRECTION('',(0.,0.,-1.));
#10824=DIRECTION('',(0.,-1.,0.));
#10825=DIRECTION('',(0.,1.,0.));
#10826=DIRECTION('',(0.,0.,1.));
#10827=DIRECTION('',(1.,0.,0.));
#10828=DIRECTION('',(0.,0.,1.));
#10829=DIRECTION('',(1.,0.,0.));
#10830=DIRECTION('',(0.,0.,-1.));
#10831=DIRECTION('',(-0.265178381847981,-0.964199370358893,0.));
#10832=DIRECTION('',(0.,0.,-1.));
#10833=DIRECTION('',(0.,0.,-1.));
#10834=DIRECTION('',(-1.,0.,0.));
#10835=DIRECTION('',(0.,0.,-1.));
#10836=DIRECTION('',(0.,-1.,0.));
#10837=DIRECTION('',(0.,0.,-1.));
#10838=DIRECTION('',(0.,0.,-1.));
#10839=DIRECTION('',(-1.,0.,0.));
#10840=DIRECTION('',(1.,0.,0.));
#10841=DIRECTION('',(0.,0.,-1.));
#10842=DIRECTION('',(0.,0.,-1.));
#10843=DIRECTION('',(0.,-1.,0.));
#10844=DIRECTION('',(0.,1.,0.));
#10845=DIRECTION('',(0.,0.,1.));
#10846=DIRECTION('',(0.,0.,-1.));
#10847=DIRECTION('',(1.,0.,0.));
#10848=DIRECTION('',(0.,0.,-1.));
#10849=DIRECTION('',(-0.362395321078183,-0.932024479968547,0.));
#10850=DIRECTION('',(0.,0.,-1.));
#10851=DIRECTION('',(0.,0.,-1.));
#10852=DIRECTION('',(-1.,0.,0.));
#10853=DIRECTION('',(0.,0.,-1.));
#10854=DIRECTION('',(-0.932024479968639,-0.362395321077948,0.));
#10855=DIRECTION('',(0.,0.,-1.));
#10856=DIRECTION('',(0.,0.,-1.));
#10857=DIRECTION('',(-1.,0.,0.));
#10858=DIRECTION('',(1.,0.,0.));
#10859=DIRECTION('',(0.,0.,-1.));
#10860=DIRECTION('',(0.,0.,-1.));
#10861=DIRECTION('',(0.,-1.,0.));
#10862=DIRECTION('',(0.,0.,-1.));
#10863=DIRECTION('',(-0.931685493051003,0.363265938450482,0.));
#10864=DIRECTION('',(0.,0.,-1.));
#10865=DIRECTION('',(0.,0.,-1.));
#10866=DIRECTION('',(-1.,0.,0.));
#10867=DIRECTION('',(0.,0.,-1.));
#10868=DIRECTION('',(-0.345940873237831,0.938256314779414,0.));
#10869=DIRECTION('',(0.,0.,-1.));
#10870=DIRECTION('',(0.,0.,-1.));
#10871=DIRECTION('',(-1.,0.,0.));
#10872=DIRECTION('',(0.,-1.,0.));
#10873=DIRECTION('',(0.,0.,-1.));
#10874=DIRECTION('',(0.,0.,-1.));
#10875=DIRECTION('',(-1.,0.,0.));
#10876=DIRECTION('',(1.,0.,0.));
#10877=DIRECTION('',(0.,0.,-1.));
#10878=DIRECTION('',(0.,0.,-1.));
#10879=DIRECTION('',(0.,-1.,0.));
#10880=DIRECTION('',(0.,1.,0.));
#10881=DIRECTION('',(0.,0.,1.));
#10882=DIRECTION('',(0.,0.,-1.));
#10883=DIRECTION('',(1.,0.,0.));
#10884=DIRECTION('',(0.,0.,-1.));
#10885=DIRECTION('',(-0.265178381847984,0.964199370358893,0.));
#10886=DIRECTION('',(0.,0.,-1.));
#10887=DIRECTION('',(0.,0.,-1.));
#10888=DIRECTION('',(-1.,0.,0.));
#10889=DIRECTION('',(0.,0.,-1.));
#10890=DIRECTION('',(-0.706526558922025,0.707686527735128,0.));
#10891=DIRECTION('',(0.,0.,-1.));
#10892=DIRECTION('',(0.,0.,-1.));
#10893=DIRECTION('',(-1.,0.,0.));
#10894=DIRECTION('',(0.,0.,-1.));
#10895=DIRECTION('',(-0.964033151014222,0.265782022991757,0.));
#10896=DIRECTION('',(0.,0.,-1.));
#10897=DIRECTION('',(0.,0.,-1.));
#10898=DIRECTION('',(-1.,0.,0.));
#10899=DIRECTION('',(-1.,0.,0.));
#10900=DIRECTION('',(0.,0.,1.));
#10901=DIRECTION('',(0.,0.,-1.));
#10902=DIRECTION('',(0.,1.,0.));
#10903=DIRECTION('',(0.,0.,-1.));
#10904=DIRECTION('',(-0.96403315101423,-0.265782022991727,0.));
#10905=DIRECTION('',(0.,0.,-1.));
#10906=DIRECTION('',(0.,0.,-1.));
#10907=DIRECTION('',(-1.,0.,0.));
#10908=DIRECTION('',(0.,0.,-1.));
#10909=DIRECTION('',(-0.706526558921993,-0.70768652773516,0.));
#10910=DIRECTION('',(0.,0.,-1.));
#10911=DIRECTION('',(-1.,0.,0.));
#10912=DIRECTION('',(0.,0.,1.));
#10913=DIRECTION('',(1.,0.,0.));
#10914=DIRECTION('',(-1.,0.,0.));
#10915=DIRECTION('',(0.,0.,1.));
#10916=DIRECTION('',(0.,0.,-1.));
#10917=DIRECTION('',(0.,1.,0.));
#10918=DIRECTION('',(0.,0.,-1.));
#10919=DIRECTION('',(0.,-1.,0.));
#10920=DIRECTION('',(0.,0.,-1.));
#10921=DIRECTION('',(0.,0.,-1.));
#10922=DIRECTION('',(-1.,0.,0.));
#10923=DIRECTION('',(1.,0.,0.));
#10924=DIRECTION('',(0.,0.,-1.));
#10925=DIRECTION('',(0.,0.,-1.));
#10926=DIRECTION('',(0.,-1.,0.));
#10927=DIRECTION('',(0.,-1.,0.));
#10928=DIRECTION('',(0.,0.,-1.));
#10929=DIRECTION('',(0.,0.,-1.));
#10930=DIRECTION('',(-1.,0.,0.));
#10931=DIRECTION('',(-0.765906003396157,-0.642952559650964,0.));
#10932=DIRECTION('',(0.642952559650964,-0.765906003396157,0.));
#10933=DIRECTION('',(0.,0.,-1.));
#10934=DIRECTION('',(-0.642952559650964,0.765906003396157,0.));
#10935=DIRECTION('',(0.,-1.,0.));
#10936=DIRECTION('',(0.,0.,-1.));
#10937=DIRECTION('',(0.,0.,-1.));
#10938=DIRECTION('',(-1.,0.,0.));
#10939=DIRECTION('',(1.,0.,0.));
#10940=DIRECTION('',(0.,0.,-1.));
#10941=DIRECTION('',(0.,0.,-1.));
#10942=DIRECTION('',(0.,-1.,0.));
#10943=DIRECTION('',(0.765199958344837,0.643792686933504,0.));
#10944=DIRECTION('',(-0.643792686933504,0.765199958344837,0.));
#10945=DIRECTION('',(0.,0.,-1.));
#10946=DIRECTION('',(0.643792686933504,-0.765199958344837,0.));
#10947=DIRECTION('',(0.76629782860829,-0.642485515689047,0.));
#10948=DIRECTION('',(0.642485515689047,0.76629782860829,0.));
#10949=DIRECTION('',(0.,0.,-1.));
#10950=DIRECTION('',(-0.642485515689047,-0.76629782860829,0.));
#10951=DIRECTION('',(1.,0.,0.));
#10952=DIRECTION('',(0.,0.,-1.));
#10953=DIRECTION('',(0.,0.,-1.));
#10954=DIRECTION('',(0.,-1.,0.));
#10955=DIRECTION('',(0.,1.,0.));
#10956=DIRECTION('',(0.,0.,1.));
#10957=DIRECTION('',(0.,0.,-1.));
#10958=DIRECTION('',(1.,0.,0.));
#10959=DIRECTION('',(-0.765906003396157,0.642952559650964,0.));
#10960=DIRECTION('',(-0.642952559650964,-0.765906003396157,0.));
#10961=DIRECTION('',(0.,0.,-1.));
#10962=DIRECTION('',(0.642952559650964,0.765906003396157,0.));
#10963=DIRECTION('',(0.,1.,0.));
#10964=DIRECTION('',(0.,0.,1.));
#10965=DIRECTION('',(0.,0.,-1.));
#10966=DIRECTION('',(1.,0.,0.));
#10967=DIRECTION('',(1.,0.,0.));
#10968=DIRECTION('',(0.,0.,-1.));
#10969=DIRECTION('',(0.,0.,-1.));
#10970=DIRECTION('',(0.,-1.,0.));
#10971=DIRECTION('',(0.,1.,0.));
#10972=DIRECTION('',(0.,0.,1.));
#10973=DIRECTION('',(1.,0.,0.));
#10974=DIRECTION('',(0.,0.,1.));
#10975=DIRECTION('',(1.,0.,0.));
#10976=DIRECTION('',(0.,0.,-1.));
#10977=DIRECTION('',(-0.265178381848043,-0.964199370358876,0.));
#10978=DIRECTION('',(0.,0.,-1.));
#10979=DIRECTION('',(0.,0.,-1.));
#10980=DIRECTION('',(-1.,0.,0.));
#10981=DIRECTION('',(0.,0.,-1.));
#10982=DIRECTION('',(0.,-1.,0.));
#10983=DIRECTION('',(0.,0.,-1.));
#10984=DIRECTION('',(0.,0.,-1.));
#10985=DIRECTION('',(-1.,0.,0.));
#10986=DIRECTION('',(1.,0.,0.));
#10987=DIRECTION('',(0.,0.,-1.));
#10988=DIRECTION('',(0.,0.,-1.));
#10989=DIRECTION('',(0.,-1.,0.));
#10990=DIRECTION('',(0.,1.,0.));
#10991=DIRECTION('',(0.,0.,1.));
#10992=DIRECTION('',(0.,0.,-1.));
#10993=DIRECTION('',(1.,0.,0.));
#10994=DIRECTION('',(0.,0.,-1.));
#10995=DIRECTION('',(-0.36239532107804,-0.932024479968603,0.));
#10996=DIRECTION('',(0.,0.,-1.));
#10997=DIRECTION('',(0.,0.,-1.));
#10998=DIRECTION('',(-1.,0.,0.));
#10999=DIRECTION('',(0.,0.,-1.));
#11000=DIRECTION('',(-0.932024479968644,-0.362395321077934,0.));
#11001=DIRECTION('',(0.,0.,-1.));
#11002=DIRECTION('',(0.,0.,-1.));
#11003=DIRECTION('',(-1.,0.,0.));
#11004=DIRECTION('',(1.,0.,0.));
#11005=DIRECTION('',(0.,0.,-1.));
#11006=DIRECTION('',(0.,0.,-1.));
#11007=DIRECTION('',(0.,-1.,0.));
#11008=DIRECTION('',(0.,0.,-1.));
#11009=DIRECTION('',(-0.931685492929196,0.363265938762887,0.));
#11010=DIRECTION('',(0.,0.,-1.));
#11011=DIRECTION('',(0.,0.,-1.));
#11012=DIRECTION('',(-1.,0.,0.));
#11013=DIRECTION('',(0.,0.,-1.));
#11014=DIRECTION('',(-0.345940873237831,0.938256314779414,0.));
#11015=DIRECTION('',(0.,0.,-1.));
#11016=DIRECTION('',(0.,0.,-1.));
#11017=DIRECTION('',(-1.,0.,0.));
#11018=DIRECTION('',(0.,-1.,0.));
#11019=DIRECTION('',(0.,0.,-1.));
#11020=DIRECTION('',(0.,0.,-1.));
#11021=DIRECTION('',(-1.,0.,0.));
#11022=DIRECTION('',(1.,0.,0.));
#11023=DIRECTION('',(0.,0.,-1.));
#11024=DIRECTION('',(0.,0.,-1.));
#11025=DIRECTION('',(0.,-1.,0.));
#11026=DIRECTION('',(0.,1.,0.));
#11027=DIRECTION('',(0.,0.,1.));
#11028=DIRECTION('',(0.,0.,-1.));
#11029=DIRECTION('',(1.,0.,0.));
#11030=DIRECTION('',(0.,0.,-1.));
#11031=DIRECTION('',(-0.265178381848025,0.964199370358881,0.));
#11032=DIRECTION('',(0.,0.,-1.));
#11033=DIRECTION('',(0.,0.,-1.));
#11034=DIRECTION('',(-1.,0.,0.));
#11035=DIRECTION('',(0.,0.,-1.));
#11036=DIRECTION('',(-0.706526558922054,0.707686527735099,0.));
#11037=DIRECTION('',(0.,0.,-1.));
#11038=DIRECTION('',(0.,0.,-1.));
#11039=DIRECTION('',(-1.,0.,0.));
#11040=DIRECTION('',(0.,0.,-1.));
#11041=DIRECTION('',(-0.964033151014217,0.265782022991775,0.));
#11042=DIRECTION('',(0.,0.,-1.));
#11043=DIRECTION('',(0.,0.,-1.));
#11044=DIRECTION('',(-1.,0.,0.));
#11045=DIRECTION('',(-1.,0.,0.));
#11046=DIRECTION('',(0.,0.,1.));
#11047=DIRECTION('',(0.,0.,-1.));
#11048=DIRECTION('',(0.,1.,0.));
#11049=DIRECTION('',(0.,0.,-1.));
#11050=DIRECTION('',(-0.964033151014215,-0.26578202299178,0.));
#11051=DIRECTION('',(0.,0.,-1.));
#11052=DIRECTION('',(0.,0.,-1.));
#11053=DIRECTION('',(-1.,0.,0.));
#11054=DIRECTION('',(0.,0.,-1.));
#11055=DIRECTION('',(-0.706526558922042,-0.707686527735111,0.));
#11056=DIRECTION('',(0.,0.,-1.));
#11057=DIRECTION('',(-1.,0.,0.));
#11058=DIRECTION('',(0.,0.,1.));
#11059=DIRECTION('',(1.,0.,0.));
#11060=DIRECTION('',(0.,1.,0.));
#11061=DIRECTION('',(0.,0.,1.));
#11062=DIRECTION('',(1.,0.,0.));
#11063=DIRECTION('',(0.,0.,-1.));
#11064=DIRECTION('',(1.,0.,0.));
#11065=DIRECTION('',(0.,0.,-1.));
#11066=DIRECTION('',(1.,0.,0.));
#11067=DIRECTION('',(0.,0.,-1.));
#11068=DIRECTION('',(0.,-1.,0.));
#11069=DIRECTION('',(0.,0.,-1.));
#11070=DIRECTION('',(0.,-1.,0.));
#11071=DIRECTION('',(0.,0.,-1.));
#11072=DIRECTION('',(-0.924160355699041,0.382004760381624,0.));
#11073=DIRECTION('',(0.,0.,-1.));
#11074=DIRECTION('',(-1.,0.,0.));
#11075=DIRECTION('',(0.,0.,-1.));
#11076=DIRECTION('',(0.,0.,-1.));
#11077=DIRECTION('',(-1.,0.,0.));
#11078=DIRECTION('',(0.,0.,-1.));
#11079=DIRECTION('',(-0.382004760382237,0.924160355698788,0.));
#11080=DIRECTION('',(0.,0.,-1.));
#11081=DIRECTION('',(-1.,0.,0.));
#11082=DIRECTION('',(0.,0.,-1.));
#11083=DIRECTION('',(0.,0.,-1.));
#11084=DIRECTION('',(-1.,0.,0.));
#11085=DIRECTION('',(0.,-1.,0.));
#11086=DIRECTION('',(0.,0.,-1.));
#11087=DIRECTION('',(-1.,0.,0.));
#11088=DIRECTION('',(0.,0.,-1.));
#11089=DIRECTION('',(-1.,0.,0.));
#11090=DIRECTION('',(0.,0.,-1.));
#11091=DIRECTION('',(0.360489717501987,0.932763187296399,0.));
#11092=DIRECTION('',(0.,0.,-1.));
#11093=DIRECTION('',(-1.,0.,0.));
#11094=DIRECTION('',(0.,0.,-1.));
#11095=DIRECTION('',(0.,0.,-1.));
#11096=DIRECTION('',(-1.,0.,0.));
#11097=DIRECTION('',(0.,0.,-1.));
#11098=DIRECTION('',(0.907948943513943,0.419080798858544,0.));
#11099=DIRECTION('',(0.,0.,-1.));
#11100=DIRECTION('',(-1.,0.,0.));
#11101=DIRECTION('',(0.,0.,-1.));
#11102=DIRECTION('',(0.,0.,-1.));
#11103=DIRECTION('',(-1.,0.,0.));
#11104=DIRECTION('',(-1.,0.,0.));
#11105=DIRECTION('',(0.,0.,1.));
#11106=DIRECTION('',(0.,0.,-1.));
#11107=DIRECTION('',(0.,1.,0.));
#11108=DIRECTION('',(0.,0.,-1.));
#11109=DIRECTION('',(0.,-1.,0.));
#11110=DIRECTION('',(0.,0.,-1.));
#11111=DIRECTION('',(0.,0.,-1.));
#11112=DIRECTION('',(-1.,0.,0.));
#11113=DIRECTION('',(1.,0.,0.));
#11114=DIRECTION('',(0.,0.,-1.));
#11115=DIRECTION('',(0.,0.,-1.));
#11116=DIRECTION('',(0.,-1.,0.));
#11117=DIRECTION('',(0.,-1.,0.));
#11118=DIRECTION('',(0.,0.,-1.));
#11119=DIRECTION('',(0.,0.,-1.));
#11120=DIRECTION('',(-1.,0.,0.));
#11121=DIRECTION('',(-1.,0.,0.));
#11122=DIRECTION('',(0.,0.,1.));
#11123=DIRECTION('',(0.,0.,-1.));
#11124=DIRECTION('',(0.,1.,0.));
#11125=DIRECTION('',(0.,-1.,0.));
#11126=DIRECTION('',(0.,0.,-1.));
#11127=DIRECTION('',(0.,0.,-1.));
#11128=DIRECTION('',(-1.,0.,0.));
#11129=DIRECTION('',(1.,0.,0.));
#11130=DIRECTION('',(0.,0.,-1.));
#11131=DIRECTION('',(0.,0.,-1.));
#11132=DIRECTION('',(0.,-1.,0.));
#11133=DIRECTION('',(0.,0.,-1.));
#11134=DIRECTION('',(0.964297839891161,0.264820082284635,0.));
#11135=DIRECTION('',(0.,0.,-1.));
#11136=DIRECTION('',(0.,0.,-1.));
#11137=DIRECTION('',(-1.,0.,0.));
#11138=DIRECTION('',(0.,0.,-1.));
#11139=DIRECTION('',(0.703679004086115,0.710518021733702,0.));
#11140=DIRECTION('',(0.,0.,-1.));
#11141=DIRECTION('',(0.,0.,-1.));
#11142=DIRECTION('',(-1.,0.,0.));
#11143=DIRECTION('',(0.,0.,-1.));
#11144=DIRECTION('',(0.262651376711563,0.964890799164092,0.));
#11145=DIRECTION('',(0.,0.,-1.));
#11146=DIRECTION('',(0.,0.,-1.));
#11147=DIRECTION('',(-1.,0.,0.));
#11148=DIRECTION('',(0.,1.,0.));
#11149=DIRECTION('',(0.,0.,1.));
#11150=DIRECTION('',(0.,0.,-1.));
#11151=DIRECTION('',(1.,0.,0.));
#11152=DIRECTION('',(0.,0.,-1.));
#11153=DIRECTION('',(-0.264814285215771,0.964299431891184,0.));
#11154=DIRECTION('',(0.,0.,-1.));
#11155=DIRECTION('',(0.,0.,-1.));
#11156=DIRECTION('',(-1.,0.,0.));
#11157=DIRECTION('',(0.,0.,-1.));
#11158=DIRECTION('',(-0.706614939954078,0.707598280547441,0.));
#11159=DIRECTION('',(0.,0.,-1.));
#11160=DIRECTION('',(0.,0.,-1.));
#11161=DIRECTION('',(-1.,0.,0.));
#11162=DIRECTION('',(0.,0.,-1.));
#11163=DIRECTION('',(-0.964297839891221,0.264820082284417,0.));
#11164=DIRECTION('',(0.,0.,-1.));
#11165=DIRECTION('',(-1.,0.,0.));
#11166=DIRECTION('',(-1.,0.,0.));
#11167=DIRECTION('',(0.,0.,1.));
#11168=DIRECTION('',(0.,1.,0.));
#11169=DIRECTION('',(0.,1.,0.));
#11170=DIRECTION('',(0.,0.,1.));
#11171=DIRECTION('',(1.,0.,0.));
#11172=DIRECTION('',(0.,0.,1.));
#11173=DIRECTION('',(1.,0.,0.));
#11174=DIRECTION('',(-1.,0.,0.));
#11175=DIRECTION('',(0.,0.,1.));
#11176=DIRECTION('',(0.,0.,-1.));
#11177=DIRECTION('',(0.,1.,0.));
#11178=DIRECTION('',(0.,0.,-1.));
#11179=DIRECTION('',(0.,-1.,0.));
#11180=DIRECTION('',(0.,0.,-1.));
#11181=DIRECTION('',(0.,0.,-1.));
#11182=DIRECTION('',(-1.,0.,0.));
#11183=DIRECTION('',(1.,0.,0.));
#11184=DIRECTION('',(0.,0.,-1.));
#11185=DIRECTION('',(0.,0.,-1.));
#11186=DIRECTION('',(0.,-1.,0.));
#11187=DIRECTION('',(0.,-1.,0.));
#11188=DIRECTION('',(0.,0.,-1.));
#11189=DIRECTION('',(0.,0.,-1.));
#11190=DIRECTION('',(-1.,0.,0.));
#11191=DIRECTION('',(-1.,0.,0.));
#11192=DIRECTION('',(0.,0.,1.));
#11193=DIRECTION('',(0.,0.,-1.));
#11194=DIRECTION('',(0.,1.,0.));
#11195=DIRECTION('',(0.,-1.,0.));
#11196=DIRECTION('',(0.,0.,-1.));
#11197=DIRECTION('',(0.,0.,-1.));
#11198=DIRECTION('',(-1.,0.,0.));
#11199=DIRECTION('',(1.,0.,0.));
#11200=DIRECTION('',(0.,0.,-1.));
#11201=DIRECTION('',(0.,0.,-1.));
#11202=DIRECTION('',(0.,-1.,0.));
#11203=DIRECTION('',(0.,1.,0.));
#11204=DIRECTION('',(0.,0.,1.));
#11205=DIRECTION('',(0.,0.,-1.));
#11206=DIRECTION('',(1.,0.,0.));
#11207=DIRECTION('',(-1.,0.,0.));
#11208=DIRECTION('',(0.,0.,1.));
#11209=DIRECTION('',(0.,0.,-1.));
#11210=DIRECTION('',(0.,1.,0.));
#11211=DIRECTION('',(0.,1.,0.));
#11212=DIRECTION('',(0.,0.,1.));
#11213=DIRECTION('',(0.,0.,-1.));
#11214=DIRECTION('',(1.,0.,0.));
#11215=DIRECTION('',(1.,0.,0.));
#11216=DIRECTION('',(0.,0.,-1.));
#11217=DIRECTION('',(0.,0.,-1.));
#11218=DIRECTION('',(0.,-1.,0.));
#11219=DIRECTION('',(0.,1.,0.));
#11220=DIRECTION('',(0.,0.,1.));
#11221=DIRECTION('',(1.,0.,0.));
#11222=DIRECTION('',(0.,0.,1.));
#11223=DIRECTION('',(1.,0.,0.));
#11224=DIRECTION('',(0.,0.,1.));
#11225=DIRECTION('',(1.,0.,0.));
#11226=DIRECTION('',(0.,0.,1.));
#11227=DIRECTION('',(1.,0.,0.));
#11228=DIRECTION('',(0.,0.,1.));
#11229=DIRECTION('',(1.,0.,0.));
#11230=DIRECTION('',(0.,0.,1.));
#11231=DIRECTION('',(1.,0.,0.));
#11232=CARTESIAN_POINT('',(0.,0.,0.));
#11233=CARTESIAN_POINT('',(74.21,-67.177,3.));
#11234=CARTESIAN_POINT('',(30.56,-26.977,3.));
#11235=CARTESIAN_POINT('',(32.46,-26.977,3.));
#11236=CARTESIAN_POINT('',(30.56,-107.377,3.));
#11237=CARTESIAN_POINT('',(32.46,-107.377,3.));
#11238=CARTESIAN_POINT('',(117.86,-107.377,3.));
#11239=CARTESIAN_POINT('',(119.76,-107.377,3.));
#11240=CARTESIAN_POINT('',(117.86,-26.977,3.));
#11241=CARTESIAN_POINT('',(119.76,-26.977,3.));
#11242=CARTESIAN_POINT('',(62.5685125069665,-25.5265568200954,3.));
#11243=CARTESIAN_POINT('',(62.5685125069665,-27.0188643414983,3.));
#11244=CARTESIAN_POINT('',(62.5685125069665,-24.0342492986926,3.));
#11245=CARTESIAN_POINT('',(62.8421669895154,-24.0342492986926,3.));
#11246=CARTESIAN_POINT('',(63.1158214720643,-24.0342492986926,3.));
#11247=CARTESIAN_POINT('',(63.1158214720643,-24.6414707836384,3.));
#11248=CARTESIAN_POINT('',(63.1158214720643,-25.2486922685842,3.));
#11249=CARTESIAN_POINT('',(64.0938528771504,-25.2486922685842,3.));
#11250=CARTESIAN_POINT('',(65.0718842822365,-25.2486922685842,3.));
#11251=CARTESIAN_POINT('',(65.0718842822365,-24.6414707836384,3.));
#11252=CARTESIAN_POINT('',(65.0718842822365,-24.0342492986926,3.));
#11253=CARTESIAN_POINT('',(65.3455387647854,-24.0342492986926,3.));
#11254=CARTESIAN_POINT('',(65.6191932473343,-24.0342492986926,3.));
#11255=CARTESIAN_POINT('',(65.6191932473343,-25.5265568200954,3.));
#11256=CARTESIAN_POINT('',(65.6191932473343,-27.0188643414983,3.));
#11257=CARTESIAN_POINT('',(65.3455387647854,-27.0188643414983,3.));
#11258=CARTESIAN_POINT('',(65.0718842822365,-27.0188643414983,3.));
#11259=CARTESIAN_POINT('',(65.0718842822365,-26.4116428565525,3.));
#11260=CARTESIAN_POINT('',(65.0718842822365,-25.8044213716066,3.));
#11261=CARTESIAN_POINT('',(64.0938528771504,-25.8044213716066,3.));
#11262=CARTESIAN_POINT('',(63.1158214720643,-25.8044213716066,3.));
#11263=CARTESIAN_POINT('',(63.1158214720643,-26.4116428565525,3.));
#11264=CARTESIAN_POINT('',(63.1158214720643,-27.0188643414983,3.));
#11265=CARTESIAN_POINT('',(62.8421669895154,-27.0188643414983,3.));
#11266=CARTESIAN_POINT('',(66.0997888119527,-25.814784618283,3.));
#11267=CARTESIAN_POINT('',(66.0997888119527,-27.0188643414983,3.));
#11268=CARTESIAN_POINT('',(66.0998880532266,-24.6107037835864,3.));
#11269=CARTESIAN_POINT('',(66.6475395865653,-24.6045702014419,3.));
#11270=CARTESIAN_POINT('',(66.1784706199882,-24.3221446556424,3.));
#11271=CARTESIAN_POINT('',(66.6977057360093,-24.6326801643209,3.));
#11272=CARTESIAN_POINT('',(66.388016766018,-24.1129457931166,3.));
#11273=CARTESIAN_POINT('',(66.6706389558071,-24.5824655952042,3.));
#11274=CARTESIAN_POINT('',(66.6762435091511,-24.0343372386823,3.));
#11275=CARTESIAN_POINT('',(67.5901532246037,-24.0342492986926,3.));
#11276=CARTESIAN_POINT('',(68.5040625927346,-24.0343160161527,3.));
#11277=CARTESIAN_POINT('',(68.5086800952019,-24.5925568329191,3.));
#11278=CARTESIAN_POINT('',(68.7942132311493,-24.1129793546649,3.));
#11279=CARTESIAN_POINT('',(68.4914640349518,-24.630724037779,3.));
#11280=CARTESIAN_POINT('',(69.0057367493918,-24.3221358691949,3.));
#11281=CARTESIAN_POINT('',(68.5366530801445,-24.6045702014424,3.));
#11282=CARTESIAN_POINT('',(69.0843046134846,-24.6107037835864,3.));
#11283=CARTESIAN_POINT('',(69.0844038547584,-25.814784618283,3.));
#11284=CARTESIAN_POINT('',(69.0844038547584,-27.0188643414983,3.));
#11285=CARTESIAN_POINT('',(68.8088062634577,-27.0188643414983,3.));
#11286=CARTESIAN_POINT('',(68.5332086721569,-27.0188643414983,3.));
#11287=CARTESIAN_POINT('',(68.5332086721569,-26.5172184320684,3.));
#11288=CARTESIAN_POINT('',(68.5332086721569,-26.0155725226385,3.));
#11289=CARTESIAN_POINT('',(67.5901532246037,-26.0155725226385,3.));
#11290=CARTESIAN_POINT('',(66.6470977770506,-26.0155725226385,3.));
#11291=CARTESIAN_POINT('',(66.6470977770506,-26.5172184320684,3.));
#11292=CARTESIAN_POINT('',(66.6470977770506,-27.0188643414983,3.));
#11293=CARTESIAN_POINT('',(66.3734432945016,-27.0188643414983,3.));
#11294=CARTESIAN_POINT('',(70.1272661591831,-26.4723165429382,3.));
#11295=CARTESIAN_POINT('',(70.1330339119032,-27.0187728265802,3.));
#11296=CARTESIAN_POINT('',(69.8451267370764,-26.9401751436471,3.));
#11297=CARTESIAN_POINT('',(70.1575298880358,-26.4177744425311,3.));
#11298=CARTESIAN_POINT('',(69.6355905265693,-26.7309657126697,3.));
#11299=CARTESIAN_POINT('',(70.1026175214277,-26.4484711537418,3.));
#11300=CARTESIAN_POINT('',(69.556677125733,-26.4424098314425,3.));
#11301=CARTESIAN_POINT('',(69.5565792814523,-25.5265568200954,3.));
#11302=CARTESIAN_POINT('',(69.556677125733,-24.6107038087483,3.));
#11303=CARTESIAN_POINT('',(70.1026175214275,-24.6046424864489,3.));
#11304=CARTESIAN_POINT('',(69.6355905175695,-24.3221479428122,3.));
#11305=CARTESIAN_POINT('',(70.1575298880362,-24.63533919766,3.));
#11306=CARTESIAN_POINT('',(69.8451267370764,-24.1129384965437,3.));
#11307=CARTESIAN_POINT('',(70.1272661591831,-24.5807970972526,3.));
#11308=CARTESIAN_POINT('',(70.1330339119032,-24.0343408136106,3.));
#11309=CARTESIAN_POINT('',(71.3332283835391,-24.0342492986926,3.));
#11310=CARTESIAN_POINT('',(72.5334218892506,-24.0342492986926,3.));
#11311=CARTESIAN_POINT('',(72.5334218892506,-24.3098468899933,3.));
#11312=CARTESIAN_POINT('',(72.5334218892506,-24.5854444812941,3.));
#11313=CARTESIAN_POINT('',(71.3911977946352,-24.5854444812941,3.));
#11314=CARTESIAN_POINT('',(70.2489611123634,-24.5856717620096,3.));
#11315=CARTESIAN_POINT('',(70.2407645831639,-24.7336669859964,3.));
#11316=CARTESIAN_POINT('',(70.1431923401653,-24.6224969895383,3.));
#11317=CARTESIAN_POINT('',(70.246116374445,-24.7198732642905,3.));
#11318=CARTESIAN_POINT('',(70.1042168406249,-24.730505314326,3.));
#11319=CARTESIAN_POINT('',(70.1038882465501,-25.5265568200954,3.));
#11320=CARTESIAN_POINT('',(70.1041037960807,-26.3225952348223,3.));
#11321=CARTESIAN_POINT('',(70.2469253410271,-26.3302345279375,3.));
#11322=CARTESIAN_POINT('',(70.1431846696657,-26.4283799598025,3.));
#11323=CARTESIAN_POINT('',(70.2413228775093,-26.32463206442,3.));
#11324=CARTESIAN_POINT('',(70.2489621706245,-26.4674536093662,3.));
#11325=CARTESIAN_POINT('',(71.3911977946352,-26.4676691588968,3.));
#11326=CARTESIAN_POINT('',(72.5334218892506,-26.4676691588968,3.));
#11327=CARTESIAN_POINT('',(72.5334218892506,-26.7432667501975,3.));
#11328=CARTESIAN_POINT('',(72.5334218892506,-27.0188643414983,3.));
#11329=CARTESIAN_POINT('',(71.3332283835391,-27.0188643414983,3.));
#11330=CARTESIAN_POINT('',(72.9686782496598,-25.5265568200954,3.));
#11331=CARTESIAN_POINT('',(72.9686782496598,-27.0188643414983,3.));
#11332=CARTESIAN_POINT('',(72.9686782496598,-24.0342492986926,3.));
#11333=CARTESIAN_POINT('',(73.2442758409605,-24.0342492986926,3.));
#11334=CARTESIAN_POINT('',(73.5198734322613,-24.0342492986926,3.));
#11335=CARTESIAN_POINT('',(73.5198734322613,-24.6414707836384,3.));
#11336=CARTESIAN_POINT('',(73.5198734322613,-25.2486922685842,3.));
#11337=CARTESIAN_POINT('',(73.8702807105073,-25.2486922685842,3.));
#11338=CARTESIAN_POINT('',(74.2206879887534,-25.2486922685842,3.));
#11339=CARTESIAN_POINT('',(74.7304301846492,-24.6414707836384,3.));
#11340=CARTESIAN_POINT('',(75.2401723805451,-24.0342492986926,3.));
#11341=CARTESIAN_POINT('',(75.5387634254091,-24.0342492986926,3.));
#11342=CARTESIAN_POINT('',(75.8373544702731,-24.0342492986926,3.));
#11343=CARTESIAN_POINT('',(75.8373544702731,-24.1129452031415,3.));
#11344=CARTESIAN_POINT('',(75.8373544702731,-24.1916411075906,3.));
#11345=CARTESIAN_POINT('',(75.2777391497471,-24.8590989638429,3.));
#11346=CARTESIAN_POINT('',(74.718123829221,-25.5265568200954,3.));
#11347=CARTESIAN_POINT('',(75.2796822584989,-26.1940146763479,3.));
#11348=CARTESIAN_POINT('',(75.8412406877768,-26.8614725326003,3.));
#11349=CARTESIAN_POINT('',(75.8412406877768,-26.9401684370492,3.));
#11350=CARTESIAN_POINT('',(75.8412406877768,-27.0188643414983,3.));
#11351=CARTESIAN_POINT('',(75.5407065341609,-27.0188643414983,3.));
#11352=CARTESIAN_POINT('',(75.2401723805451,-27.0188643414983,3.));
#11353=CARTESIAN_POINT('',(74.7304301846492,-26.4116428565525,3.));
#11354=CARTESIAN_POINT('',(74.2206879887534,-25.8044213716066,3.));
#11355=CARTESIAN_POINT('',(73.8702807105073,-25.8044213716066,3.));
#11356=CARTESIAN_POINT('',(73.5198734322613,-25.8044213716066,3.));
#11357=CARTESIAN_POINT('',(73.5198734322613,-26.4116428565525,3.));
#11358=CARTESIAN_POINT('',(73.5198734322613,-27.0188643414983,3.));
#11359=CARTESIAN_POINT('',(73.2442758409605,-27.0188643414983,3.));
#11360=CARTESIAN_POINT('',(76.8387637879922,-26.4723165429379,3.));
#11361=CARTESIAN_POINT('',(76.8445315407123,-27.0187728265802,3.));
#11362=CARTESIAN_POINT('',(76.5566243658855,-26.9401751436471,3.));
#11363=CARTESIAN_POINT('',(76.8690275168449,-26.4177744425311,3.));
#11364=CARTESIAN_POINT('',(76.3470881553784,-26.7309657126697,3.));
#11365=CARTESIAN_POINT('',(76.8141151502369,-26.4484711537418,3.));
#11366=CARTESIAN_POINT('',(76.2681747545421,-26.4424098314425,3.));
#11367=CARTESIAN_POINT('',(76.2680769102614,-25.5265568200954,3.));
#11368=CARTESIAN_POINT('',(76.2681747545421,-24.6107038087483,3.));
#11369=CARTESIAN_POINT('',(76.8141151502367,-24.6046424864489,3.));
#11370=CARTESIAN_POINT('',(76.3470881463786,-24.3221479428122,3.));
#11371=CARTESIAN_POINT('',(76.8690275168453,-24.6353391976601,3.));
#11372=CARTESIAN_POINT('',(76.5566243658855,-24.1129384965437,3.));
#11373=CARTESIAN_POINT('',(76.8387637879922,-24.5807970972528,3.));
#11374=CARTESIAN_POINT('',(76.8445315407123,-24.0343408136106,3.));
#11375=CARTESIAN_POINT('',(78.0447260123482,-24.0342492986926,3.));
#11376=CARTESIAN_POINT('',(79.2449195180597,-24.0342492986926,3.));
#11377=CARTESIAN_POINT('',(79.2449195180597,-24.3098468899933,3.));
#11378=CARTESIAN_POINT('',(79.2449195180597,-24.5854444812941,3.));
#11379=CARTESIAN_POINT('',(78.1026954234443,-24.5854444812941,3.));
#11380=CARTESIAN_POINT('',(76.9604587411725,-24.5856717620097,3.));
#11381=CARTESIAN_POINT('',(76.9522622119729,-24.7336669859961,3.));
#11382=CARTESIAN_POINT('',(76.854689968973,-24.6224969895369,3.));
#11383=CARTESIAN_POINT('',(76.9576140029576,-24.7198732641238,3.));
#11384=CARTESIAN_POINT('',(76.8157144694552,-24.730505314324,3.));
#11385=CARTESIAN_POINT('',(76.8153858753592,-25.5265568200954,3.));
#11386=CARTESIAN_POINT('',(76.8156014248898,-26.3225952348223,3.));
#11387=CARTESIAN_POINT('',(76.9584229698361,-26.3302345279375,3.));
#11388=CARTESIAN_POINT('',(76.8546822984749,-26.4283799598026,3.));
#11389=CARTESIAN_POINT('',(76.9528205063185,-26.3246320644199,3.));
#11390=CARTESIAN_POINT('',(76.9604597994336,-26.4674536093662,3.));
#11391=CARTESIAN_POINT('',(78.1026954234443,-26.4676691588968,3.));
#11392=CARTESIAN_POINT('',(79.2449195180597,-26.4676691588968,3.));
#11393=CARTESIAN_POINT('',(79.2449195180597,-26.7432667501975,3.));
#11394=CARTESIAN_POINT('',(79.2449195180597,-27.0188643414983,3.));
#11395=CARTESIAN_POINT('',(78.0447260123482,-27.0188643414983,3.));
#11396=CARTESIAN_POINT('',(79.6801758784689,-25.5246137113436,3.));
#11397=CARTESIAN_POINT('',(79.6801758784689,-27.0188643414983,3.));
#11398=CARTESIAN_POINT('',(79.6801758784689,-24.0303630811889,3.));
#11399=CARTESIAN_POINT('',(79.9538303610178,-24.0303630811889,3.));
#11400=CARTESIAN_POINT('',(80.2274848435667,-24.0303630811889,3.));
#11401=CARTESIAN_POINT('',(80.2274848435667,-25.2490161200428,3.));
#11402=CARTESIAN_POINT('',(80.2274848435667,-26.4676691588968,3.));
#11403=CARTESIAN_POINT('',(81.4461378824206,-26.4676691588968,3.));
#11404=CARTESIAN_POINT('',(82.6647909212746,-26.4676691588968,3.));
#11405=CARTESIAN_POINT('',(82.6647909212746,-26.7432667501975,3.));
#11406=CARTESIAN_POINT('',(82.6647909212746,-27.0188643414983,3.));
#11407=CARTESIAN_POINT('',(81.1724833998717,-27.0188643414983,3.));
#11408=CARTESIAN_POINT('',(83.46735544339,-26.4723165429385,3.));
#11409=CARTESIAN_POINT('',(83.4731231961101,-27.0187728265802,3.));
#11410=CARTESIAN_POINT('',(83.1852170517483,-26.940173406037,3.));
#11411=CARTESIAN_POINT('',(83.4960929734321,-26.4200876366426,3.));
#11412=CARTESIAN_POINT('',(82.97600048995,-26.7309675810118,3.));
#11413=CARTESIAN_POINT('',(83.4450670431906,-26.4485434387483,3.));
#11414=CARTESIAN_POINT('',(82.8974155098503,-26.4424098566044,3.));
#11415=CARTESIAN_POINT('',(82.8973162685765,-25.2383290219078,3.));
#11416=CARTESIAN_POINT('',(82.8973162685765,-24.0342492986926,3.));
#11417=CARTESIAN_POINT('',(83.1706468996668,-24.0342492986926,3.));
#11418=CARTESIAN_POINT('',(83.443977530757,-24.0342492986926,3.));
#11419=CARTESIAN_POINT('',(83.443977530757,-25.2260226664796,3.));
#11420=CARTESIAN_POINT('',(83.4439928086334,-26.4177963101083,3.));
#11421=CARTESIAN_POINT('',(83.4919464287572,-26.4186621116079,3.));
#11422=CARTESIAN_POINT('',(83.4585665468343,-26.4530803811007,3.));
#11423=CARTESIAN_POINT('',(83.4929845780459,-26.4197002608964,3.));
#11424=CARTESIAN_POINT('',(83.4938503795456,-26.4676538810204,3.));
#11425=CARTESIAN_POINT('',(84.3850898695584,-26.4676691588968,3.));
#11426=CARTESIAN_POINT('',(85.276329095296,-26.4676804420326,3.));
#11427=CARTESIAN_POINT('',(85.2762730155772,-26.4129745570097,3.));
#11428=CARTESIAN_POINT('',(85.3137898871668,-26.4528048969992,3.));
#11429=CARTESIAN_POINT('',(85.2848205966749,-26.4179958869192,3.));
#11430=CARTESIAN_POINT('',(85.3300976504106,-26.4177959935412,3.));
#11431=CARTESIAN_POINT('',(85.3300884258634,-25.2260226664796,3.));
#11432=CARTESIAN_POINT('',(85.3300884258634,-24.0342492986926,3.));
#11433=CARTESIAN_POINT('',(85.6060098686228,-24.0342492986926,3.));
#11434=CARTESIAN_POINT('',(85.8819313113822,-24.0342492986926,3.));
#11435=CARTESIAN_POINT('',(85.8819313113822,-25.2383290219078,3.));
#11436=CARTESIAN_POINT('',(85.8818334671015,-26.4424098314425,3.));
#11437=CARTESIAN_POINT('',(85.3358930714077,-26.4484711537419,3.));
#11438=CARTESIAN_POINT('',(85.8029200752649,-26.7309656973786,3.));
#11439=CARTESIAN_POINT('',(85.2809807047986,-26.4177744425311,3.));
#11440=CARTESIAN_POINT('',(85.593383855758,-26.9401751436471,3.));
#11441=CARTESIAN_POINT('',(85.3112444336513,-26.4723165429382,3.));
#11442=CARTESIAN_POINT('',(85.3054766809312,-27.0187728265802,3.));
#11443=CARTESIAN_POINT('',(84.3892999385207,-27.0188643414983,3.));
#11444=CARTESIAN_POINT('',(86.3502205205724,-25.5265568200954,3.));
#11445=CARTESIAN_POINT('',(86.3502205205724,-27.0188643414983,3.));
#11446=CARTESIAN_POINT('',(86.3502205205724,-24.0342492986926,3.));
#11447=CARTESIAN_POINT('',(87.494063872481,-24.0342492986926,3.));
#11448=CARTESIAN_POINT('',(88.637908335871,-24.0343485399664,3.));
#11449=CARTESIAN_POINT('',(88.6440419180151,-24.582000073306,3.));
#11450=CARTESIAN_POINT('',(88.9264660413694,-24.112933508898,3.));
#11451=CARTESIAN_POINT('',(88.6155861159078,-24.6330260035495,3.));
#11452=CARTESIAN_POINT('',(89.1356785993913,-24.322146059179,3.));
#11453=CARTESIAN_POINT('',(88.6666120461508,-24.6045702014425,3.));
#11454=CARTESIAN_POINT('',(89.214263579491,-24.6107037835864,3.));
#11455=CARTESIAN_POINT('',(89.2143628207648,-24.902818910759,3.));
#11456=CARTESIAN_POINT('',(89.2143513396063,-25.1949329614826,3.));
#11457=CARTESIAN_POINT('',(88.5924297597352,-25.1968306205142,3.));
#11458=CARTESIAN_POINT('',(89.2059485341646,-25.2985663538039,3.));
#11459=CARTESIAN_POINT('',(88.8309979745777,-25.2359187716315,3.));
#11460=CARTESIAN_POINT('',(89.1767692252578,-25.393850591403,3.));
#11461=CARTESIAN_POINT('',(88.4080225379689,-25.9686407497393,3.));
#11462=CARTESIAN_POINT('',(89.2910655896282,-25.5926449264456,3.));
#11463=CARTESIAN_POINT('',(88.8053589173506,-25.804112285972,3.));
#11464=CARTESIAN_POINT('',(89.3349045453966,-25.7998869007599,3.));
#11465=CARTESIAN_POINT('',(89.334835563378,-26.1211480981544,3.));
#11466=CARTESIAN_POINT('',(89.3347377190973,-26.4424098314425,3.));
#11467=CARTESIAN_POINT('',(88.7887973234025,-26.4484711537418,3.));
#11468=CARTESIAN_POINT('',(89.255838861375,-26.7309743657187,3.));
#11469=CARTESIAN_POINT('',(88.7389591803791,-26.4198040835132,3.));
#11470=CARTESIAN_POINT('',(89.0443252733901,-26.9401417906438,3.));
#11471=CARTESIAN_POINT('',(88.7592772995463,-26.4622482586857,3.));
#11472=CARTESIAN_POINT('',(88.7544943530347,-27.0187941138249,3.));
#11473=CARTESIAN_POINT('',(87.5523571350358,-27.0188643414983,3.));
#11474=CARTESIAN_POINT('',(54.46,-55.08,3.));
#11475=CARTESIAN_POINT('',(54.46,-62.08,3.));
#11476=CARTESIAN_POINT('',(54.46,-48.08,3.));
#11477=CARTESIAN_POINT('',(47.46,-62.08,3.));
#11478=CARTESIAN_POINT('',(40.46,-62.08,3.));
#11479=CARTESIAN_POINT('',(40.46,-55.08,3.));
#11480=CARTESIAN_POINT('',(40.46,-48.08,3.));
#11481=CARTESIAN_POINT('',(47.46,-48.08,3.));
#11482=CARTESIAN_POINT('',(47.52,-31.438,3.));
#11483=CARTESIAN_POINT('',(47.52,-32.188,3.));
#11484=CARTESIAN_POINT('',(47.52,-30.688,3.));
#11485=CARTESIAN_POINT('',(46.87,-32.188,3.));
#11486=CARTESIAN_POINT('',(46.22,-32.188,3.));
#11487=CARTESIAN_POINT('',(46.22,-31.438,3.));
#11488=CARTESIAN_POINT('',(46.22,-30.688,3.));
#11489=CARTESIAN_POINT('',(46.87,-30.688,3.));
#11490=CARTESIAN_POINT('',(46.22,-42.638,3.));
#11491=CARTESIAN_POINT('',(46.22,-41.888,3.));
#11492=CARTESIAN_POINT('',(46.22,-43.388,3.));
#11493=CARTESIAN_POINT('',(46.87,-41.888,3.));
#11494=CARTESIAN_POINT('',(47.52,-41.888,3.));
#11495=CARTESIAN_POINT('',(47.52,-42.638,3.));
#11496=CARTESIAN_POINT('',(47.52,-43.388,3.));
#11497=CARTESIAN_POINT('',(46.87,-43.388,3.));
#11498=CARTESIAN_POINT('',(47.46,-86.18,3.));
#11499=CARTESIAN_POINT('',(54.46,-86.18,3.));
#11500=CARTESIAN_POINT('',(40.46,-86.18,3.));
#11501=CARTESIAN_POINT('',(54.46,-93.18,3.));
#11502=CARTESIAN_POINT('',(54.46,-100.18,3.));
#11503=CARTESIAN_POINT('',(47.46,-100.18,3.));
#11504=CARTESIAN_POINT('',(40.46,-100.18,3.));
#11505=CARTESIAN_POINT('',(40.46,-93.18,3.));
#11506=CARTESIAN_POINT('',(73.51,-55.08,3.));
#11507=CARTESIAN_POINT('',(73.51,-62.08,3.));
#11508=CARTESIAN_POINT('',(73.51,-48.08,3.));
#11509=CARTESIAN_POINT('',(66.51,-62.08,3.));
#11510=CARTESIAN_POINT('',(59.51,-62.08,3.));
#11511=CARTESIAN_POINT('',(59.51,-55.08,3.));
#11512=CARTESIAN_POINT('',(59.51,-48.08,3.));
#11513=CARTESIAN_POINT('',(66.51,-48.08,3.));
#11514=CARTESIAN_POINT('',(92.56,-55.08,3.));
#11515=CARTESIAN_POINT('',(92.56,-62.08,3.));
#11516=CARTESIAN_POINT('',(92.56,-48.08,3.));
#11517=CARTESIAN_POINT('',(85.56,-62.08,3.));
#11518=CARTESIAN_POINT('',(78.56,-62.08,3.));
#11519=CARTESIAN_POINT('',(78.56,-55.08,3.));
#11520=CARTESIAN_POINT('',(78.56,-48.08,3.));
#11521=CARTESIAN_POINT('',(85.56,-48.08,3.));
#11522=CARTESIAN_POINT('',(54.46,-74.13,3.));
#11523=CARTESIAN_POINT('',(54.46,-81.13,3.));
#11524=CARTESIAN_POINT('',(54.46,-67.13,3.));
#11525=CARTESIAN_POINT('',(47.46,-81.13,3.));
#11526=CARTESIAN_POINT('',(40.46,-81.13,3.));
#11527=CARTESIAN_POINT('',(40.46,-74.13,3.));
#11528=CARTESIAN_POINT('',(40.46,-67.13,3.));
#11529=CARTESIAN_POINT('',(47.46,-67.13,3.));
#11530=CARTESIAN_POINT('',(73.51,-74.13,3.));
#11531=CARTESIAN_POINT('',(73.51,-81.13,3.));
#11532=CARTESIAN_POINT('',(73.51,-67.13,3.));
#11533=CARTESIAN_POINT('',(66.51,-81.13,3.));
#11534=CARTESIAN_POINT('',(59.51,-81.13,3.));
#11535=CARTESIAN_POINT('',(59.51,-74.13,3.));
#11536=CARTESIAN_POINT('',(59.51,-67.13,3.));
#11537=CARTESIAN_POINT('',(66.51,-67.13,3.));
#11538=CARTESIAN_POINT('',(92.56,-74.13,3.));
#11539=CARTESIAN_POINT('',(92.56,-81.13,3.));
#11540=CARTESIAN_POINT('',(92.56,-67.13,3.));
#11541=CARTESIAN_POINT('',(85.56,-81.13,3.));
#11542=CARTESIAN_POINT('',(78.56,-81.13,3.));
#11543=CARTESIAN_POINT('',(78.56,-74.13,3.));
#11544=CARTESIAN_POINT('',(78.56,-67.13,3.));
#11545=CARTESIAN_POINT('',(85.56,-67.13,3.));
#11546=CARTESIAN_POINT('',(92.56,-93.18,3.));
#11547=CARTESIAN_POINT('',(92.56,-100.18,3.));
#11548=CARTESIAN_POINT('',(92.56,-86.18,3.));
#11549=CARTESIAN_POINT('',(85.56,-100.18,3.));
#11550=CARTESIAN_POINT('',(78.56,-100.18,3.));
#11551=CARTESIAN_POINT('',(78.56,-93.18,3.));
#11552=CARTESIAN_POINT('',(78.56,-86.18,3.));
#11553=CARTESIAN_POINT('',(85.56,-86.18,3.));
#11554=CARTESIAN_POINT('',(73.51,-93.18,3.));
#11555=CARTESIAN_POINT('',(73.51,-100.18,3.));
#11556=CARTESIAN_POINT('',(73.51,-86.18,3.));
#11557=CARTESIAN_POINT('',(66.51,-100.18,3.));
#11558=CARTESIAN_POINT('',(59.51,-100.18,3.));
#11559=CARTESIAN_POINT('',(59.51,-93.18,3.));
#11560=CARTESIAN_POINT('',(59.51,-86.18,3.));
#11561=CARTESIAN_POINT('',(66.51,-86.18,3.));
#11562=CARTESIAN_POINT('',(46.87,-37.038,3.));
#11563=CARTESIAN_POINT('',(50.62,-37.038,3.));
#11564=CARTESIAN_POINT('',(113.520892136579,-109.944268686129,3.));
#11565=CARTESIAN_POINT('',(113.306979566416,-109.944268686129,3.));
#11566=CARTESIAN_POINT('',(113.189824515764,-109.793640763862,3.));
#11567=CARTESIAN_POINT('',(113.520892136579,-109.944268686129,3.));
#11568=CARTESIAN_POINT('',(113.189824515764,-109.793640763862,3.));
#11569=CARTESIAN_POINT('',(113.189824515764,-109.793640763862,3.));
#11570=CARTESIAN_POINT('',(113.072669465112,-109.643012841595,3.));
#11571=CARTESIAN_POINT('',(113.072669465112,-109.348556174109,3.));
#11572=CARTESIAN_POINT('',(113.072669465112,-109.348556174109,3.));
#11573=CARTESIAN_POINT('',(113.072669465112,-108.948450755588,3.));
#11574=CARTESIAN_POINT('',(113.072936078313,-108.548339508654,3.));
#11575=CARTESIAN_POINT('',(113.98697257664,-108.528357819641,3.));
#11576=CARTESIAN_POINT('',(113.122858959489,-108.232175999891,3.));
#11577=CARTESIAN_POINT('',(113.560743667403,-108.380770091172,3.));
#11578=CARTESIAN_POINT('',(113.273352639198,-108.019367269875,3.));
#11579=CARTESIAN_POINT('',(113.506313605178,-108.338417776605,3.));
#11580=CARTESIAN_POINT('',(113.520880939458,-107.943035318607,3.));
#11581=CARTESIAN_POINT('',(113.522942434465,-108.452746783994,3.));
#11582=CARTESIAN_POINT('',(113.725130291459,-107.984533556189,3.));
#11583=CARTESIAN_POINT('',(113.456677020076,-108.607053166265,3.));
#11584=CARTESIAN_POINT('',(113.902692078436,-108.096461570267,3.));
#11585=CARTESIAN_POINT('',(113.902692078436,-107.64797739199,3.));
#11586=CARTESIAN_POINT('',(113.902692078436,-107.199493213713,3.));
#11587=CARTESIAN_POINT('',(114.175443680735,-107.199493213713,3.));
#11588=CARTESIAN_POINT('',(114.448195283034,-107.199493213713,3.));
#11589=CARTESIAN_POINT('',(114.448195283034,-108.555144514114,3.));
#11590=CARTESIAN_POINT('',(114.448195283034,-109.910795814514,3.));
#11591=CARTESIAN_POINT('',(114.175443680735,-109.910795814514,3.));
#11592=CARTESIAN_POINT('',(113.902692078436,-109.910795814514,3.));
#11593=CARTESIAN_POINT('',(113.902692078436,-109.835481853381,3.));
#11594=CARTESIAN_POINT('',(113.902692078436,-109.760167892247,3.));
#11595=CARTESIAN_POINT('',(113.359528386375,-109.20830438257,3.));
#11596=CARTESIAN_POINT('',(113.715182887402,-109.895613371721,3.));
#11597=CARTESIAN_POINT('',(113.515451298818,-109.51417390188,3.));
#11598=CARTESIAN_POINT('',(111.891683025667,-109.521366865188,3.));
#11599=CARTESIAN_POINT('',(111.907912394775,-109.943776499819,3.));
#11600=CARTESIAN_POINT('',(111.659872619971,-109.874140054997,3.));
#11601=CARTESIAN_POINT('',(111.909991544704,-109.510503533923,3.));
#11602=CARTESIAN_POINT('',(111.509436905852,-109.694764562702,3.));
#11603=CARTESIAN_POINT('',(111.984174881506,-109.470170273442,3.));
#11604=CARTESIAN_POINT('',(111.459172450553,-109.472510401807,3.));
#11605=CARTESIAN_POINT('',(111.459172450553,-109.472510401807,3.));
#11606=CARTESIAN_POINT('',(111.459172450553,-109.29154768964,3.));
#11607=CARTESIAN_POINT('',(111.531348329973,-109.167593461941,3.));
#11608=CARTESIAN_POINT('',(111.531348329973,-109.167593461941,3.));
#11609=CARTESIAN_POINT('',(112.103294720051,-109.499041393911,3.));
#11610=CARTESIAN_POINT('',(111.720668488335,-108.959941842524,3.));
#11611=CARTESIAN_POINT('',(112.476729248516,-110.026023335093,3.));
#11612=CARTESIAN_POINT('',(111.978279163261,-108.817735244131,3.));
#11613=CARTESIAN_POINT('',(113.643891374045,-112.80032361381,3.));
#11614=CARTESIAN_POINT('',(112.256245205881,-108.712550141418,3.));
#11615=CARTESIAN_POINT('',(112.256245205881,-108.615552587106,3.));
#11616=CARTESIAN_POINT('',(112.256191383619,-108.518532717245,3.));
#11617=CARTESIAN_POINT('',(111.90405071043,-108.513013722592,3.));
#11618=CARTESIAN_POINT('',(112.245999817757,-108.429629173881,3.));
#11619=CARTESIAN_POINT('',(112.124940387417,-108.456421518845,3.));
#11620=CARTESIAN_POINT('',(112.212719337441,-108.369004446573,3.));
#11621=CARTESIAN_POINT('',(112.150794940396,-108.449313369383,3.));
#11622=CARTESIAN_POINT('',(112.142676823755,-108.347973942999,3.));
#11623=CARTESIAN_POINT('',(112.133992485791,-108.462402085827,3.));
#11624=CARTESIAN_POINT('',(112.069923023874,-108.36746326757,3.));
#11625=CARTESIAN_POINT('',(112.137200196789,-108.448556461277,3.));
#11626=CARTESIAN_POINT('',(112.035043337212,-108.422829440413,3.));
#11627=CARTESIAN_POINT('',(112.415525252643,-108.525732172092,3.));
#11628=CARTESIAN_POINT('',(112.021967223568,-108.501799078201,3.));
#11629=CARTESIAN_POINT('',(112.015135927531,-108.571880949921,3.));
#11630=CARTESIAN_POINT('',(112.008336750484,-108.641964774865,3.));
#11631=CARTESIAN_POINT('',(111.75389062485,-108.632027516104,3.));
#11632=CARTESIAN_POINT('',(111.499444499215,-108.622090257343,3.));
#11633=CARTESIAN_POINT('',(111.499444499215,-108.622090257343,3.));
#11634=CARTESIAN_POINT('',(111.516180935022,-108.273763187101,3.));
#11635=CARTESIAN_POINT('',(111.685375840763,-108.108229376694,3.));
#11636=CARTESIAN_POINT('',(111.685375840763,-108.108229376694,3.));
#11637=CARTESIAN_POINT('',(111.685375840763,-108.108229376694,3.));
#11638=CARTESIAN_POINT('',(111.854570746504,-107.942695566286,3.));
#11639=CARTESIAN_POINT('',(112.192437544366,-107.942695566286,3.));
#11640=CARTESIAN_POINT('',(112.192437544366,-107.942695566286,3.));
#11641=CARTESIAN_POINT('',(112.192437544366,-107.942695566286,3.));
#11642=CARTESIAN_POINT('',(112.486894211852,-107.942695566286,3.));
#11643=CARTESIAN_POINT('',(112.632553504739,-108.10509129498,3.));
#11644=CARTESIAN_POINT('',(112.632553504739,-108.10509129498,3.));
#11645=CARTESIAN_POINT('',(112.632553504739,-108.10509129498,3.));
#11646=CARTESIAN_POINT('',(112.778212797625,-108.267487023674,3.));
#11647=CARTESIAN_POINT('',(112.778212797625,-108.524809724213,3.));
#11648=CARTESIAN_POINT('',(112.778212797625,-108.524809724213,3.));
#11649=CARTESIAN_POINT('',(112.778212797625,-108.976693491013,3.));
#11650=CARTESIAN_POINT('',(112.77824556199,-109.428577387456,3.));
#11651=CARTESIAN_POINT('',(116.711424336129,-109.444140295085,3.));
#11652=CARTESIAN_POINT('',(112.783175745258,-109.639613522609,3.));
#11653=CARTESIAN_POINT('',(115.112767750818,-109.523029866719,3.));
#11654=CARTESIAN_POINT('',(112.796438404043,-109.796789517177,3.));
#11655=CARTESIAN_POINT('',(112.804349715058,-109.856925411759,3.));
#11656=CARTESIAN_POINT('',(112.811509547669,-109.910795814514,3.));
#11657=CARTESIAN_POINT('',(112.567438309176,-109.910795814514,3.));
#11658=CARTESIAN_POINT('',(112.323342608062,-109.910795814514,3.));
#11659=CARTESIAN_POINT('',(112.311746585317,-109.829260744018,3.));
#11660=CARTESIAN_POINT('',(112.299321360123,-109.743436700378,3.));
#11661=CARTESIAN_POINT('',(111.398393392999,-109.850423664499,3.));
#11662=CARTESIAN_POINT('',(112.279257805117,-109.636213664549,3.));
#11663=CARTESIAN_POINT('',(111.809694472345,-109.504702324938,3.));
#11664=CARTESIAN_POINT('',(112.153906129962,-109.850828360031,3.));
#11665=CARTESIAN_POINT('',(111.925261294079,-109.614467736116,3.));
#11666=CARTESIAN_POINT('',(109.628624784118,-108.555144514114,3.));
#11667=CARTESIAN_POINT('',(109.628624784118,-109.910795814514,3.));
#11668=CARTESIAN_POINT('',(109.628624784118,-107.199493213713,3.));
#11669=CARTESIAN_POINT('',(110.083908139441,-107.199493213713,3.));
#11670=CARTESIAN_POINT('',(110.539191494765,-107.199493213713,3.));
#11671=CARTESIAN_POINT('',(110.539191494765,-107.199493213713,3.));
#11672=CARTESIAN_POINT('',(110.783438854829,-107.199493213713,3.));
#11673=CARTESIAN_POINT('',(110.940865954143,-107.291543610654,3.));
#11674=CARTESIAN_POINT('',(110.940865954143,-107.291543610654,3.));
#11675=CARTESIAN_POINT('',(110.657243174567,-107.774995885072,3.));
#11676=CARTESIAN_POINT('',(111.175176055446,-107.559326583573,3.));
#11677=CARTESIAN_POINT('',(111.175176055446,-107.559326583573,3.));
#11678=CARTESIAN_POINT('',(111.252059057437,-107.73505915955,3.));
#11679=CARTESIAN_POINT('',(111.252059057437,-107.986105696662,3.));
#11680=CARTESIAN_POINT('',(111.252059057437,-107.986105696662,3.));
#11681=CARTESIAN_POINT('',(111.252059057437,-107.986105696662,3.));
#11682=CARTESIAN_POINT('',(111.252059057437,-108.300959895289,3.));
#11683=CARTESIAN_POINT('',(111.148240854069,-108.466493705696,3.));
#11684=CARTESIAN_POINT('',(111.148240854069,-108.466493705696,3.));
#11685=CARTESIAN_POINT('',(110.686637841886,-108.188061123167,3.));
#11686=CARTESIAN_POINT('',(110.867197268142,-108.695801087566,3.));
#11687=CARTESIAN_POINT('',(110.487831569954,-107.580340913634,3.));
#11688=CARTESIAN_POINT('',(110.468588656678,-108.758874816016,3.));
#11689=CARTESIAN_POINT('',(110.348291523836,-108.759119825516,3.));
#11690=CARTESIAN_POINT('',(110.227998391471,-108.759119825516,3.));
#11691=CARTESIAN_POINT('',(110.227998391471,-109.334957820015,3.));
#11692=CARTESIAN_POINT('',(110.227998391471,-109.910795814514,3.));
#11693=CARTESIAN_POINT('',(109.928311587794,-109.910795814514,3.));
#11694=CARTESIAN_POINT('',(108.704459719377,-108.555144514114,3.));
#11695=CARTESIAN_POINT('',(108.704459719377,-109.910795814514,3.));
#11696=CARTESIAN_POINT('',(108.704459719377,-107.199493213713,3.));
#11697=CARTESIAN_POINT('',(108.975642280819,-107.199493213713,3.));
#11698=CARTESIAN_POINT('',(109.246824842261,-107.199493213713,3.));
#11699=CARTESIAN_POINT('',(109.246824842261,-108.555144514114,3.));
#11700=CARTESIAN_POINT('',(109.246824842261,-109.910795814514,3.));
#11701=CARTESIAN_POINT('',(108.975642280819,-109.910795814514,3.));
#11702=CARTESIAN_POINT('',(107.677502857867,-109.088765834732,3.));
#11703=CARTESIAN_POINT('',(107.700437289788,-109.943527715679,3.));
#11704=CARTESIAN_POINT('',(107.340608610028,-109.874144540028,3.));
#11705=CARTESIAN_POINT('',(107.548816648487,-109.406232819903,3.));
#11706=CARTESIAN_POINT('',(107.106391606578,-109.663148865926,3.));
#11707=CARTESIAN_POINT('',(107.106391606578,-109.663148865926,3.));
#11708=CARTESIAN_POINT('',(107.024539975208,-109.52271970923,3.));
#11709=CARTESIAN_POINT('',(107.024539975208,-109.311422207161,3.));
#11710=CARTESIAN_POINT('',(107.024539975208,-109.311422207161,3.));
#11711=CARTESIAN_POINT('',(107.024539975208,-108.943220619398,3.));
#11712=CARTESIAN_POINT('',(107.024539975208,-108.575019031635,3.));
#11713=CARTESIAN_POINT('',(107.024539975208,-108.575019031635,3.));
#11714=CARTESIAN_POINT('',(107.024539975208,-108.364244543185,3.));
#11715=CARTESIAN_POINT('',(107.106391606578,-108.223815386489,3.));
#11716=CARTESIAN_POINT('',(107.106391606578,-108.223815386489,3.));
#11717=CARTESIAN_POINT('',(107.548816648487,-108.480731432512,3.));
#11718=CARTESIAN_POINT('',(107.340608610028,-108.012819712388,3.));
#11719=CARTESIAN_POINT('',(107.677502857861,-108.79819841765,3.));
#11720=CARTESIAN_POINT('',(107.700437289808,-107.943436536737,3.));
#11721=CARTESIAN_POINT('',(107.723296686164,-108.799674768543,3.));
#11722=CARTESIAN_POINT('',(108.060469715267,-108.012800448264,3.));
#11723=CARTESIAN_POINT('',(107.847269374042,-108.490043832253,3.));
#11724=CARTESIAN_POINT('',(108.296509096571,-108.223815386489,3.));
#11725=CARTESIAN_POINT('',(108.296509096571,-108.223815386489,3.));
#11726=CARTESIAN_POINT('',(108.380191275608,-108.364244543185,3.));
#11727=CARTESIAN_POINT('',(108.380191275608,-108.575019031635,3.));
#11728=CARTESIAN_POINT('',(108.380191275608,-108.575019031635,3.));
#11729=CARTESIAN_POINT('',(108.380191275608,-108.943220619398,3.));
#11730=CARTESIAN_POINT('',(108.380191275608,-109.311422207161,3.));
#11731=CARTESIAN_POINT('',(108.380191275608,-109.311422207161,3.));
#11732=CARTESIAN_POINT('',(108.380191275608,-109.52271970923,3.));
#11733=CARTESIAN_POINT('',(108.296509096571,-109.663148865926,3.));
#11734=CARTESIAN_POINT('',(108.296509096571,-109.663148865926,3.));
#11735=CARTESIAN_POINT('',(107.847269374043,-109.396920420163,3.));
#11736=CARTESIAN_POINT('',(108.060469715267,-109.874163804151,3.));
#11737=CARTESIAN_POINT('',(107.723296686152,-109.087289483835,3.));
#11738=CARTESIAN_POINT('',(104.543886380378,-108.943482126208,3.));
#11739=CARTESIAN_POINT('',(104.543886380378,-109.910795814514,3.));
#11740=CARTESIAN_POINT('',(104.543886380378,-107.976168437901,3.));
#11741=CARTESIAN_POINT('',(104.811669353296,-107.976168437901,3.));
#11742=CARTESIAN_POINT('',(105.079452326215,-107.976168437901,3.));
#11743=CARTESIAN_POINT('',(105.079452326215,-108.053051439891,3.));
#11744=CARTESIAN_POINT('',(105.079452326215,-108.129934441882,3.));
#11745=CARTESIAN_POINT('',(105.549532861341,-108.595109134431,3.));
#11746=CARTESIAN_POINT('',(105.30218510987,-107.982532601666,3.));
#11747=CARTESIAN_POINT('',(105.539015982462,-108.601095297058,3.));
#11748=CARTESIAN_POINT('',(105.538143813008,-107.939222820842,3.));
#11749=CARTESIAN_POINT('',(105.547967963941,-108.289218544059,3.));
#11750=CARTESIAN_POINT('',(105.740934683793,-107.997430984815,3.));
#11751=CARTESIAN_POINT('',(105.533150678511,-108.285134281387,3.));
#11752=CARTESIAN_POINT('',(105.86972612419,-108.170509855088,3.));
#11753=CARTESIAN_POINT('',(106.384960428451,-108.603650549709,3.));
#11754=CARTESIAN_POINT('',(106.108637955631,-107.99084524932,3.));
#11755=CARTESIAN_POINT('',(106.365503233909,-108.594795256456,3.));
#11756=CARTESIAN_POINT('',(106.361888685835,-107.939166868024,3.));
#11757=CARTESIAN_POINT('',(106.371308580581,-108.288156397894,3.));
#11758=CARTESIAN_POINT('',(106.559152967698,-107.994335628936,3.));
#11759=CARTESIAN_POINT('',(106.352291313755,-108.293894133233,3.));
#11760=CARTESIAN_POINT('',(106.689622261544,-108.155271775748,3.));
#11761=CARTESIAN_POINT('',(106.113635141967,-108.389853060201,3.));
#11762=CARTESIAN_POINT('',(106.736078590524,-108.40764664412,3.));
#11763=CARTESIAN_POINT('',(106.736359471149,-109.159225244037,3.));
#11764=CARTESIAN_POINT('',(106.736359471149,-109.910795814514,3.));
#11765=CARTESIAN_POINT('',(106.46857649823,-109.910795814514,3.));
#11766=CARTESIAN_POINT('',(106.200793525312,-109.910795814514,3.));
#11767=CARTESIAN_POINT('',(106.200793525312,-109.187729486272,3.));
#11768=CARTESIAN_POINT('',(106.200793525312,-108.46466315803,3.));
#11769=CARTESIAN_POINT('',(106.200793525312,-108.46466315803,3.));
#11770=CARTESIAN_POINT('',(106.200793525312,-108.384642074326,3.));
#11771=CARTESIAN_POINT('',(106.172550789887,-108.349338655044,3.));
#11772=CARTESIAN_POINT('',(106.172550789887,-108.349338655044,3.));
#11773=CARTESIAN_POINT('',(106.095704048902,-108.417229047774,3.));
#11774=CARTESIAN_POINT('',(106.087313499164,-108.31416128451,3.));
#11775=CARTESIAN_POINT('',(106.102177017222,-108.570931040567,3.));
#11776=CARTESIAN_POINT('',(106.003660528842,-108.332703617907,3.));
#11777=CARTESIAN_POINT('',(106.150736636826,-108.723798162818,3.));
#11778=CARTESIAN_POINT('',(105.906336857825,-108.384703193707,3.));
#11779=CARTESIAN_POINT('',(105.906336857825,-109.159225244037,3.));
#11780=CARTESIAN_POINT('',(105.906336857825,-109.910795814514,3.));
#11781=CARTESIAN_POINT('',(105.64195347343,-109.910795814514,3.));
#11782=CARTESIAN_POINT('',(105.377570089035,-109.910795814514,3.));
#11783=CARTESIAN_POINT('',(105.377570089035,-109.187729486272,3.));
#11784=CARTESIAN_POINT('',(105.377570089035,-108.46466315803,3.));
#11785=CARTESIAN_POINT('',(105.377570089035,-108.46466315803,3.));
#11786=CARTESIAN_POINT('',(105.377570089035,-108.384642074326,3.));
#11787=CARTESIAN_POINT('',(105.347496805943,-108.349338655044,3.));
#11788=CARTESIAN_POINT('',(105.347496805943,-108.349338655044,3.));
#11789=CARTESIAN_POINT('',(105.268189618644,-108.422556358365,3.));
#11790=CARTESIAN_POINT('',(105.260429303575,-108.314159469111,3.));
#11791=CARTESIAN_POINT('',(105.270941326616,-108.56108893117,3.));
#11792=CARTESIAN_POINT('',(105.175196413121,-108.332677075373,3.));
#11793=CARTESIAN_POINT('',(105.331710949419,-108.733539876317,3.));
#11794=CARTESIAN_POINT('',(105.079452326215,-108.38471931391,3.));
#11795=CARTESIAN_POINT('',(105.079452326215,-109.14771894442,3.));
#11796=CARTESIAN_POINT('',(105.079452326215,-109.910795814514,3.));
#11797=CARTESIAN_POINT('',(104.811669353296,-109.910795814514,3.));
#11798=CARTESIAN_POINT('',(103.573173103548,-109.951067863176,3.));
#11799=CARTESIAN_POINT('',(103.318988484723,-109.951067863176,3.));
#11800=CARTESIAN_POINT('',(103.148224538125,-109.860586507092,3.));
#11801=CARTESIAN_POINT('',(103.573173103548,-109.951067863176,3.));
#11802=CARTESIAN_POINT('',(103.148224538125,-109.860586507092,3.));
#11803=CARTESIAN_POINT('',(103.421987935489,-109.351205636865,3.));
#11804=CARTESIAN_POINT('',(102.890378823967,-109.581035727746,3.));
#11805=CARTESIAN_POINT('',(102.890378823967,-109.581035727746,3.));
#11806=CARTESIAN_POINT('',(102.803297056407,-109.391966304484,3.));
#11807=CARTESIAN_POINT('',(102.793359797646,-109.090710459951,3.));
#11808=CARTESIAN_POINT('',(102.793359797646,-109.090710459951,3.));
#11809=CARTESIAN_POINT('',(103.049374964138,-109.052268958956,3.));
#11810=CARTESIAN_POINT('',(103.305390130629,-109.013827457961,3.));
#11811=CARTESIAN_POINT('',(104.544026493703,-109.022237529154,3.));
#11812=CARTESIAN_POINT('',(103.337032454578,-109.294947278163,3.));
#11813=CARTESIAN_POINT('',(103.337032454578,-109.294947278163,3.));
#11814=CARTESIAN_POINT('',(103.365536696812,-109.401903563245,3.));
#11815=CARTESIAN_POINT('',(103.417576551901,-109.448713282144,3.));
#11816=CARTESIAN_POINT('',(103.417576551901,-109.448713282144,3.));
#11817=CARTESIAN_POINT('',(103.538619310749,-109.314971885352,3.));
#11818=CARTESIAN_POINT('',(103.542838313647,-109.495523001043,3.));
#11819=CARTESIAN_POINT('',(103.542838313647,-109.495523001043,3.));
#11820=CARTESIAN_POINT('',(103.636980765064,-109.495523001043,3.));
#11821=CARTESIAN_POINT('',(103.665223500489,-109.431976846336,3.));
#11822=CARTESIAN_POINT('',(103.66522203426,-109.431976192082,3.));
#11823=CARTESIAN_POINT('',(103.368239045952,-109.299457745976,3.));
#11824=CARTESIAN_POINT('',(103.693076700314,-109.29832561494,3.));
#11825=CARTESIAN_POINT('',(103.2081947635,-109.280709092903,3.));
#11826=CARTESIAN_POINT('',(103.613452295341,-109.015207403316,3.));
#11827=CARTESIAN_POINT('',(102.591091021525,-109.756541708589,3.));
#11828=CARTESIAN_POINT('',(103.395740158731,-108.782814361859,3.));
#11829=CARTESIAN_POINT('',(103.278716436061,-108.680667782669,3.));
#11830=CARTESIAN_POINT('',(103.161590688239,-108.578645300389,3.));
#11831=CARTESIAN_POINT('',(104.003109239709,-107.578495753665,3.));
#11832=CARTESIAN_POINT('',(102.901885123585,-108.282392911815,3.));
#11833=CARTESIAN_POINT('',(102.901885123585,-108.282392911815,3.));
#11834=CARTESIAN_POINT('',(102.79649787936,-108.116859101407,3.));
#11835=CARTESIAN_POINT('',(102.79649787936,-107.872088727724,3.));
#11836=CARTESIAN_POINT('',(102.79649787936,-107.872088727724,3.));
#11837=CARTESIAN_POINT('',(102.79649787936,-107.872088727724,3.));
#11838=CARTESIAN_POINT('',(102.79649787936,-107.527422752815,3.));
#11839=CARTESIAN_POINT('',(103.000734697572,-107.3451525066,3.));
#11840=CARTESIAN_POINT('',(103.000734697572,-107.3451525066,3.));
#11841=CARTESIAN_POINT('',(103.000734697572,-107.3451525066,3.));
#11842=CARTESIAN_POINT('',(103.204971515785,-107.162882260384,3.));
#11843=CARTESIAN_POINT('',(103.55643666774,-107.162882260384,3.));
#11844=CARTESIAN_POINT('',(103.55643666774,-107.162882260384,3.));
#11845=CARTESIAN_POINT('',(103.55643666774,-107.162882260384,3.));
#11846=CARTESIAN_POINT('',(103.774010333237,-107.162882260384,3.));
#11847=CARTESIAN_POINT('',(103.906332778839,-107.236365673851,3.));
#11848=CARTESIAN_POINT('',(103.906332778839,-107.236365673851,3.));
#11849=CARTESIAN_POINT('',(103.666877883765,-107.689038417547,3.));
#11850=CARTESIAN_POINT('',(104.10726876493,-107.428775944451,3.));
#11851=CARTESIAN_POINT('',(103.4162970247,-107.829716011729,3.));
#11852=CARTESIAN_POINT('',(104.200758084509,-107.679887498653,3.));
#11853=CARTESIAN_POINT('',(102.653866692893,-107.981827469026,3.));
#11854=CARTESIAN_POINT('',(104.22912566377,-107.932746823948,3.));
#11855=CARTESIAN_POINT('',(103.971447974402,-107.964400631474,3.));
#11856=CARTESIAN_POINT('',(103.713863767054,-107.996042955422,3.));
#11857=CARTESIAN_POINT('',(101.535102260878,-108.046537586919,3.));
#11858=CARTESIAN_POINT('',(103.698463026125,-107.787108128706,3.));
#11859=CARTESIAN_POINT('',(103.407957637808,-107.809734354804,3.));
#11860=CARTESIAN_POINT('',(103.651120562069,-107.649847992126,3.));
#11861=CARTESIAN_POINT('',(103.548034353793,-107.735499024556,3.));
#11862=CARTESIAN_POINT('',(103.536564285305,-107.601567758907,3.));
#11863=CARTESIAN_POINT('',(103.529134887341,-107.730552215651,3.));
#11864=CARTESIAN_POINT('',(103.41428182668,-107.671574743355,3.));
#11865=CARTESIAN_POINT('',(103.664711528036,-107.817036560451,3.));
#11866=CARTESIAN_POINT('',(103.375839821754,-107.811963152143,3.));
#11867=CARTESIAN_POINT('',(103.774727420534,-107.831351367722,3.));
#11868=CARTESIAN_POINT('',(103.447309254074,-108.058268540053,3.));
#11869=CARTESIAN_POINT('',(104.553190387661,-107.191473611843,3.));
#11870=CARTESIAN_POINT('',(103.637076131171,-108.256915840371,3.));
#11871=CARTESIAN_POINT('',(103.748905679526,-108.355876325282,3.));
#11872=CARTESIAN_POINT('',(103.860799140929,-108.454763282133,3.));
#11873=CARTESIAN_POINT('',(102.883591409789,-109.616202740887,3.));
#11874=CARTESIAN_POINT('',(104.160778904474,-108.796253792464,3.));
#11875=CARTESIAN_POINT('',(104.160778904474,-108.796253792464,3.));
#11876=CARTESIAN_POINT('',(104.282902584506,-108.987153763392,3.));
#11877=CARTESIAN_POINT('',(104.282902584506,-109.268012076786,3.));
#11878=CARTESIAN_POINT('',(104.282902584506,-109.268012076786,3.));
#11879=CARTESIAN_POINT('',(103.585765964329,-109.278135832612,3.));
#11880=CARTESIAN_POINT('',(104.195918712079,-109.614562718022,3.));
#11881=CARTESIAN_POINT('',(103.64021938894,-109.304408650248,3.));
#11882=CARTESIAN_POINT('',(103.949873272773,-109.860832238515,3.));
#11883=CARTESIAN_POINT('',(103.594956325907,-109.199863095916,3.));
#11884=CARTESIAN_POINT('',(55.9416199684432,-36.4502641080186,3.));
#11885=CARTESIAN_POINT('',(55.9416199684432,-27.4296145449569,3.));
#11886=CARTESIAN_POINT('',(55.9416199684432,-45.4709136710804,3.));
#11887=CARTESIAN_POINT('',(78.0698165748509,-27.4296145449569,3.));
#11888=CARTESIAN_POINT('',(100.198013181259,-27.4296145449569,3.));
#11889=CARTESIAN_POINT('',(100.198013181259,-36.4502641080186,3.));
#11890=CARTESIAN_POINT('',(100.198013181259,-45.4709136710804,3.));
#11891=CARTESIAN_POINT('',(78.0698165748509,-45.4709136710804,3.));
#11892=CARTESIAN_POINT('',(110.11964330165,-60.6816933780532,3.));
#11893=CARTESIAN_POINT('',(98.3792866033003,-60.6816933780532,3.));
#11894=CARTESIAN_POINT('',(120.86,-60.6816933780532,3.));
#11895=CARTESIAN_POINT('',(120.86,-67.177,3.));
#11896=CARTESIAN_POINT('',(120.86,-23.977,3.));
#11897=CARTESIAN_POINT('',(74.21,-23.977,3.));
#11898=CARTESIAN_POINT('',(27.56,-23.977,3.));
#11899=CARTESIAN_POINT('',(27.56,-67.177,3.));
#11900=CARTESIAN_POINT('',(27.56,-110.377,3.));
#11901=CARTESIAN_POINT('',(74.21,-110.377,3.));
#11902=CARTESIAN_POINT('',(120.86,-110.377,3.));
#11903=CARTESIAN_POINT('',(120.86,-67.177,3.));
#11904=CARTESIAN_POINT('',(120.86,-83.7361841444025,3.));
#11905=CARTESIAN_POINT('',(110.11964330165,-83.7361841444025,3.));
#11906=CARTESIAN_POINT('',(98.3792866033003,-83.7361841444025,3.));
#11907=CARTESIAN_POINT('',(98.3792866033003,-72.2089387612279,3.));
#11908=CARTESIAN_POINT('',(121.86,-67.177,3.));
#11909=CARTESIAN_POINT('',(121.86,-83.7361841444025,0.));
#11910=CARTESIAN_POINT('',(121.86,-83.7361841444025,0.));
#11911=CARTESIAN_POINT('',(121.86,-83.7361841444025,2.));
#11912=CARTESIAN_POINT('',(121.86,-67.177,2.));
#11913=CARTESIAN_POINT('',(121.86,-111.377,2.));
#11914=CARTESIAN_POINT('',(121.86,-111.377,3.));
#11915=CARTESIAN_POINT('',(121.86,-111.377,0.));
#11916=CARTESIAN_POINT('',(121.86,-67.177,0.));
#11917=CARTESIAN_POINT('',(74.21,-67.177,0.));
#11918=CARTESIAN_POINT('',(47.46,-62.08,0.));
#11919=CARTESIAN_POINT('',(54.46,-62.08,0.));
#11920=CARTESIAN_POINT('',(40.46,-62.08,0.));
#11921=CARTESIAN_POINT('',(54.46,-55.08,0.));
#11922=CARTESIAN_POINT('',(54.46,-48.08,0.));
#11923=CARTESIAN_POINT('',(47.46,-48.08,0.));
#11924=CARTESIAN_POINT('',(40.46,-48.08,0.));
#11925=CARTESIAN_POINT('',(40.46,-55.08,0.));
#11926=CARTESIAN_POINT('',(30.56,-26.977,0.));
#11927=CARTESIAN_POINT('',(32.16,-26.977,0.));
#11928=CARTESIAN_POINT('',(30.56,-107.377,0.));
#11929=CARTESIAN_POINT('',(32.16,-107.377,0.));
#11930=CARTESIAN_POINT('',(117.86,-107.377,0.));
#11931=CARTESIAN_POINT('',(119.46,-107.377,0.));
#11932=CARTESIAN_POINT('',(46.87,-41.888,0.));
#11933=CARTESIAN_POINT('',(46.22,-41.888,0.));
#11934=CARTESIAN_POINT('',(47.52,-41.888,0.));
#11935=CARTESIAN_POINT('',(46.22,-42.638,0.));
#11936=CARTESIAN_POINT('',(46.22,-43.388,0.));
#11937=CARTESIAN_POINT('',(46.87,-43.388,0.));
#11938=CARTESIAN_POINT('',(47.52,-43.388,0.));
#11939=CARTESIAN_POINT('',(47.52,-42.638,0.));
#11940=CARTESIAN_POINT('',(46.87,-37.038,0.));
#11941=CARTESIAN_POINT('',(50.62,-37.038,0.));
#11942=CARTESIAN_POINT('',(117.86,-26.977,0.));
#11943=CARTESIAN_POINT('',(119.46,-26.977,0.));
#11944=CARTESIAN_POINT('',(66.51,-100.18,0.));
#11945=CARTESIAN_POINT('',(73.51,-100.18,0.));
#11946=CARTESIAN_POINT('',(59.51,-100.18,0.));
#11947=CARTESIAN_POINT('',(73.51,-93.18,0.));
#11948=CARTESIAN_POINT('',(73.51,-86.18,0.));
#11949=CARTESIAN_POINT('',(66.51,-86.18,0.));
#11950=CARTESIAN_POINT('',(59.51,-86.18,0.));
#11951=CARTESIAN_POINT('',(59.51,-93.18,0.));
#11952=CARTESIAN_POINT('',(85.56,-81.13,0.));
#11953=CARTESIAN_POINT('',(92.56,-81.13,0.));
#11954=CARTESIAN_POINT('',(78.56,-81.13,0.));
#11955=CARTESIAN_POINT('',(92.56,-74.13,0.));
#11956=CARTESIAN_POINT('',(92.56,-67.13,0.));
#11957=CARTESIAN_POINT('',(85.56,-67.13,0.));
#11958=CARTESIAN_POINT('',(78.56,-67.13,0.));
#11959=CARTESIAN_POINT('',(78.56,-74.13,0.));
#11960=CARTESIAN_POINT('',(47.46,-81.13,0.));
#11961=CARTESIAN_POINT('',(54.46,-81.13,0.));
#11962=CARTESIAN_POINT('',(40.46,-81.13,0.));
#11963=CARTESIAN_POINT('',(54.46,-74.13,0.));
#11964=CARTESIAN_POINT('',(54.46,-67.13,0.));
#11965=CARTESIAN_POINT('',(47.46,-67.13,0.));
#11966=CARTESIAN_POINT('',(40.46,-67.13,0.));
#11967=CARTESIAN_POINT('',(40.46,-74.13,0.));
#11968=CARTESIAN_POINT('',(66.51,-62.08,0.));
#11969=CARTESIAN_POINT('',(73.51,-62.08,0.));
#11970=CARTESIAN_POINT('',(59.51,-62.08,0.));
#11971=CARTESIAN_POINT('',(73.51,-55.08,0.));
#11972=CARTESIAN_POINT('',(73.51,-48.08,0.));
#11973=CARTESIAN_POINT('',(66.51,-48.08,0.));
#11974=CARTESIAN_POINT('',(59.51,-48.08,0.));
#11975=CARTESIAN_POINT('',(59.51,-55.08,0.));
#11976=CARTESIAN_POINT('',(61.2461841106415,-30.158121407032,0.));
#11977=CARTESIAN_POINT('',(58.7461841106415,-30.158121407032,0.));
#11978=CARTESIAN_POINT('',(63.7461841106415,-30.158121407032,0.));
#11979=CARTESIAN_POINT('',(58.7461841106415,-36.658121407032,0.));
#11980=CARTESIAN_POINT('',(58.7461841106415,-43.158121407032,0.));
#11981=CARTESIAN_POINT('',(61.2461841106415,-43.158121407032,0.));
#11982=CARTESIAN_POINT('',(63.7461841106415,-43.158121407032,0.));
#11983=CARTESIAN_POINT('',(63.7461841106415,-36.658121407032,0.));
#11984=CARTESIAN_POINT('',(85.56,-62.08,0.));
#11985=CARTESIAN_POINT('',(92.56,-62.08,0.));
#11986=CARTESIAN_POINT('',(78.56,-62.08,0.));
#11987=CARTESIAN_POINT('',(92.56,-55.08,0.));
#11988=CARTESIAN_POINT('',(92.56,-48.08,0.));
#11989=CARTESIAN_POINT('',(85.56,-48.08,0.));
#11990=CARTESIAN_POINT('',(78.56,-48.08,0.));
#11991=CARTESIAN_POINT('',(78.56,-55.08,0.));
#11992=CARTESIAN_POINT('',(66.51,-81.13,0.));
#11993=CARTESIAN_POINT('',(73.51,-81.13,0.));
#11994=CARTESIAN_POINT('',(59.51,-81.13,0.));
#11995=CARTESIAN_POINT('',(73.51,-74.13,0.));
#11996=CARTESIAN_POINT('',(73.51,-67.13,0.));
#11997=CARTESIAN_POINT('',(66.51,-67.13,0.));
#11998=CARTESIAN_POINT('',(59.51,-67.13,0.));
#11999=CARTESIAN_POINT('',(59.51,-74.13,0.));
#12000=CARTESIAN_POINT('',(85.56,-100.18,0.));
#12001=CARTESIAN_POINT('',(92.56,-100.18,0.));
#12002=CARTESIAN_POINT('',(78.56,-100.18,0.));
#12003=CARTESIAN_POINT('',(92.56,-93.18,0.));
#12004=CARTESIAN_POINT('',(92.56,-86.18,0.));
#12005=CARTESIAN_POINT('',(85.56,-86.18,0.));
#12006=CARTESIAN_POINT('',(78.56,-86.18,0.));
#12007=CARTESIAN_POINT('',(78.56,-93.18,0.));
#12008=CARTESIAN_POINT('',(54.46,-93.18,0.));
#12009=CARTESIAN_POINT('',(54.46,-86.18,0.));
#12010=CARTESIAN_POINT('',(54.46,-100.18,0.));
#12011=CARTESIAN_POINT('',(47.46,-86.18,0.));
#12012=CARTESIAN_POINT('',(40.46,-86.18,0.));
#12013=CARTESIAN_POINT('',(40.46,-93.18,0.));
#12014=CARTESIAN_POINT('',(40.46,-100.18,0.));
#12015=CARTESIAN_POINT('',(47.46,-100.18,0.));
#12016=CARTESIAN_POINT('',(46.87,-32.188,0.));
#12017=CARTESIAN_POINT('',(47.52,-32.188,0.));
#12018=CARTESIAN_POINT('',(46.22,-32.188,0.));
#12019=CARTESIAN_POINT('',(47.52,-31.438,0.));
#12020=CARTESIAN_POINT('',(47.52,-30.688,0.));
#12021=CARTESIAN_POINT('',(46.87,-30.688,0.));
#12022=CARTESIAN_POINT('',(46.22,-30.688,0.));
#12023=CARTESIAN_POINT('',(46.22,-31.438,0.));
#12024=CARTESIAN_POINT('',(110.11964330165,-60.6816933780532,0.));
#12025=CARTESIAN_POINT('',(98.3792866033003,-60.6816933780532,0.));
#12026=CARTESIAN_POINT('',(121.86,-60.6816933780532,0.));
#12027=CARTESIAN_POINT('',(98.3792866033003,-72.2089387612279,0.));
#12028=CARTESIAN_POINT('',(98.3792866033003,-83.7361841444025,0.));
#12029=CARTESIAN_POINT('',(110.11964330165,-83.7361841444025,0.));
#12030=CARTESIAN_POINT('',(74.21,-111.377,0.));
#12031=CARTESIAN_POINT('',(26.56,-111.377,0.));
#12032=CARTESIAN_POINT('',(26.56,-67.177,0.));
#12033=CARTESIAN_POINT('',(26.56,-22.977,0.));
#12034=CARTESIAN_POINT('',(74.21,-22.977,0.));
#12035=CARTESIAN_POINT('',(121.86,-22.977,0.));
#12036=CARTESIAN_POINT('',(121.86,-67.177,0.));
#12037=CARTESIAN_POINT('',(61.2461841106415,-30.158121407032,0.));
#12038=CARTESIAN_POINT('',(63.7461841106415,-30.158121407032,0.));
#12039=CARTESIAN_POINT('',(63.7461841106415,-30.158121407032,1.4));
#12040=CARTESIAN_POINT('',(61.2461841106415,-30.158121407032,1.4));
#12041=CARTESIAN_POINT('',(58.7461841106415,-30.158121407032,1.4));
#12042=CARTESIAN_POINT('',(58.7461841106415,-30.158121407032,0.));
#12043=CARTESIAN_POINT('',(58.7461841106415,-36.658121407032,0.));
#12044=CARTESIAN_POINT('',(58.7461841106415,-36.658121407032,1.4));
#12045=CARTESIAN_POINT('',(58.7461841106415,-43.158121407032,1.4));
#12046=CARTESIAN_POINT('',(58.7461841106415,-43.158121407032,0.));
#12047=CARTESIAN_POINT('',(61.2461841106415,-43.158121407032,0.));
#12048=CARTESIAN_POINT('',(61.2461841106415,-43.158121407032,1.4));
#12049=CARTESIAN_POINT('',(63.7461841106415,-43.158121407032,1.4));
#12050=CARTESIAN_POINT('',(63.7461841106415,-43.158121407032,0.));
#12051=CARTESIAN_POINT('',(63.7461841106415,-36.658121407032,0.));
#12052=CARTESIAN_POINT('',(63.7461841106415,-36.658121407032,1.4));
#12053=CARTESIAN_POINT('',(121.86,-67.177,3.));
#12054=CARTESIAN_POINT('',(121.86,-22.977,3.));
#12055=CARTESIAN_POINT('',(121.86,-22.977,2.));
#12056=CARTESIAN_POINT('',(121.86,-67.177,2.));
#12057=CARTESIAN_POINT('',(121.86,-60.6816933780532,2.));
#12058=CARTESIAN_POINT('',(121.86,-60.6816933780532,0.));
#12059=CARTESIAN_POINT('',(74.21,-22.977,3.));
#12060=CARTESIAN_POINT('',(26.56,-22.977,3.));
#12061=CARTESIAN_POINT('',(26.56,-22.977,2.));
#12062=CARTESIAN_POINT('',(74.21,-22.977,2.));
#12063=CARTESIAN_POINT('',(26.56,-67.177,3.));
#12064=CARTESIAN_POINT('',(26.56,-111.377,3.));
#12065=CARTESIAN_POINT('',(26.56,-111.377,2.));
#12066=CARTESIAN_POINT('',(26.56,-67.177,2.));
#12067=CARTESIAN_POINT('',(74.21,-111.377,3.));
#12068=CARTESIAN_POINT('',(74.21,-111.377,2.));
#12069=CARTESIAN_POINT('',(59.51,-55.08,0.));
#12070=CARTESIAN_POINT('',(59.51,-62.08,0.));
#12071=CARTESIAN_POINT('',(59.51,-48.08,0.));
#12072=CARTESIAN_POINT('',(66.51,-48.08,0.));
#12073=CARTESIAN_POINT('',(73.51,-48.08,0.));
#12074=CARTESIAN_POINT('',(73.51,-55.08,0.));
#12075=CARTESIAN_POINT('',(73.51,-62.08,0.));
#12076=CARTESIAN_POINT('',(66.51,-62.08,0.));
#12077=CARTESIAN_POINT('',(78.56,-55.08,0.));
#12078=CARTESIAN_POINT('',(78.56,-62.08,0.));
#12079=CARTESIAN_POINT('',(78.56,-48.08,0.));
#12080=CARTESIAN_POINT('',(85.56,-48.08,0.));
#12081=CARTESIAN_POINT('',(92.56,-48.08,0.));
#12082=CARTESIAN_POINT('',(92.56,-55.08,0.));
#12083=CARTESIAN_POINT('',(92.56,-62.08,0.));
#12084=CARTESIAN_POINT('',(85.56,-62.08,0.));
#12085=CARTESIAN_POINT('',(40.46,-74.13,0.));
#12086=CARTESIAN_POINT('',(40.46,-81.13,0.));
#12087=CARTESIAN_POINT('',(40.46,-67.13,0.));
#12088=CARTESIAN_POINT('',(47.46,-67.13,0.));
#12089=CARTESIAN_POINT('',(54.46,-67.13,0.));
#12090=CARTESIAN_POINT('',(54.46,-74.13,0.));
#12091=CARTESIAN_POINT('',(54.46,-81.13,0.));
#12092=CARTESIAN_POINT('',(47.46,-81.13,0.));
#12093=CARTESIAN_POINT('',(59.51,-74.13,0.));
#12094=CARTESIAN_POINT('',(59.51,-81.13,0.));
#12095=CARTESIAN_POINT('',(59.51,-67.13,0.));
#12096=CARTESIAN_POINT('',(66.51,-67.13,0.));
#12097=CARTESIAN_POINT('',(73.51,-67.13,0.));
#12098=CARTESIAN_POINT('',(73.51,-74.13,0.));
#12099=CARTESIAN_POINT('',(73.51,-81.13,0.));
#12100=CARTESIAN_POINT('',(66.51,-81.13,0.));
#12101=CARTESIAN_POINT('',(78.56,-74.13,0.));
#12102=CARTESIAN_POINT('',(78.56,-81.13,0.));
#12103=CARTESIAN_POINT('',(78.56,-67.13,0.));
#12104=CARTESIAN_POINT('',(85.56,-67.13,0.));
#12105=CARTESIAN_POINT('',(92.56,-67.13,0.));
#12106=CARTESIAN_POINT('',(92.56,-74.13,0.));
#12107=CARTESIAN_POINT('',(92.56,-81.13,0.));
#12108=CARTESIAN_POINT('',(85.56,-81.13,0.));
#12109=CARTESIAN_POINT('',(78.56,-93.18,0.));
#12110=CARTESIAN_POINT('',(78.56,-100.18,0.));
#12111=CARTESIAN_POINT('',(78.56,-86.18,0.));
#12112=CARTESIAN_POINT('',(85.56,-86.18,0.));
#12113=CARTESIAN_POINT('',(92.56,-86.18,0.));
#12114=CARTESIAN_POINT('',(92.56,-93.18,0.));
#12115=CARTESIAN_POINT('',(92.56,-100.18,0.));
#12116=CARTESIAN_POINT('',(85.56,-100.18,0.));
#12117=CARTESIAN_POINT('',(59.51,-93.18,0.));
#12118=CARTESIAN_POINT('',(59.51,-100.18,0.));
#12119=CARTESIAN_POINT('',(59.51,-86.18,0.));
#12120=CARTESIAN_POINT('',(66.51,-86.18,0.));
#12121=CARTESIAN_POINT('',(73.51,-86.18,0.));
#12122=CARTESIAN_POINT('',(73.51,-93.18,0.));
#12123=CARTESIAN_POINT('',(73.51,-100.18,0.));
#12124=CARTESIAN_POINT('',(66.51,-100.18,0.));
#12125=CARTESIAN_POINT('',(54.46,-93.18,0.));
#12126=CARTESIAN_POINT('',(54.46,-86.18,0.));
#12127=CARTESIAN_POINT('',(54.46,-100.18,0.));
#12128=CARTESIAN_POINT('',(47.46,-86.18,0.));
#12129=CARTESIAN_POINT('',(40.46,-86.18,0.));
#12130=CARTESIAN_POINT('',(40.46,-93.18,0.));
#12131=CARTESIAN_POINT('',(40.46,-100.18,0.));
#12132=CARTESIAN_POINT('',(47.46,-100.18,0.));
#12133=CARTESIAN_POINT('',(117.86,-26.977,0.));
#12134=CARTESIAN_POINT('',(117.86,-26.977,2.7));
#12135=CARTESIAN_POINT('',(119.46,-26.977,2.7));
#12136=CARTESIAN_POINT('',(46.87,-37.038,0.));
#12137=CARTESIAN_POINT('',(46.87,-41.888,0.));
#12138=CARTESIAN_POINT('',(46.22,-41.888,0.));
#12139=CARTESIAN_POINT('',(47.52,-41.888,0.));
#12140=CARTESIAN_POINT('',(46.22,-42.638,0.));
#12141=CARTESIAN_POINT('',(46.22,-43.388,0.));
#12142=CARTESIAN_POINT('',(46.87,-43.388,0.));
#12143=CARTESIAN_POINT('',(47.52,-43.388,0.));
#12144=CARTESIAN_POINT('',(47.52,-42.638,0.));
#12145=CARTESIAN_POINT('',(46.87,-32.188,0.));
#12146=CARTESIAN_POINT('',(47.52,-32.188,0.));
#12147=CARTESIAN_POINT('',(46.22,-32.188,0.));
#12148=CARTESIAN_POINT('',(47.52,-31.438,0.));
#12149=CARTESIAN_POINT('',(47.52,-30.688,0.));
#12150=CARTESIAN_POINT('',(46.87,-30.688,0.));
#12151=CARTESIAN_POINT('',(46.22,-30.688,0.));
#12152=CARTESIAN_POINT('',(46.22,-31.438,0.));
#12153=CARTESIAN_POINT('',(117.86,-107.377,0.));
#12154=CARTESIAN_POINT('',(117.86,-107.377,2.7));
#12155=CARTESIAN_POINT('',(119.46,-107.377,2.7));
#12156=CARTESIAN_POINT('',(30.56,-107.377,0.));
#12157=CARTESIAN_POINT('',(30.56,-107.377,2.7));
#12158=CARTESIAN_POINT('',(32.16,-107.377,2.7));
#12159=CARTESIAN_POINT('',(30.56,-26.977,0.));
#12160=CARTESIAN_POINT('',(30.56,-26.977,2.7));
#12161=CARTESIAN_POINT('',(32.16,-26.977,2.7));
#12162=CARTESIAN_POINT('',(40.46,-55.08,0.));
#12163=CARTESIAN_POINT('',(40.46,-62.08,0.));
#12164=CARTESIAN_POINT('',(40.46,-48.08,0.));
#12165=CARTESIAN_POINT('',(47.46,-48.08,0.));
#12166=CARTESIAN_POINT('',(54.46,-48.08,0.));
#12167=CARTESIAN_POINT('',(54.46,-55.08,0.));
#12168=CARTESIAN_POINT('',(54.46,-62.08,0.));
#12169=CARTESIAN_POINT('',(47.46,-62.08,0.));
#12170=CARTESIAN_POINT('',(113.748769838256,-109.387068331867,3.6));
#12171=CARTESIAN_POINT('',(113.748769838256,-109.387068331867,3.));
#12172=CARTESIAN_POINT('',(113.758858435918,-109.59587205765,3.));
#12173=CARTESIAN_POINT('',(113.823953719423,-109.582545141312,3.));
#12174=CARTESIAN_POINT('',(113.758863333216,-109.595941615887,3.6));
#12175=CARTESIAN_POINT('',(113.758858435918,-109.59587205765,3.6));
#12176=CARTESIAN_POINT('',(113.748769838256,-109.387068331867,3.6));
#12177=CARTESIAN_POINT('',(113.823954779072,-109.582544764161,3.59999999999756));
#12178=CARTESIAN_POINT('',(113.823978528779,-109.582604768603,3.6));
#12179=CARTESIAN_POINT('',(113.752627576029,-109.4829782304,3.6));
#12180=CARTESIAN_POINT('',(113.752627576029,-109.4829782304,3.));
#12181=CARTESIAN_POINT('',(113.678491497789,-109.567801181304,3.));
#12182=CARTESIAN_POINT('',(113.678580742702,-109.567698880462,3.6));
#12183=CARTESIAN_POINT('',(113.678491497789,-109.567801181304,3.6));
#12184=CARTESIAN_POINT('',(113.752627576029,-109.4829782304,3.6));
#12185=CARTESIAN_POINT('',(113.793928135145,-109.452270677959,3.6));
#12186=CARTESIAN_POINT('',(113.793928135145,-109.452270677959,3.));
#12187=CARTESIAN_POINT('',(113.63496650302,-109.490804339723,3.));
#12188=CARTESIAN_POINT('',(113.634909105517,-109.490815878472,3.6));
#12189=CARTESIAN_POINT('',(113.63496650302,-109.490804339723,3.6));
#12190=CARTESIAN_POINT('',(113.793928135145,-109.452270677959,3.6));
#12191=CARTESIAN_POINT('',(114.026492393978,-109.387456675976,3.6));
#12192=CARTESIAN_POINT('',(114.026492393978,-109.387456675976,3.));
#12193=CARTESIAN_POINT('',(113.621366045951,-109.382029786424,3.));
#12194=CARTESIAN_POINT('',(113.621310751424,-109.382029045724,3.6));
#12195=CARTESIAN_POINT('',(113.621366045951,-109.382029786424,3.59999975));
#12196=CARTESIAN_POINT('',(114.026492393978,-109.387456675976,3.6));
#12197=CARTESIAN_POINT('',(113.621310751424,-108.936682949161,3.6));
#12198=CARTESIAN_POINT('',(113.621310751424,-108.936682949161,3.));
#12199=CARTESIAN_POINT('',(113.621491190891,-108.49133116885,3.));
#12200=CARTESIAN_POINT('',(113.621310751424,-108.491336852598,3.6));
#12201=CARTESIAN_POINT('',(113.621491190891,-108.49133116885,3.6));
#12202=CARTESIAN_POINT('',(113.621310751424,-108.936682949161,3.6));
#12203=CARTESIAN_POINT('',(113.931826011471,-108.481555785434,3.59999999999998));
#12204=CARTESIAN_POINT('',(113.931826011471,-108.481555785434,3.));
#12205=CARTESIAN_POINT('',(113.654656661144,-108.342476077094,3.));
#12206=CARTESIAN_POINT('',(113.654783623038,-108.342539477998,3.6));
#12207=CARTESIAN_POINT('',(113.654656661144,-108.342476077094,3.6));
#12208=CARTESIAN_POINT('',(113.931826011471,-108.481555785434,3.6));
#12209=CARTESIAN_POINT('',(113.755237728044,-108.393245008973,3.6));
#12210=CARTESIAN_POINT('',(113.755237728044,-108.393245008973,3.));
#12211=CARTESIAN_POINT('',(113.761984923247,-108.280729493245,3.));
#12212=CARTESIAN_POINT('',(113.76200141493,-108.280562364148,3.6));
#12213=CARTESIAN_POINT('',(113.761984923247,-108.280729493245,3.6));
#12214=CARTESIAN_POINT('',(113.755237728044,-108.393245008973,3.6));
#12215=CARTESIAN_POINT('',(113.75866382988,-108.487700966231,3.6));
#12216=CARTESIAN_POINT('',(113.75866382988,-108.487700966231,3.));
#12217=CARTESIAN_POINT('',(113.832331225485,-108.293939548496,3.));
#12218=CARTESIAN_POINT('',(113.832346746683,-108.293899211432,3.6));
#12219=CARTESIAN_POINT('',(113.832331387254,-108.29393961,3.6));
#12220=CARTESIAN_POINT('',(113.75866382988,-108.487700966231,3.6));
#12221=CARTESIAN_POINT('',(113.610068012602,-108.91153417342,3.6));
#12222=CARTESIAN_POINT('',(113.609919768835,-108.911495019599,3.));
#12223=CARTESIAN_POINT('',(113.902692078436,-108.323972494524,3.));
#12224=CARTESIAN_POINT('',(113.902692078436,-108.323972494524,3.6));
#12225=CARTESIAN_POINT('',(113.902692078436,-108.323972494524,3.6));
#12226=CARTESIAN_POINT('',(113.609919768835,-108.911495019599,3.59999999999996));
#12227=CARTESIAN_POINT('',(113.902692078436,-108.934852401494,3.6));
#12228=CARTESIAN_POINT('',(113.902692078436,-108.934852401494,3.));
#12229=CARTESIAN_POINT('',(113.902692078436,-109.545675640165,3.));
#12230=CARTESIAN_POINT('',(113.902692078436,-109.545675640165,3.6));
#12231=CARTESIAN_POINT('',(113.902692078436,-109.545675640165,3.6));
#12232=CARTESIAN_POINT('',(113.902692078436,-108.934852401494,3.6));
#12233=CARTESIAN_POINT('',(113.520892136579,-109.944268686129,3.6));
#12234=CARTESIAN_POINT('',(113.520892136579,-109.944268686129,3.));
#12235=CARTESIAN_POINT('',(113.37828375647,-109.944268686129,3.6));
#12236=CARTESIAN_POINT('',(113.37828375647,-109.944268686129,3.));
#12237=CARTESIAN_POINT('',(113.267927882865,-109.894059378707,3.6));
#12238=CARTESIAN_POINT('',(113.267927882865,-109.894059378707,3.));
#12239=CARTESIAN_POINT('',(113.189824515764,-109.793640763862,3.6));
#12240=CARTESIAN_POINT('',(113.189824515764,-109.793640763862,3.));
#12241=CARTESIAN_POINT('',(113.520892136579,-109.944268686129,3.6));
#12242=CARTESIAN_POINT('',(113.520892136579,-109.944268686129,3.6));
#12243=CARTESIAN_POINT('',(113.520892136579,-109.944268686129,3.6));
#12244=CARTESIAN_POINT('',(113.306979566416,-109.944268686129,3.6));
#12245=CARTESIAN_POINT('',(113.189824515764,-109.793640763862,3.6));
#12246=CARTESIAN_POINT('',(113.189824515764,-109.793640763862,3.6));
#12247=CARTESIAN_POINT('',(113.189824515764,-109.793640763862,3.6));
#12248=CARTESIAN_POINT('',(113.515451298818,-109.51417390188,3.6));
#12249=CARTESIAN_POINT('',(113.715191696031,-109.895628419564,3.6));
#12250=CARTESIAN_POINT('',(113.715182887402,-109.895613371721,3.6));
#12251=CARTESIAN_POINT('',(113.515451298818,-109.51417390188,3.6));
#12252=CARTESIAN_POINT('',(113.359528386375,-109.20830438257,3.6));
#12253=CARTESIAN_POINT('',(113.902692078436,-109.759862170255,3.6));
#12254=CARTESIAN_POINT('',(113.902692078436,-109.760167892247,3.6));
#12255=CARTESIAN_POINT('',(113.359528386375,-109.20830438257,3.6));
#12256=CARTESIAN_POINT('',(113.902692078436,-109.835481853381,3.6));
#12257=CARTESIAN_POINT('',(113.902692078436,-109.910795814514,3.6));
#12258=CARTESIAN_POINT('',(113.902692078436,-109.910795814514,3.6));
#12259=CARTESIAN_POINT('',(113.902692078436,-109.835481853381,3.6));
#12260=CARTESIAN_POINT('',(114.175443680735,-109.910795814514,3.6));
#12261=CARTESIAN_POINT('',(114.448195283034,-109.910795814514,3.6));
#12262=CARTESIAN_POINT('',(114.448195283034,-109.910795814514,3.6));
#12263=CARTESIAN_POINT('',(114.175443680735,-109.910795814514,3.6));
#12264=CARTESIAN_POINT('',(114.448195283034,-108.555144514114,3.6));
#12265=CARTESIAN_POINT('',(114.448195283034,-107.199493213713,3.6));
#12266=CARTESIAN_POINT('',(114.448195283034,-107.199493213713,3.6));
#12267=CARTESIAN_POINT('',(114.448195283034,-108.555144514114,3.6));
#12268=CARTESIAN_POINT('',(114.175443680735,-107.199493213713,3.6));
#12269=CARTESIAN_POINT('',(113.902692078436,-107.199493213713,3.6));
#12270=CARTESIAN_POINT('',(113.902692078436,-107.199493213713,3.6));
#12271=CARTESIAN_POINT('',(114.175443680735,-107.199493213713,3.6));
#12272=CARTESIAN_POINT('',(113.902692078436,-107.64797739199,3.6));
#12273=CARTESIAN_POINT('',(113.902692078436,-108.096491741575,3.6));
#12274=CARTESIAN_POINT('',(113.902692078436,-108.096461570267,3.6));
#12275=CARTESIAN_POINT('',(113.902692078436,-107.64797739199,3.6));
#12276=CARTESIAN_POINT('',(113.456677020076,-108.607053166265,3.6));
#12277=CARTESIAN_POINT('',(113.725128954791,-107.984536655805,3.6));
#12278=CARTESIAN_POINT('',(113.725130291459,-107.984533556189,3.6));
#12279=CARTESIAN_POINT('',(113.456677020076,-108.607053166265,3.6));
#12280=CARTESIAN_POINT('',(113.522942434465,-108.452746783994,3.6));
#12281=CARTESIAN_POINT('',(113.520892136579,-107.942695566286,3.6));
#12282=CARTESIAN_POINT('',(113.520880939458,-107.943035318607,3.6));
#12283=CARTESIAN_POINT('',(113.522942434465,-108.452746783994,3.6));
#12284=CARTESIAN_POINT('',(113.506313605178,-108.338417776605,3.6));
#12285=CARTESIAN_POINT('',(113.273506694801,-108.019578568276,3.6));
#12286=CARTESIAN_POINT('',(113.273352639198,-108.019367269875,3.6));
#12287=CARTESIAN_POINT('',(113.506313605178,-108.338417776605,3.6));
#12288=CARTESIAN_POINT('',(113.560743667403,-108.380770091172,3.6));
#12289=CARTESIAN_POINT('',(113.122878772534,-108.232183604392,3.6));
#12290=CARTESIAN_POINT('',(113.122858959489,-108.232175999891,3.6));
#12291=CARTESIAN_POINT('',(113.560743667403,-108.380770091172,3.6));
#12292=CARTESIAN_POINT('',(113.98697257664,-108.528357819641,3.6));
#12293=CARTESIAN_POINT('',(113.072669465112,-108.548345337067,3.6));
#12294=CARTESIAN_POINT('',(113.072936078313,-108.548339508654,3.59999975));
#12295=CARTESIAN_POINT('',(113.98697257664,-108.528357819641,3.6));
#12296=CARTESIAN_POINT('',(113.072669465112,-108.948450755588,3.6));
#12297=CARTESIAN_POINT('',(113.072669465112,-109.348556174109,3.6));
#12298=CARTESIAN_POINT('',(113.072669465112,-109.348556174109,3.6));
#12299=CARTESIAN_POINT('',(113.072669465112,-108.948450755588,3.6));
#12300=CARTESIAN_POINT('',(113.189824515764,-109.793640763862,3.6));
#12301=CARTESIAN_POINT('',(113.189824515764,-109.793640763862,3.));
#12302=CARTESIAN_POINT('',(113.111721148663,-109.693222149018,3.6));
#12303=CARTESIAN_POINT('',(113.111721148663,-109.693222149018,3.));
#12304=CARTESIAN_POINT('',(113.072669465112,-109.5448606191,3.6));
#12305=CARTESIAN_POINT('',(113.072669465112,-109.5448606191,3.));
#12306=CARTESIAN_POINT('',(113.072669465112,-109.348556174109,3.6));
#12307=CARTESIAN_POINT('',(113.072669465112,-109.348556174109,3.));
#12308=CARTESIAN_POINT('',(113.189824515764,-109.793640763862,3.6));
#12309=CARTESIAN_POINT('',(113.072669465112,-109.643012841595,3.6));
#12310=CARTESIAN_POINT('',(113.072669465112,-109.348556174109,3.6));
#12311=CARTESIAN_POINT('',(113.673746944413,-109.160640862777,3.6));
#12312=CARTESIAN_POINT('',(113.673746944413,-109.160640862777,3.));
#12313=CARTESIAN_POINT('',(113.673746944413,-109.160640862777,3.6));
#12314=CARTESIAN_POINT('',(74.21,-67.177,3.6));
#12315=CARTESIAN_POINT('',(74.21,-67.177,3.));
#12316=CARTESIAN_POINT('',(112.10348460746,-109.431668851465,3.6));
#12317=CARTESIAN_POINT('',(112.10348460746,-109.431668851465,3.));
#12318=CARTESIAN_POINT('',(112.101954517659,-109.575979088983,3.));
#12319=CARTESIAN_POINT('',(112.163939961174,-109.562744633188,3.));
#12320=CARTESIAN_POINT('',(112.101956188282,-109.576067098366,3.6));
#12321=CARTESIAN_POINT('',(112.101954517659,-109.575979088983,3.6));
#12322=CARTESIAN_POINT('',(112.10348460746,-109.431668851465,3.6));
#12323=CARTESIAN_POINT('',(112.16393993859,-109.562744639873,3.6));
#12324=CARTESIAN_POINT('',(112.163933302131,-109.562730251082,3.6));
#12325=CARTESIAN_POINT('',(112.097891511277,-109.448559359588,3.6));
#12326=CARTESIAN_POINT('',(112.097891511277,-109.448559359588,3.));
#12327=CARTESIAN_POINT('',(111.99135439468,-109.519207256351,3.));
#12328=CARTESIAN_POINT('',(111.991600314677,-109.519058613897,3.6));
#12329=CARTESIAN_POINT('',(111.99135439468,-109.519207256351,3.6));
#12330=CARTESIAN_POINT('',(112.097891511277,-109.448559359588,3.6));
#12331=CARTESIAN_POINT('',(112.216399422745,-109.380510201931,3.6));
#12332=CARTESIAN_POINT('',(112.216399422745,-109.380510201931,3.));
#12333=CARTESIAN_POINT('',(111.951686325112,-109.36532820399,3.));
#12334=CARTESIAN_POINT('',(111.951328266015,-109.365292609916,3.6));
#12335=CARTESIAN_POINT('',(111.951686325112,-109.36532820399,3.6));
#12336=CARTESIAN_POINT('',(112.216399422745,-109.380510201931,3.6));
#12337=CARTESIAN_POINT('',(112.33130341926,-109.358694442486,3.6));
#12338=CARTESIAN_POINT('',(112.33130341926,-109.358694442486,3.));
#12339=CARTESIAN_POINT('',(111.972953107085,-109.232942587494,3.));
#12340=CARTESIAN_POINT('',(111.973033331203,-109.232970164314,3.6));
#12341=CARTESIAN_POINT('',(111.972953107085,-109.232942587494,3.6));
#12342=CARTESIAN_POINT('',(112.33130341926,-109.358694442486,3.6));
#12343=CARTESIAN_POINT('',(112.337513678537,-109.36875817371,3.6));
#12344=CARTESIAN_POINT('',(112.337513678537,-109.36875817371,3.));
#12345=CARTESIAN_POINT('',(112.034995817811,-109.12417133636,3.));
#12346=CARTESIAN_POINT('',(112.035010445052,-109.124183331566,3.6));
#12347=CARTESIAN_POINT('',(112.034995817811,-109.12417133636,3.6));
#12348=CARTESIAN_POINT('',(112.337513678537,-109.36875817371,3.6));
#12349=CARTESIAN_POINT('',(112.43239949537,-109.447512341241,3.6));
#12350=CARTESIAN_POINT('',(112.43239949537,-109.447512341241,3.));
#12351=CARTESIAN_POINT('',(112.13230360896,-109.032150680117,3.));
#12352=CARTESIAN_POINT('',(112.132290978183,-109.032132934625,3.6));
#12353=CARTESIAN_POINT('',(112.13230360896,-109.032150680117,3.6));
#12354=CARTESIAN_POINT('',(112.43239949537,-109.447512341241,3.6));
#12355=CARTESIAN_POINT('',(113.091897788681,-110.347235869746,3.6));
#12356=CARTESIAN_POINT('',(113.091897788681,-110.347235869746,3.));
#12357=CARTESIAN_POINT('',(112.256245205881,-108.950052766457,3.));
#12358=CARTESIAN_POINT('',(112.256245205881,-108.950052766457,3.6));
#12359=CARTESIAN_POINT('',(112.256245205881,-108.950052766457,3.6));
#12360=CARTESIAN_POINT('',(113.091897788681,-110.347235869746,3.6));
#12361=CARTESIAN_POINT('',(112.256245205881,-109.21440318084,3.6));
#12362=CARTESIAN_POINT('',(112.256245205881,-109.21440318084,3.));
#12363=CARTESIAN_POINT('',(112.256245205881,-109.478840715064,3.));
#12364=CARTESIAN_POINT('',(112.256245205881,-109.478840715064,3.6));
#12365=CARTESIAN_POINT('',(112.256245205881,-109.478840715064,3.6));
#12366=CARTESIAN_POINT('',(112.256245205881,-109.21440318084,3.6));
#12367=CARTESIAN_POINT('',(111.9544054567,-109.260815609714,3.6));
#12368=CARTESIAN_POINT('',(111.9544054567,-109.260815609714,3.));
#12369=CARTESIAN_POINT('',(112.215951669925,-109.525836309545,3.));
#12370=CARTESIAN_POINT('',(112.215951816312,-109.525836161094,3.6));
#12371=CARTESIAN_POINT('',(112.215951715844,-109.525836062024,3.6));
#12372=CARTESIAN_POINT('',(111.9544054567,-109.260815609714,3.6));
#12373=CARTESIAN_POINT('',(111.891683025667,-109.521366865188,3.6));
#12374=CARTESIAN_POINT('',(111.90791813564,-109.944268686129,3.6));
#12375=CARTESIAN_POINT('',(111.907912394775,-109.943776499819,3.6));
#12376=CARTESIAN_POINT('',(111.891683025667,-109.521366865188,3.6));
#12377=CARTESIAN_POINT('',(111.659869906153,-109.874138191871,3.5999999999999));
#12378=CARTESIAN_POINT('',(111.660009680242,-109.873923354376,3.6));
#12379=CARTESIAN_POINT('',(111.925261294079,-109.614467736116,3.6));
#12380=CARTESIAN_POINT('',(112.153734536561,-109.850649248331,3.6));
#12381=CARTESIAN_POINT('',(112.153906129962,-109.850828360031,3.6));
#12382=CARTESIAN_POINT('',(111.925261294079,-109.614467736116,3.6));
#12383=CARTESIAN_POINT('',(111.809694472345,-109.504702324938,3.6));
#12384=CARTESIAN_POINT('',(112.279579029881,-109.635399121926,3.6));
#12385=CARTESIAN_POINT('',(112.279257805117,-109.636213664549,3.6));
#12386=CARTESIAN_POINT('',(111.809694472345,-109.504702324938,3.6));
#12387=CARTESIAN_POINT('',(111.398393392999,-109.850423664499,3.6));
#12388=CARTESIAN_POINT('',(112.299393829447,-109.74343145644,3.6));
#12389=CARTESIAN_POINT('',(112.299321360123,-109.743436700378,3.6));
#12390=CARTESIAN_POINT('',(111.398393392999,-109.850423664499,3.6));
#12391=CARTESIAN_POINT('',(112.311746585317,-109.829260744018,3.60000000041509));
#12392=CARTESIAN_POINT('',(112.323342608062,-109.910795814514,3.6));
#12393=CARTESIAN_POINT('',(112.323342608062,-109.910795814514,3.6));
#12394=CARTESIAN_POINT('',(112.311746585317,-109.829260744018,3.6));
#12395=CARTESIAN_POINT('',(112.567438309176,-109.910795814514,3.6));
#12396=CARTESIAN_POINT('',(112.811509547669,-109.910795814514,3.60000000041509));
#12397=CARTESIAN_POINT('',(112.811509547669,-109.910795814514,3.6));
#12398=CARTESIAN_POINT('',(112.567438309176,-109.910795814514,3.6));
#12399=CARTESIAN_POINT('',(112.804349715058,-109.856925411759,3.60000000041509));
#12400=CARTESIAN_POINT('',(112.79651827429,-109.796778845576,3.6));
#12401=CARTESIAN_POINT('',(112.796438404043,-109.796789517177,3.6));
#12402=CARTESIAN_POINT('',(112.804349715058,-109.856925411759,3.6));
#12403=CARTESIAN_POINT('',(115.112767750818,-109.523029866719,3.6));
#12404=CARTESIAN_POINT('',(112.783181427006,-109.639613253072,3.6));
#12405=CARTESIAN_POINT('',(112.783175745258,-109.639613522609,3.6));
#12406=CARTESIAN_POINT('',(115.112767750818,-109.523029866719,3.6));
#12407=CARTESIAN_POINT('',(116.711424336129,-109.444140295085,3.6));
#12408=CARTESIAN_POINT('',(112.778212797625,-109.428577257813,3.6));
#12409=CARTESIAN_POINT('',(112.77824556199,-109.428577387456,3.59999975));
#12410=CARTESIAN_POINT('',(116.711424336129,-109.444140295085,3.6));
#12411=CARTESIAN_POINT('',(112.778212797625,-108.976693491013,3.6));
#12412=CARTESIAN_POINT('',(112.778212797625,-108.524809724213,3.6));
#12413=CARTESIAN_POINT('',(112.778212797625,-108.524809724213,3.6));
#12414=CARTESIAN_POINT('',(112.778212797625,-108.976693491013,3.6));
#12415=CARTESIAN_POINT('',(112.632553504739,-108.10509129498,3.6));
#12416=CARTESIAN_POINT('',(112.632553504739,-108.10509129498,3.));
#12417=CARTESIAN_POINT('',(112.729659699996,-108.213355114109,3.6));
#12418=CARTESIAN_POINT('',(112.729659699996,-108.213355114109,3.));
#12419=CARTESIAN_POINT('',(112.778212797625,-108.353261257187,3.6));
#12420=CARTESIAN_POINT('',(112.778212797625,-108.353261257187,3.));
#12421=CARTESIAN_POINT('',(112.778212797625,-108.524809724213,3.6));
#12422=CARTESIAN_POINT('',(112.778212797625,-108.524809724213,3.));
#12423=CARTESIAN_POINT('',(112.632553504739,-108.10509129498,3.6));
#12424=CARTESIAN_POINT('',(112.632553504739,-108.10509129498,3.6));
#12425=CARTESIAN_POINT('',(112.632553504739,-108.10509129498,3.6));
#12426=CARTESIAN_POINT('',(112.778212797625,-108.267487023674,3.6));
#12427=CARTESIAN_POINT('',(112.778212797625,-108.524809724213,3.6));
#12428=CARTESIAN_POINT('',(112.192437544366,-107.942695566286,3.6));
#12429=CARTESIAN_POINT('',(112.192437544366,-107.942695566286,3.));
#12430=CARTESIAN_POINT('',(112.388741989357,-107.942695566286,3.6));
#12431=CARTESIAN_POINT('',(112.388741989357,-107.942695566286,3.));
#12432=CARTESIAN_POINT('',(112.535447309481,-107.996827475851,3.6));
#12433=CARTESIAN_POINT('',(112.535447309481,-107.996827475851,3.));
#12434=CARTESIAN_POINT('',(112.632553504739,-108.10509129498,3.6));
#12435=CARTESIAN_POINT('',(112.632553504739,-108.10509129498,3.));
#12436=CARTESIAN_POINT('',(112.192437544366,-107.942695566286,3.6));
#12437=CARTESIAN_POINT('',(112.192437544366,-107.942695566286,3.6));
#12438=CARTESIAN_POINT('',(112.192437544366,-107.942695566286,3.6));
#12439=CARTESIAN_POINT('',(112.486894211852,-107.942695566286,3.6));
#12440=CARTESIAN_POINT('',(112.632553504739,-108.10509129498,3.6));
#12441=CARTESIAN_POINT('',(111.685375840763,-108.108229376694,3.6));
#12442=CARTESIAN_POINT('',(111.685375840763,-108.108229376694,3.));
#12443=CARTESIAN_POINT('',(111.79817244459,-107.997873503089,3.6));
#12444=CARTESIAN_POINT('',(111.79817244459,-107.997873503089,3.));
#12445=CARTESIAN_POINT('',(111.967193012458,-107.942695566286,3.6));
#12446=CARTESIAN_POINT('',(111.967193012458,-107.942695566286,3.));
#12447=CARTESIAN_POINT('',(112.192437544366,-107.942695566286,3.6));
#12448=CARTESIAN_POINT('',(112.192437544366,-107.942695566286,3.));
#12449=CARTESIAN_POINT('',(111.685375840763,-108.108229376694,3.6));
#12450=CARTESIAN_POINT('',(111.685375840763,-108.108229376694,3.6));
#12451=CARTESIAN_POINT('',(111.685375840763,-108.108229376694,3.6));
#12452=CARTESIAN_POINT('',(111.854570746504,-107.942695566286,3.6));
#12453=CARTESIAN_POINT('',(112.192437544366,-107.942695566286,3.6));
#12454=CARTESIAN_POINT('',(111.499444499215,-108.622090257343,3.6));
#12455=CARTESIAN_POINT('',(111.499444499215,-108.622090257343,3.));
#12456=CARTESIAN_POINT('',(111.510602123087,-108.389872210515,3.6));
#12457=CARTESIAN_POINT('',(111.510602123087,-108.389872210515,3.));
#12458=CARTESIAN_POINT('',(111.572579236936,-108.218585250299,3.6));
#12459=CARTESIAN_POINT('',(111.572579236936,-108.218585250299,3.));
#12460=CARTESIAN_POINT('',(111.685375840763,-108.108229376694,3.6));
#12461=CARTESIAN_POINT('',(111.685375840763,-108.108229376694,3.));
#12462=CARTESIAN_POINT('',(111.499444499215,-108.622090257343,3.6));
#12463=CARTESIAN_POINT('',(111.499444499215,-108.622090257343,3.6));
#12464=CARTESIAN_POINT('',(111.499444499215,-108.622090257343,3.6));
#12465=CARTESIAN_POINT('',(111.516180935022,-108.273763187101,3.6));
#12466=CARTESIAN_POINT('',(111.685375840763,-108.108229376694,3.6));
#12467=CARTESIAN_POINT('',(111.75389062485,-108.632027516104,3.6));
#12468=CARTESIAN_POINT('',(112.008336750484,-108.641964774865,3.6));
#12469=CARTESIAN_POINT('',(112.008336750484,-108.641964774865,3.6));
#12470=CARTESIAN_POINT('',(111.75389062485,-108.632027516104,3.6));
#12471=CARTESIAN_POINT('',(112.015135927531,-108.571880949921,3.6));
#12472=CARTESIAN_POINT('',(112.021935104578,-108.501797124977,3.6));
#12473=CARTESIAN_POINT('',(112.021967223568,-108.501799078201,3.6));
#12474=CARTESIAN_POINT('',(112.015135927531,-108.571880949921,3.6));
#12475=CARTESIAN_POINT('',(112.415525252643,-108.525732172092,3.6));
#12476=CARTESIAN_POINT('',(112.035010445052,-108.422822068511,3.6));
#12477=CARTESIAN_POINT('',(112.035043337212,-108.422829440413,3.6));
#12478=CARTESIAN_POINT('',(112.415525252643,-108.525732172092,3.6));
#12479=CARTESIAN_POINT('',(112.137200196789,-108.448556461277,3.6));
#12480=CARTESIAN_POINT('',(112.070052357524,-108.367644131709,3.6));
#12481=CARTESIAN_POINT('',(112.069923023874,-108.36746326757,3.6));
#12482=CARTESIAN_POINT('',(112.137200196789,-108.448556461277,3.6));
#12483=CARTESIAN_POINT('',(112.133992485791,-108.462402085827,3.6));
#12484=CARTESIAN_POINT('',(112.142676823753,-108.347973942997,3.6));
#12485=CARTESIAN_POINT('',(112.142676823755,-108.347973942999,3.6));
#12486=CARTESIAN_POINT('',(112.133992485791,-108.462402085827,3.6));
#12487=CARTESIAN_POINT('',(112.150794940396,-108.449313369383,3.6));
#12488=CARTESIAN_POINT('',(112.212573568696,-108.369213172566,3.6));
#12489=CARTESIAN_POINT('',(112.212719337441,-108.369004446573,3.6));
#12490=CARTESIAN_POINT('',(112.150794940396,-108.449313369383,3.6));
#12491=CARTESIAN_POINT('',(112.124940387417,-108.456421518845,3.6));
#12492=CARTESIAN_POINT('',(112.246046440311,-108.429621245558,3.6));
#12493=CARTESIAN_POINT('',(112.245999817757,-108.429629173881,3.6));
#12494=CARTESIAN_POINT('',(112.124940387417,-108.456421518845,3.6));
#12495=CARTESIAN_POINT('',(111.90405071043,-108.513013722592,3.6));
#12496=CARTESIAN_POINT('',(112.256245205881,-108.518533560785,3.6));
#12497=CARTESIAN_POINT('',(112.256191383619,-108.518532717245,3.59999975));
#12498=CARTESIAN_POINT('',(111.90405071043,-108.513013722592,3.6));
#12499=CARTESIAN_POINT('',(112.256245205881,-108.615552587106,3.6));
#12500=CARTESIAN_POINT('',(112.256245205881,-108.712550141418,3.6));
#12501=CARTESIAN_POINT('',(112.256245205881,-108.712550141418,3.6));
#12502=CARTESIAN_POINT('',(112.256245205881,-108.615552587106,3.6));
#12503=CARTESIAN_POINT('',(113.643891374045,-112.80032361381,3.6));
#12504=CARTESIAN_POINT('',(111.978263467393,-108.817697350842,3.6));
#12505=CARTESIAN_POINT('',(111.978279163261,-108.817735244131,3.6));
#12506=CARTESIAN_POINT('',(113.643891374045,-112.80032361381,3.6));
#12507=CARTESIAN_POINT('',(112.476729248516,-110.026023335093,3.6));
#12508=CARTESIAN_POINT('',(111.720679260044,-108.959957055205,3.6));
#12509=CARTESIAN_POINT('',(111.720668488335,-108.959941842524,3.6));
#12510=CARTESIAN_POINT('',(112.476729248516,-110.026023335093,3.6));
#12511=CARTESIAN_POINT('',(112.103294720051,-109.499041393911,3.6));
#12512=CARTESIAN_POINT('',(111.531348329973,-109.167593461941,3.6));
#12513=CARTESIAN_POINT('',(111.531348329973,-109.167593461941,3.6));
#12514=CARTESIAN_POINT('',(112.103294720051,-109.499041393911,3.6));
#12515=CARTESIAN_POINT('',(111.459172450553,-109.472510401807,3.6));
#12516=CARTESIAN_POINT('',(111.459172450553,-109.472510401807,3.));
#12517=CARTESIAN_POINT('',(111.459172450553,-109.351868593696,3.6));
#12518=CARTESIAN_POINT('',(111.459172450553,-109.351868593696,3.));
#12519=CARTESIAN_POINT('',(111.483231077027,-109.25022961374,3.6));
#12520=CARTESIAN_POINT('',(111.483231077027,-109.25022961374,3.));
#12521=CARTESIAN_POINT('',(111.531348329973,-109.167593461941,3.6));
#12522=CARTESIAN_POINT('',(111.531348329973,-109.167593461941,3.));
#12523=CARTESIAN_POINT('',(111.459172450553,-109.472510401807,3.6));
#12524=CARTESIAN_POINT('',(111.459172450553,-109.472510401807,3.6));
#12525=CARTESIAN_POINT('',(111.459172450553,-109.472510401807,3.6));
#12526=CARTESIAN_POINT('',(111.459172450553,-109.29154768964,3.6));
#12527=CARTESIAN_POINT('',(111.531348329973,-109.167593461941,3.6));
#12528=CARTESIAN_POINT('',(111.984174881506,-109.470170273442,3.6));
#12529=CARTESIAN_POINT('',(111.509381757976,-109.694791189875,3.6));
#12530=CARTESIAN_POINT('',(111.509436905852,-109.694764562702,3.6));
#12531=CARTESIAN_POINT('',(111.984174881506,-109.470170273442,3.6));
#12532=CARTESIAN_POINT('',(111.909991544704,-109.510503533923,3.6));
#12533=CARTESIAN_POINT('',(111.909991544704,-109.510503533923,3.6));
#12534=CARTESIAN_POINT('',(112.085627044944,-109.397323637428,3.6));
#12535=CARTESIAN_POINT('',(112.085627044944,-109.397323637428,3.));
#12536=CARTESIAN_POINT('',(112.085627044944,-109.397323637428,3.6));
#12537=CARTESIAN_POINT('',(74.21,-67.177,3.6));
#12538=CARTESIAN_POINT('',(74.21,-67.177,3.));
#12539=CARTESIAN_POINT('',(110.328417006315,-108.340708930331,3.6));
#12540=CARTESIAN_POINT('',(110.328417006315,-108.340708930331,3.));
#12541=CARTESIAN_POINT('',(110.227998391471,-108.340708930331,3.));
#12542=CARTESIAN_POINT('',(110.428835621159,-108.340708930331,3.));
#12543=CARTESIAN_POINT('',(110.227998391471,-108.340708930331,3.6));
#12544=CARTESIAN_POINT('',(110.227998391471,-108.340708930331,3.6));
#12545=CARTESIAN_POINT('',(110.328417006315,-108.340708930331,3.6));
#12546=CARTESIAN_POINT('',(110.428835621159,-108.340708930331,3.6));
#12547=CARTESIAN_POINT('',(110.428835621159,-108.340708930331,3.6));
#12548=CARTESIAN_POINT('',(110.227998391471,-107.980875560472,3.6));
#12549=CARTESIAN_POINT('',(110.227998391471,-107.980875560472,3.));
#12550=CARTESIAN_POINT('',(110.227998391471,-107.621042190612,3.));
#12551=CARTESIAN_POINT('',(110.227998391471,-107.621042190612,3.6));
#12552=CARTESIAN_POINT('',(110.227998391471,-107.621042190612,3.6));
#12553=CARTESIAN_POINT('',(110.227998391471,-107.980875560472,3.6));
#12554=CARTESIAN_POINT('',(110.326586458649,-107.621042190612,3.6));
#12555=CARTESIAN_POINT('',(110.326586458649,-107.621042190612,3.));
#12556=CARTESIAN_POINT('',(110.425174525827,-107.621042190612,3.));
#12557=CARTESIAN_POINT('',(110.425174525827,-107.621042190612,3.6));
#12558=CARTESIAN_POINT('',(110.425174525827,-107.621042190612,3.6));
#12559=CARTESIAN_POINT('',(110.326586458649,-107.621042190612,3.6));
#12560=CARTESIAN_POINT('',(110.602737649471,-107.668113416321,3.6));
#12561=CARTESIAN_POINT('',(110.602737649471,-107.668113416321,3.));
#12562=CARTESIAN_POINT('',(110.564906331031,-107.636732599182,3.6));
#12563=CARTESIAN_POINT('',(110.564906331031,-107.636732599182,3.));
#12564=CARTESIAN_POINT('',(110.50571862315,-107.621042190612,3.6));
#12565=CARTESIAN_POINT('',(110.50571862315,-107.621042190612,3.));
#12566=CARTESIAN_POINT('',(110.425174525827,-107.621042190612,3.6));
#12567=CARTESIAN_POINT('',(110.425174525827,-107.621042190612,3.));
#12568=CARTESIAN_POINT('',(110.602737649471,-107.668113416321,3.));
#12569=CARTESIAN_POINT('',(110.545990671811,-107.621042190612,3.));
#12570=CARTESIAN_POINT('',(110.425174525827,-107.621042190612,3.));
#12571=CARTESIAN_POINT('',(110.602737649471,-107.668113416321,3.));
#12572=CARTESIAN_POINT('',(110.602737649471,-107.668113416321,3.6));
#12573=CARTESIAN_POINT('',(110.602737649471,-107.668113416321,3.6));
#12574=CARTESIAN_POINT('',(110.602737649471,-107.668113416321,3.6));
#12575=CARTESIAN_POINT('',(110.545990671811,-107.621042190612,3.6));
#12576=CARTESIAN_POINT('',(110.425174525827,-107.621042190612,3.6));
#12577=CARTESIAN_POINT('',(110.468598507509,-107.827684927766,3.6));
#12578=CARTESIAN_POINT('',(110.468598507509,-107.827684927766,3.));
#12579=CARTESIAN_POINT('',(110.6746257843,-107.793639220373,3.));
#12580=CARTESIAN_POINT('',(110.674652022081,-107.793636684876,3.6));
#12581=CARTESIAN_POINT('',(110.6746257843,-107.793639220373,3.6));
#12582=CARTESIAN_POINT('',(110.468598507509,-107.827684927766,3.6));
#12583=CARTESIAN_POINT('',(109.711465190035,-107.963498490856,3.6));
#12584=CARTESIAN_POINT('',(109.711465190035,-107.963498490856,3.));
#12585=CARTESIAN_POINT('',(110.689640673229,-107.976169145886,3.));
#12586=CARTESIAN_POINT('',(110.689819417031,-107.976168437901,3.6));
#12587=CARTESIAN_POINT('',(110.689640673229,-107.976169145886,3.6));
#12588=CARTESIAN_POINT('',(109.711465190035,-107.963498490856,3.6));
#12589=CARTESIAN_POINT('',(109.742996723609,-107.996632365484,3.6));
#12590=CARTESIAN_POINT('',(109.742996723609,-107.996632365484,3.));
#12591=CARTESIAN_POINT('',(110.671214466849,-108.18040174966,3.));
#12592=CARTESIAN_POINT('',(110.671252433558,-108.180405256113,3.6));
#12593=CARTESIAN_POINT('',(110.671214466849,-108.18040174966,3.6));
#12594=CARTESIAN_POINT('',(109.742996723609,-107.996632365484,3.6));
#12595=CARTESIAN_POINT('',(110.479875913039,-108.145699501843,3.6));
#12596=CARTESIAN_POINT('',(110.479875913039,-108.145699501843,3.));
#12597=CARTESIAN_POINT('',(110.595938472424,-108.300698388479,3.));
#12598=CARTESIAN_POINT('',(110.595938472424,-108.300698388479,3.6));
#12599=CARTESIAN_POINT('',(110.595938472424,-108.300698388479,3.6));
#12600=CARTESIAN_POINT('',(110.479875913039,-108.145699501843,3.6));
#12601=CARTESIAN_POINT('',(109.628624784118,-108.555144514114,3.6));
#12602=CARTESIAN_POINT('',(109.628624784118,-109.910795814514,3.6));
#12603=CARTESIAN_POINT('',(109.628624784118,-109.910795814514,3.6));
#12604=CARTESIAN_POINT('',(109.628624784118,-108.555144514114,3.6));
#12605=CARTESIAN_POINT('',(109.628624784118,-107.199493213713,3.6));
#12606=CARTESIAN_POINT('',(109.628624784118,-107.199493213713,3.6));
#12607=CARTESIAN_POINT('',(109.928311587794,-109.910795814514,3.6));
#12608=CARTESIAN_POINT('',(110.227998391471,-109.910795814514,3.6));
#12609=CARTESIAN_POINT('',(110.227998391471,-109.910795814514,3.6));
#12610=CARTESIAN_POINT('',(109.928311587794,-109.910795814514,3.6));
#12611=CARTESIAN_POINT('',(110.227998391471,-109.334957820015,3.6));
#12612=CARTESIAN_POINT('',(110.227998391471,-108.759119825516,3.6));
#12613=CARTESIAN_POINT('',(110.227998391471,-108.759119825516,3.6));
#12614=CARTESIAN_POINT('',(110.227998391471,-109.334957820015,3.6));
#12615=CARTESIAN_POINT('',(110.348291523836,-108.759119825516,3.6));
#12616=CARTESIAN_POINT('',(110.468584656202,-108.759119825516,3.6));
#12617=CARTESIAN_POINT('',(110.468588656678,-108.758874816016,3.6));
#12618=CARTESIAN_POINT('',(110.348291523836,-108.759119825516,3.6));
#12619=CARTESIAN_POINT('',(110.487831569954,-107.580340913634,3.6));
#12620=CARTESIAN_POINT('',(110.867121033866,-108.69557367081,3.6));
#12621=CARTESIAN_POINT('',(110.867197268142,-108.695801087566,3.6));
#12622=CARTESIAN_POINT('',(110.487831569954,-107.580340913634,3.6));
#12623=CARTESIAN_POINT('',(110.686637841886,-108.188061123167,3.6));
#12624=CARTESIAN_POINT('',(111.148240854069,-108.466493705696,3.6));
#12625=CARTESIAN_POINT('',(111.148240854069,-108.466493705696,3.6));
#12626=CARTESIAN_POINT('',(110.686637841886,-108.188061123167,3.6));
#12627=CARTESIAN_POINT('',(111.252059057437,-107.986105696662,3.6));
#12628=CARTESIAN_POINT('',(111.252059057437,-107.986105696662,3.));
#12629=CARTESIAN_POINT('',(111.252059057437,-108.196008495746,3.6));
#12630=CARTESIAN_POINT('',(111.252059057437,-108.196008495746,3.));
#12631=CARTESIAN_POINT('',(111.217452989647,-108.356137832091,3.6));
#12632=CARTESIAN_POINT('',(111.217452989647,-108.356137832091,3.));
#12633=CARTESIAN_POINT('',(111.148240854069,-108.466493705696,3.6));
#12634=CARTESIAN_POINT('',(111.148240854069,-108.466493705696,3.));
#12635=CARTESIAN_POINT('',(111.252059057437,-107.986105696662,3.6));
#12636=CARTESIAN_POINT('',(111.252059057437,-107.986105696662,3.6));
#12637=CARTESIAN_POINT('',(111.252059057437,-107.986105696662,3.6));
#12638=CARTESIAN_POINT('',(111.252059057437,-108.300959895289,3.6));
#12639=CARTESIAN_POINT('',(111.148240854069,-108.466493705696,3.6));
#12640=CARTESIAN_POINT('',(111.175176055446,-107.559326583573,3.6));
#12641=CARTESIAN_POINT('',(111.175176055446,-107.559326583573,3.));
#12642=CARTESIAN_POINT('',(111.226431390107,-107.676481634224,3.6));
#12643=CARTESIAN_POINT('',(111.226431390107,-107.676481634224,3.));
#12644=CARTESIAN_POINT('',(111.252059057437,-107.818741338587,3.6));
#12645=CARTESIAN_POINT('',(111.252059057437,-107.818741338587,3.));
#12646=CARTESIAN_POINT('',(111.252059057437,-107.986105696662,3.6));
#12647=CARTESIAN_POINT('',(111.252059057437,-107.986105696662,3.));
#12648=CARTESIAN_POINT('',(111.175176055446,-107.559326583573,3.6));
#12649=CARTESIAN_POINT('',(111.175176055446,-107.559326583573,3.6));
#12650=CARTESIAN_POINT('',(111.175176055446,-107.559326583573,3.6));
#12651=CARTESIAN_POINT('',(111.252059057437,-107.73505915955,3.6));
#12652=CARTESIAN_POINT('',(111.252059057437,-107.986105696662,3.6));
#12653=CARTESIAN_POINT('',(110.657243174567,-107.774995885072,3.6));
#12654=CARTESIAN_POINT('',(110.940865954143,-107.291543610654,3.6));
#12655=CARTESIAN_POINT('',(110.940865954143,-107.291543610654,3.6));
#12656=CARTESIAN_POINT('',(110.657243174567,-107.774995885072,3.6));
#12657=CARTESIAN_POINT('',(110.539191494765,-107.199493213713,3.6));
#12658=CARTESIAN_POINT('',(110.539191494765,-107.199493213713,3.));
#12659=CARTESIAN_POINT('',(110.702023068141,-107.199493213713,3.6));
#12660=CARTESIAN_POINT('',(110.702023068141,-107.199493213713,3.));
#12661=CARTESIAN_POINT('',(110.8359145546,-107.23017667936,3.6));
#12662=CARTESIAN_POINT('',(110.8359145546,-107.23017667936,3.));
#12663=CARTESIAN_POINT('',(110.940865954143,-107.291543610654,3.6));
#12664=CARTESIAN_POINT('',(110.940865954143,-107.291543610654,3.));
#12665=CARTESIAN_POINT('',(110.539191494765,-107.199493213713,3.6));
#12666=CARTESIAN_POINT('',(110.539191494765,-107.199493213713,3.6));
#12667=CARTESIAN_POINT('',(110.539191494765,-107.199493213713,3.6));
#12668=CARTESIAN_POINT('',(110.783438854829,-107.199493213713,3.6));
#12669=CARTESIAN_POINT('',(110.940865954143,-107.291543610654,3.6));
#12670=CARTESIAN_POINT('',(110.083908139441,-107.199493213713,3.6));
#12671=CARTESIAN_POINT('',(110.083908139441,-107.199493213713,3.6));
#12672=CARTESIAN_POINT('',(110.428835621159,-108.340708930331,3.6));
#12673=CARTESIAN_POINT('',(110.428835621159,-108.340708930331,3.));
#12674=CARTESIAN_POINT('',(110.502406203563,-108.340708930331,3.6));
#12675=CARTESIAN_POINT('',(110.502406203563,-108.340708930331,3.));
#12676=CARTESIAN_POINT('',(110.558107153984,-108.327372083047,3.6));
#12677=CARTESIAN_POINT('',(110.558107153984,-108.327372083047,3.));
#12678=CARTESIAN_POINT('',(110.595938472424,-108.300698388479,3.6));
#12679=CARTESIAN_POINT('',(110.595938472424,-108.300698388479,3.));
#12680=CARTESIAN_POINT('',(110.428835621159,-108.340708930331,3.));
#12681=CARTESIAN_POINT('',(110.539191494765,-108.340708930331,3.));
#12682=CARTESIAN_POINT('',(110.595938472424,-108.300698388479,3.));
#12683=CARTESIAN_POINT('',(110.428835621159,-108.340708930331,3.6));
#12684=CARTESIAN_POINT('',(110.539191494765,-108.340708930331,3.6));
#12685=CARTESIAN_POINT('',(110.595938472424,-108.300698388479,3.6));
#12686=CARTESIAN_POINT('',(74.21,-67.177,3.6));
#12687=CARTESIAN_POINT('',(74.21,-67.177,3.));
#12688=CARTESIAN_POINT('',(108.704459719377,-108.555144514114,3.6));
#12689=CARTESIAN_POINT('',(108.704459719377,-109.910795814514,3.6));
#12690=CARTESIAN_POINT('',(108.704459719377,-109.910795814514,3.6));
#12691=CARTESIAN_POINT('',(108.704459719377,-108.555144514114,3.6));
#12692=CARTESIAN_POINT('',(108.704459719377,-107.199493213713,3.6));
#12693=CARTESIAN_POINT('',(108.704459719377,-107.199493213713,3.6));
#12694=CARTESIAN_POINT('',(108.975642280819,-109.910795814514,3.6));
#12695=CARTESIAN_POINT('',(109.246824842261,-109.910795814514,3.6));
#12696=CARTESIAN_POINT('',(109.246824842261,-109.910795814514,3.6));
#12697=CARTESIAN_POINT('',(108.975642280819,-109.910795814514,3.6));
#12698=CARTESIAN_POINT('',(109.246824842261,-108.555144514114,3.6));
#12699=CARTESIAN_POINT('',(109.246824842261,-107.199493213713,3.6));
#12700=CARTESIAN_POINT('',(109.246824842261,-107.199493213713,3.6));
#12701=CARTESIAN_POINT('',(109.246824842261,-108.555144514114,3.6));
#12702=CARTESIAN_POINT('',(108.975642280819,-107.199493213713,3.6));
#12703=CARTESIAN_POINT('',(108.975642280819,-107.199493213713,3.6));
#12704=CARTESIAN_POINT('',(74.21,-67.177,3.6));
#12705=CARTESIAN_POINT('',(107.711605433475,-109.465627182077,3.6));
#12706=CARTESIAN_POINT('',(107.711605433475,-109.465627182077,3.));
#12707=CARTESIAN_POINT('',(107.703816742633,-109.582418363282,3.));
#12708=CARTESIAN_POINT('',(107.786914735708,-109.555233837574,3.));
#12709=CARTESIAN_POINT('',(107.703816742632,-109.582418363284,3.6));
#12710=CARTESIAN_POINT('',(107.703816742633,-109.582418363282,3.6));
#12711=CARTESIAN_POINT('',(107.711605433475,-109.465627182077,3.6));
#12712=CARTESIAN_POINT('',(107.786914735708,-109.555233837575,3.6));
#12713=CARTESIAN_POINT('',(107.786914735708,-109.555233837575,3.6));
#12714=CARTESIAN_POINT('',(107.696021163867,-109.464779537733,3.6));
#12715=CARTESIAN_POINT('',(107.696021163867,-109.464779537733,3.));
#12716=CARTESIAN_POINT('',(107.619862333926,-109.554515189171,3.));
#12717=CARTESIAN_POINT('',(107.619990980418,-109.554362033178,3.6));
#12718=CARTESIAN_POINT('',(107.619862333926,-109.554515189171,3.6));
#12719=CARTESIAN_POINT('',(107.696021163867,-109.464779537733,3.6));
#12720=CARTESIAN_POINT('',(107.738292026187,-109.439725517825,3.6));
#12721=CARTESIAN_POINT('',(107.738292026187,-109.439725517825,3.));
#12722=CARTESIAN_POINT('',(107.576618183924,-109.474074550882,3.));
#12723=CARTESIAN_POINT('',(107.576580850043,-109.474079442664,3.6));
#12724=CARTESIAN_POINT('',(107.576618183924,-109.474074550882,3.6));
#12725=CARTESIAN_POINT('',(107.738292026187,-109.439725517825,3.6));
#12726=CARTESIAN_POINT('',(108.078864612871,-109.358988925031,3.6));
#12727=CARTESIAN_POINT('',(108.078864612871,-109.358988925031,3.));
#12728=CARTESIAN_POINT('',(107.563344731743,-109.348558212197,3.));
#12729=CARTESIAN_POINT('',(107.563244002759,-109.348556174109,3.6));
#12730=CARTESIAN_POINT('',(107.563344731743,-109.348558212197,3.59999975));
#12731=CARTESIAN_POINT('',(108.078864612871,-109.358988925031,3.6));
#12732=CARTESIAN_POINT('',(107.563244002759,-108.943482126208,3.6));
#12733=CARTESIAN_POINT('',(107.563244002759,-108.943482126208,3.));
#12734=CARTESIAN_POINT('',(107.563344731743,-108.538406040218,3.));
#12735=CARTESIAN_POINT('',(107.563244002759,-108.538408078306,3.6));
#12736=CARTESIAN_POINT('',(107.563344731743,-108.538406040218,3.6));
#12737=CARTESIAN_POINT('',(107.563244002759,-108.943482126208,3.6));
#12738=CARTESIAN_POINT('',(108.07886461288,-108.527975327386,3.6));
#12739=CARTESIAN_POINT('',(108.07886461288,-108.527975327386,3.));
#12740=CARTESIAN_POINT('',(107.57661810256,-108.412889993338,3.));
#12741=CARTESIAN_POINT('',(107.576580850043,-108.412884809751,3.6));
#12742=CARTESIAN_POINT('',(107.57661810256,-108.412889993338,3.6));
#12743=CARTESIAN_POINT('',(108.07886461288,-108.527975327386,3.6));
#12744=CARTESIAN_POINT('',(107.73829202615,-108.447238734564,3.6));
#12745=CARTESIAN_POINT('',(107.73829202615,-108.447238734564,3.));
#12746=CARTESIAN_POINT('',(107.619851171249,-108.332458404223,3.));
#12747=CARTESIAN_POINT('',(107.619990980418,-108.332602219237,3.6));
#12748=CARTESIAN_POINT('',(107.619851171249,-108.332458404223,3.6));
#12749=CARTESIAN_POINT('',(107.73829202615,-108.447238734564,3.6));
#12750=CARTESIAN_POINT('',(107.696021163868,-108.422184714682,3.6));
#12751=CARTESIAN_POINT('',(107.696021163868,-108.422184714682,3.));
#12752=CARTESIAN_POINT('',(107.703816742633,-108.304545889133,3.));
#12753=CARTESIAN_POINT('',(107.703816742633,-108.304545889131,3.6));
#12754=CARTESIAN_POINT('',(107.703816742633,-108.304545889133,3.6));
#12755=CARTESIAN_POINT('',(107.696021163868,-108.422184714682,3.6));
#12756=CARTESIAN_POINT('',(107.711605433475,-108.421337070338,3.6));
#12757=CARTESIAN_POINT('',(107.711605433475,-108.421337070338,3.));
#12758=CARTESIAN_POINT('',(107.786914735703,-108.331730414837,3.));
#12759=CARTESIAN_POINT('',(107.786914735702,-108.331730414836,3.6));
#12760=CARTESIAN_POINT('',(107.786914735703,-108.331730414837,3.6));
#12761=CARTESIAN_POINT('',(107.711605433475,-108.421337070338,3.6));
#12762=CARTESIAN_POINT('',(107.675902431749,-108.440566276929,3.6));
#12763=CARTESIAN_POINT('',(107.675902431749,-108.440566276929,3.));
#12764=CARTESIAN_POINT('',(107.82914294324,-108.412890770845,3.));
#12765=CARTESIAN_POINT('',(107.829196428011,-108.412884809751,3.6));
#12766=CARTESIAN_POINT('',(107.82914294324,-108.412890770845,3.6));
#12767=CARTESIAN_POINT('',(107.675902431749,-108.440566276929,3.6));
#12768=CARTESIAN_POINT('',(107.259124730596,-108.527868097388,3.6));
#12769=CARTESIAN_POINT('',(107.259124730596,-108.527868097388,3.));
#12770=CARTESIAN_POINT('',(107.840873964755,-108.538406443077,3.));
#12771=CARTESIAN_POINT('',(107.840964234438,-108.538408078306,3.6));
#12772=CARTESIAN_POINT('',(107.840873964755,-108.538406443077,3.59999975));
#12773=CARTESIAN_POINT('',(107.259124730596,-108.527868097388,3.6));
#12774=CARTESIAN_POINT('',(107.840964234438,-108.943482126208,3.6));
#12775=CARTESIAN_POINT('',(107.840964234438,-108.943482126208,3.));
#12776=CARTESIAN_POINT('',(107.840873964755,-109.348557809338,3.));
#12777=CARTESIAN_POINT('',(107.840964234438,-109.348556174109,3.6));
#12778=CARTESIAN_POINT('',(107.840873964755,-109.348557809338,3.6));
#12779=CARTESIAN_POINT('',(107.840964234438,-108.943482126208,3.6));
#12780=CARTESIAN_POINT('',(107.259124730592,-109.359096155027,3.6));
#12781=CARTESIAN_POINT('',(107.259124730592,-109.359096155027,3.));
#12782=CARTESIAN_POINT('',(107.829143072774,-109.474072945142,3.));
#12783=CARTESIAN_POINT('',(107.829196428011,-109.474079442664,3.6));
#12784=CARTESIAN_POINT('',(107.829143072774,-109.474072945142,3.6));
#12785=CARTESIAN_POINT('',(107.259124730592,-109.359096155027,3.6));
#12786=CARTESIAN_POINT('',(107.677502857867,-109.088765834732,3.6));
#12787=CARTESIAN_POINT('',(107.700437289788,-109.943527715679,3.6));
#12788=CARTESIAN_POINT('',(107.700437289788,-109.943527715679,3.6));
#12789=CARTESIAN_POINT('',(107.677502857867,-109.088765834732,3.6));
#12790=CARTESIAN_POINT('',(107.340608610028,-109.874144540027,3.59999975));
#12791=CARTESIAN_POINT('',(107.340701707882,-109.873923354376,3.6));
#12792=CARTESIAN_POINT('',(107.723296686152,-109.087289483835,3.6));
#12793=CARTESIAN_POINT('',(108.060368447601,-109.873923354376,3.6));
#12794=CARTESIAN_POINT('',(108.060469715267,-109.874163804151,3.6));
#12795=CARTESIAN_POINT('',(107.723296686152,-109.087289483835,3.6));
#12796=CARTESIAN_POINT('',(107.847269374043,-109.396920420163,3.6));
#12797=CARTESIAN_POINT('',(108.296509096571,-109.663148865926,3.6));
#12798=CARTESIAN_POINT('',(108.296509096571,-109.663148865926,3.6));
#12799=CARTESIAN_POINT('',(107.847269374043,-109.396920420163,3.6));
#12800=CARTESIAN_POINT('',(108.380191275608,-109.311422207161,3.6));
#12801=CARTESIAN_POINT('',(108.380191275608,-109.311422207161,3.));
#12802=CARTESIAN_POINT('',(108.380191275608,-109.45228720854,3.6));
#12803=CARTESIAN_POINT('',(108.380191275608,-109.45228720854,3.));
#12804=CARTESIAN_POINT('',(108.352297215929,-109.569529428129,3.6));
#12805=CARTESIAN_POINT('',(108.352297215929,-109.569529428129,3.));
#12806=CARTESIAN_POINT('',(108.296509096571,-109.663148865926,3.6));
#12807=CARTESIAN_POINT('',(108.296509096571,-109.663148865926,3.));
#12808=CARTESIAN_POINT('',(108.380191275608,-109.311422207161,3.6));
#12809=CARTESIAN_POINT('',(108.380191275608,-109.311422207161,3.6));
#12810=CARTESIAN_POINT('',(108.380191275608,-109.311422207161,3.6));
#12811=CARTESIAN_POINT('',(108.380191275608,-109.52271970923,3.6));
#12812=CARTESIAN_POINT('',(108.296509096571,-109.663148865926,3.6));
#12813=CARTESIAN_POINT('',(108.380191275608,-108.943220619398,3.6));
#12814=CARTESIAN_POINT('',(108.380191275608,-108.575019031635,3.6));
#12815=CARTESIAN_POINT('',(108.380191275608,-108.575019031635,3.6));
#12816=CARTESIAN_POINT('',(108.380191275608,-108.943220619398,3.6));
#12817=CARTESIAN_POINT('',(108.296509096571,-108.223815386489,3.6));
#12818=CARTESIAN_POINT('',(108.296509096571,-108.223815386489,3.));
#12819=CARTESIAN_POINT('',(108.352297215929,-108.317434824287,3.6));
#12820=CARTESIAN_POINT('',(108.352297215929,-108.317434824287,3.));
#12821=CARTESIAN_POINT('',(108.380191275608,-108.434502706002,3.6));
#12822=CARTESIAN_POINT('',(108.380191275608,-108.434502706002,3.));
#12823=CARTESIAN_POINT('',(108.380191275608,-108.575019031635,3.6));
#12824=CARTESIAN_POINT('',(108.380191275608,-108.575019031635,3.));
#12825=CARTESIAN_POINT('',(108.296509096571,-108.223815386489,3.6));
#12826=CARTESIAN_POINT('',(108.296509096571,-108.223815386489,3.6));
#12827=CARTESIAN_POINT('',(108.296509096571,-108.223815386489,3.6));
#12828=CARTESIAN_POINT('',(108.380191275608,-108.364244543185,3.6));
#12829=CARTESIAN_POINT('',(108.380191275608,-108.575019031635,3.6));
#12830=CARTESIAN_POINT('',(107.847269374042,-108.490043832253,3.6));
#12831=CARTESIAN_POINT('',(108.060368447601,-108.013040898039,3.6));
#12832=CARTESIAN_POINT('',(108.060469715267,-108.012800448264,3.6));
#12833=CARTESIAN_POINT('',(107.847269374042,-108.490043832253,3.6));
#12834=CARTESIAN_POINT('',(107.723296686164,-108.799674768543,3.6));
#12835=CARTESIAN_POINT('',(107.700437289808,-107.943436536737,3.6));
#12836=CARTESIAN_POINT('',(107.700437289808,-107.943436536737,3.6));
#12837=CARTESIAN_POINT('',(107.723296686164,-108.799674768543,3.6));
#12838=CARTESIAN_POINT('',(107.677502857861,-108.79819841765,3.6));
#12839=CARTESIAN_POINT('',(107.340701707882,-108.013040898039,3.6));
#12840=CARTESIAN_POINT('',(107.340608610028,-108.012819712388,3.6));
#12841=CARTESIAN_POINT('',(107.677502857861,-108.79819841765,3.6));
#12842=CARTESIAN_POINT('',(107.548816648487,-108.480731432512,3.6));
#12843=CARTESIAN_POINT('',(107.106391606578,-108.223815386489,3.6));
#12844=CARTESIAN_POINT('',(107.106391606578,-108.223815386489,3.6));
#12845=CARTESIAN_POINT('',(107.548816648487,-108.480731432512,3.6));
#12846=CARTESIAN_POINT('',(107.024539975208,-108.575019031635,3.6));
#12847=CARTESIAN_POINT('',(107.024539975208,-108.575019031635,3.));
#12848=CARTESIAN_POINT('',(107.024539975208,-108.434502706002,3.6));
#12849=CARTESIAN_POINT('',(107.024539975208,-108.434502706002,3.));
#12850=CARTESIAN_POINT('',(107.051823852331,-108.317434824287,3.6));
#12851=CARTESIAN_POINT('',(107.051823852331,-108.317434824287,3.));
#12852=CARTESIAN_POINT('',(107.106391606578,-108.223815386489,3.6));
#12853=CARTESIAN_POINT('',(107.106391606578,-108.223815386489,3.));
#12854=CARTESIAN_POINT('',(107.024539975208,-108.575019031635,3.6));
#12855=CARTESIAN_POINT('',(107.024539975208,-108.575019031635,3.6));
#12856=CARTESIAN_POINT('',(107.024539975208,-108.575019031635,3.6));
#12857=CARTESIAN_POINT('',(107.024539975208,-108.364244543185,3.6));
#12858=CARTESIAN_POINT('',(107.106391606578,-108.223815386489,3.6));
#12859=CARTESIAN_POINT('',(107.024539975208,-108.943220619398,3.6));
#12860=CARTESIAN_POINT('',(107.024539975208,-109.311422207161,3.6));
#12861=CARTESIAN_POINT('',(107.024539975208,-109.311422207161,3.6));
#12862=CARTESIAN_POINT('',(107.024539975208,-108.943220619398,3.6));
#12863=CARTESIAN_POINT('',(107.106391606578,-109.663148865926,3.6));
#12864=CARTESIAN_POINT('',(107.106391606578,-109.663148865926,3.));
#12865=CARTESIAN_POINT('',(107.051823852331,-109.569529428129,3.6));
#12866=CARTESIAN_POINT('',(107.051823852331,-109.569529428129,3.));
#12867=CARTESIAN_POINT('',(107.024539975208,-109.45228720854,3.6));
#12868=CARTESIAN_POINT('',(107.024539975208,-109.45228720854,3.));
#12869=CARTESIAN_POINT('',(107.024539975208,-109.311422207161,3.6));
#12870=CARTESIAN_POINT('',(107.024539975208,-109.311422207161,3.));
#12871=CARTESIAN_POINT('',(107.106391606578,-109.663148865926,3.6));
#12872=CARTESIAN_POINT('',(107.106391606578,-109.663148865926,3.6));
#12873=CARTESIAN_POINT('',(107.106391606578,-109.663148865926,3.6));
#12874=CARTESIAN_POINT('',(107.024539975208,-109.52271970923,3.6));
#12875=CARTESIAN_POINT('',(107.024539975208,-109.311422207161,3.6));
#12876=CARTESIAN_POINT('',(107.548816648487,-109.406232819903,3.6));
#12877=CARTESIAN_POINT('',(107.548816648487,-109.406232819903,3.6));
#12878=CARTESIAN_POINT('',(107.675902431789,-109.446397975514,3.6));
#12879=CARTESIAN_POINT('',(107.675902431789,-109.446397975514,3.));
#12880=CARTESIAN_POINT('',(107.675902431789,-109.446397975514,3.6));
#12881=CARTESIAN_POINT('',(74.21,-67.177,3.6));
#12882=CARTESIAN_POINT('',(74.21,-67.177,3.));
#12883=CARTESIAN_POINT('',(104.543886380378,-108.943482126208,3.6));
#12884=CARTESIAN_POINT('',(104.543886380378,-109.910795814514,3.6));
#12885=CARTESIAN_POINT('',(104.543886380378,-109.910795814514,3.6));
#12886=CARTESIAN_POINT('',(104.543886380378,-108.943482126208,3.6));
#12887=CARTESIAN_POINT('',(104.543886380378,-107.976168437901,3.6));
#12888=CARTESIAN_POINT('',(104.543886380378,-107.976168437901,3.6));
#12889=CARTESIAN_POINT('',(104.811669353296,-109.910795814514,3.6));
#12890=CARTESIAN_POINT('',(105.079452326215,-109.910795814514,3.6));
#12891=CARTESIAN_POINT('',(105.079452326215,-109.910795814514,3.6));
#12892=CARTESIAN_POINT('',(104.811669353296,-109.910795814514,3.6));
#12893=CARTESIAN_POINT('',(105.079452326215,-109.14771894442,3.6));
#12894=CARTESIAN_POINT('',(105.079452326215,-108.38471931391,3.6));
#12895=CARTESIAN_POINT('',(105.079452326215,-108.38471931391,3.6));
#12896=CARTESIAN_POINT('',(105.079452326215,-109.14771894442,3.6));
#12897=CARTESIAN_POINT('',(105.331710949419,-108.733539876317,3.6));
#12898=CARTESIAN_POINT('',(105.175163818489,-108.332602219237,3.6));
#12899=CARTESIAN_POINT('',(105.175196413121,-108.332677075373,3.6));
#12900=CARTESIAN_POINT('',(105.331710949419,-108.733539876317,3.6));
#12901=CARTESIAN_POINT('',(105.270941326616,-108.56108893117,3.6));
#12902=CARTESIAN_POINT('',(105.260415038383,-108.314035235763,3.6));
#12903=CARTESIAN_POINT('',(105.260429303575,-108.314159469111,3.6));
#12904=CARTESIAN_POINT('',(105.270941326616,-108.56108893117,3.6));
#12905=CARTESIAN_POINT('',(105.268189618644,-108.422556358365,3.6));
#12906=CARTESIAN_POINT('',(105.347496805943,-108.349338655044,3.6));
#12907=CARTESIAN_POINT('',(105.347496805943,-108.349338655044,3.6));
#12908=CARTESIAN_POINT('',(105.268189618644,-108.422556358365,3.6));
#12909=CARTESIAN_POINT('',(105.377570089035,-108.46466315803,3.6));
#12910=CARTESIAN_POINT('',(105.377570089035,-108.46466315803,3.));
#12911=CARTESIAN_POINT('',(105.377570089035,-108.411315768894,3.6));
#12912=CARTESIAN_POINT('',(105.377570089035,-108.411315768894,3.));
#12913=CARTESIAN_POINT('',(105.367545661337,-108.372874267899,3.6));
#12914=CARTESIAN_POINT('',(105.367545661337,-108.372874267899,3.));
#12915=CARTESIAN_POINT('',(105.347496805943,-108.349338655044,3.6));
#12916=CARTESIAN_POINT('',(105.347496805943,-108.349338655044,3.));
#12917=CARTESIAN_POINT('',(105.377570089035,-108.46466315803,3.6));
#12918=CARTESIAN_POINT('',(105.377570089035,-108.46466315803,3.6));
#12919=CARTESIAN_POINT('',(105.377570089035,-108.46466315803,3.6));
#12920=CARTESIAN_POINT('',(105.377570089035,-108.384642074326,3.6));
#12921=CARTESIAN_POINT('',(105.347496805943,-108.349338655044,3.6));
#12922=CARTESIAN_POINT('',(105.377570089035,-109.187729486272,3.6));
#12923=CARTESIAN_POINT('',(105.377570089035,-109.910795814514,3.6));
#12924=CARTESIAN_POINT('',(105.377570089035,-109.910795814514,3.6));
#12925=CARTESIAN_POINT('',(105.377570089035,-109.187729486272,3.6));
#12926=CARTESIAN_POINT('',(105.64195347343,-109.910795814514,3.6));
#12927=CARTESIAN_POINT('',(105.906336857825,-109.910795814514,3.6));
#12928=CARTESIAN_POINT('',(105.906336857825,-109.910795814514,3.6));
#12929=CARTESIAN_POINT('',(105.64195347343,-109.910795814514,3.6));
#12930=CARTESIAN_POINT('',(105.906336857825,-109.159225244037,3.6));
#12931=CARTESIAN_POINT('',(105.906336857825,-108.384703193707,3.6));
#12932=CARTESIAN_POINT('',(105.906336857825,-108.384703193707,3.6));
#12933=CARTESIAN_POINT('',(105.906336857825,-109.159225244037,3.6));
#12934=CARTESIAN_POINT('',(106.150736636826,-108.723798162818,3.6));
#12935=CARTESIAN_POINT('',(106.003617390956,-108.332602219237,3.6));
#12936=CARTESIAN_POINT('',(106.003660528842,-108.332703617907,3.6));
#12937=CARTESIAN_POINT('',(106.150736636826,-108.723798162818,3.6));
#12938=CARTESIAN_POINT('',(106.102177017222,-108.570931040567,3.6));
#12939=CARTESIAN_POINT('',(106.087299569993,-108.314035235763,3.6));
#12940=CARTESIAN_POINT('',(106.087313499164,-108.31416128451,3.6));
#12941=CARTESIAN_POINT('',(106.102177017222,-108.570931040567,3.6));
#12942=CARTESIAN_POINT('',(106.095704048902,-108.417229047774,3.6));
#12943=CARTESIAN_POINT('',(106.172550789887,-108.349338655044,3.6));
#12944=CARTESIAN_POINT('',(106.172550789887,-108.349338655044,3.6));
#12945=CARTESIAN_POINT('',(106.095704048902,-108.417229047774,3.6));
#12946=CARTESIAN_POINT('',(106.200793525312,-108.46466315803,3.6));
#12947=CARTESIAN_POINT('',(106.200793525312,-108.46466315803,3.));
#12948=CARTESIAN_POINT('',(106.200793525312,-108.411315768894,3.6));
#12949=CARTESIAN_POINT('',(106.200793525312,-108.411315768894,3.));
#12950=CARTESIAN_POINT('',(106.19137928017,-108.372874267899,3.6));
#12951=CARTESIAN_POINT('',(106.19137928017,-108.372874267899,3.));
#12952=CARTESIAN_POINT('',(106.172550789887,-108.349338655044,3.6));
#12953=CARTESIAN_POINT('',(106.172550789887,-108.349338655044,3.));
#12954=CARTESIAN_POINT('',(106.200793525312,-108.46466315803,3.6));
#12955=CARTESIAN_POINT('',(106.200793525312,-108.46466315803,3.6));
#12956=CARTESIAN_POINT('',(106.200793525312,-108.46466315803,3.6));
#12957=CARTESIAN_POINT('',(106.200793525312,-108.384642074326,3.6));
#12958=CARTESIAN_POINT('',(106.172550789887,-108.349338655044,3.6));
#12959=CARTESIAN_POINT('',(106.200793525312,-109.187729486272,3.6));
#12960=CARTESIAN_POINT('',(106.200793525312,-109.910795814514,3.6));
#12961=CARTESIAN_POINT('',(106.200793525312,-109.910795814514,3.6));
#12962=CARTESIAN_POINT('',(106.200793525312,-109.187729486272,3.6));
#12963=CARTESIAN_POINT('',(106.46857649823,-109.910795814514,3.6));
#12964=CARTESIAN_POINT('',(106.736359471149,-109.910795814514,3.6));
#12965=CARTESIAN_POINT('',(106.736359471149,-109.910795814514,3.6));
#12966=CARTESIAN_POINT('',(106.46857649823,-109.910795814514,3.6));
#12967=CARTESIAN_POINT('',(106.736359471149,-109.159225244037,3.6));
#12968=CARTESIAN_POINT('',(106.736359471149,-108.407654673561,3.6));
#12969=CARTESIAN_POINT('',(106.736078590524,-108.40764664412,3.6));
#12970=CARTESIAN_POINT('',(106.736359471149,-109.159225244037,3.6));
#12971=CARTESIAN_POINT('',(106.113635141967,-108.389853060201,3.6));
#12972=CARTESIAN_POINT('',(106.68954975225,-108.155300602402,3.6));
#12973=CARTESIAN_POINT('',(106.689622261544,-108.155271775748,3.6));
#12974=CARTESIAN_POINT('',(106.113635141967,-108.389853060201,3.6));
#12975=CARTESIAN_POINT('',(106.352291313755,-108.293894133233,3.6));
#12976=CARTESIAN_POINT('',(106.559057854314,-107.994473914565,3.6));
#12977=CARTESIAN_POINT('',(106.559152967698,-107.994335628936,3.6));
#12978=CARTESIAN_POINT('',(106.352291313755,-108.293894133233,3.6));
#12979=CARTESIAN_POINT('',(106.371308580581,-108.288156397894,3.6));
#12980=CARTESIAN_POINT('',(106.361881719958,-107.939034470953,3.6));
#12981=CARTESIAN_POINT('',(106.361888685835,-107.939166868024,3.6));
#12982=CARTESIAN_POINT('',(106.371308580581,-108.288156397894,3.6));
#12983=CARTESIAN_POINT('',(106.365503233909,-108.594795256456,3.6));
#12984=CARTESIAN_POINT('',(106.108743128371,-107.991074326042,3.6));
#12985=CARTESIAN_POINT('',(106.108637955631,-107.99084524932,3.6));
#12986=CARTESIAN_POINT('',(106.365503233909,-108.594795256456,3.6));
#12987=CARTESIAN_POINT('',(106.384960428451,-108.603650549709,3.6));
#12988=CARTESIAN_POINT('',(105.869725904496,-108.170206490543,3.6));
#12989=CARTESIAN_POINT('',(105.86972612419,-108.170509855088,3.6));
#12990=CARTESIAN_POINT('',(106.384960428451,-108.603650549709,3.6));
#12991=CARTESIAN_POINT('',(105.533150678511,-108.285134281387,3.6));
#12992=CARTESIAN_POINT('',(105.740803047417,-107.997611996279,3.6));
#12993=CARTESIAN_POINT('',(105.740934683793,-107.997430984815,3.6));
#12994=CARTESIAN_POINT('',(105.533150678511,-108.285134281387,3.6));
#12995=CARTESIAN_POINT('',(105.547967963941,-108.289218544059,3.6));
#12996=CARTESIAN_POINT('',(105.538135270062,-107.939034470953,3.6));
#12997=CARTESIAN_POINT('',(105.538143813008,-107.939222820842,3.6));
#12998=CARTESIAN_POINT('',(105.547967963941,-108.289218544059,3.6));
#12999=CARTESIAN_POINT('',(105.539015982462,-108.601095297058,3.6));
#13000=CARTESIAN_POINT('',(105.302256127901,-107.982706108138,3.6));
#13001=CARTESIAN_POINT('',(105.30218510987,-107.982532601666,3.6));
#13002=CARTESIAN_POINT('',(105.539015982462,-108.601095297058,3.6));
#13003=CARTESIAN_POINT('',(105.549532861341,-108.595109134431,3.6));
#13004=CARTESIAN_POINT('',(105.079452326215,-108.130577682056,3.6));
#13005=CARTESIAN_POINT('',(105.079452326215,-108.129934441882,3.6));
#13006=CARTESIAN_POINT('',(105.549532861341,-108.595109134431,3.6));
#13007=CARTESIAN_POINT('',(105.079452326215,-108.053051439891,3.6));
#13008=CARTESIAN_POINT('',(105.079452326215,-107.976168437901,3.6));
#13009=CARTESIAN_POINT('',(105.079452326215,-107.976168437901,3.6));
#13010=CARTESIAN_POINT('',(105.079452326215,-108.053051439891,3.6));
#13011=CARTESIAN_POINT('',(104.811669353296,-107.976168437901,3.6));
#13012=CARTESIAN_POINT('',(104.811669353296,-107.976168437901,3.6));
#13013=CARTESIAN_POINT('',(74.21,-67.177,3.6));
#13014=CARTESIAN_POINT('',(103.573173103548,-109.951067863176,3.6));
#13015=CARTESIAN_POINT('',(103.573173103548,-109.951067863176,3.));
#13016=CARTESIAN_POINT('',(103.403716690998,-109.951067863176,3.6));
#13017=CARTESIAN_POINT('',(103.403716690998,-109.951067863176,3.));
#13018=CARTESIAN_POINT('',(103.26206716919,-109.920907411148,3.6));
#13019=CARTESIAN_POINT('',(103.26206716919,-109.920907411148,3.));
#13020=CARTESIAN_POINT('',(103.148224538125,-109.860586507092,3.6));
#13021=CARTESIAN_POINT('',(103.148224538125,-109.860586507092,3.));
#13022=CARTESIAN_POINT('',(103.573173103548,-109.951067863176,3.6));
#13023=CARTESIAN_POINT('',(103.573173103548,-109.951067863176,3.6));
#13024=CARTESIAN_POINT('',(103.573173103548,-109.951067863176,3.6));
#13025=CARTESIAN_POINT('',(103.318988484723,-109.951067863176,3.6));
#13026=CARTESIAN_POINT('',(103.148224538125,-109.860586507092,3.6));
#13027=CARTESIAN_POINT('',(103.148224538125,-109.860586507092,3.6));
#13028=CARTESIAN_POINT('',(103.148224538125,-109.860586507092,3.6));
#13029=CARTESIAN_POINT('',(103.594956325907,-109.199863095916,3.6));
#13030=CARTESIAN_POINT('',(103.949742909215,-109.860586507092,3.6));
#13031=CARTESIAN_POINT('',(103.949873272773,-109.860832238515,3.6));
#13032=CARTESIAN_POINT('',(103.594956325907,-109.199863095916,3.6));
#13033=CARTESIAN_POINT('',(103.64021938894,-109.304408650248,3.6));
#13034=CARTESIAN_POINT('',(104.195820816945,-109.614508599361,3.6));
#13035=CARTESIAN_POINT('',(104.195918712079,-109.614562718022,3.6));
#13036=CARTESIAN_POINT('',(103.64021938894,-109.304408650248,3.6));
#13037=CARTESIAN_POINT('',(103.585765964329,-109.278135832612,3.6));
#13038=CARTESIAN_POINT('',(104.282902584506,-109.268012076786,3.6));
#13039=CARTESIAN_POINT('',(104.282902584506,-109.268012076786,3.6));
#13040=CARTESIAN_POINT('',(103.585765964329,-109.278135832612,3.6));
#13041=CARTESIAN_POINT('',(104.160778904474,-108.796253792464,3.6));
#13042=CARTESIAN_POINT('',(104.160778904474,-108.796253792464,3.));
#13043=CARTESIAN_POINT('',(104.242194691162,-108.92352043975,3.6));
#13044=CARTESIAN_POINT('',(104.242194691162,-108.92352043975,3.));
#13045=CARTESIAN_POINT('',(104.282902584506,-109.08077320119,3.6));
#13046=CARTESIAN_POINT('',(104.282902584506,-109.08077320119,3.));
#13047=CARTESIAN_POINT('',(104.282902584506,-109.268012076786,3.6));
#13048=CARTESIAN_POINT('',(104.282902584506,-109.268012076786,3.));
#13049=CARTESIAN_POINT('',(104.160778904474,-108.796253792464,3.6));
#13050=CARTESIAN_POINT('',(104.160778904474,-108.796253792464,3.6));
#13051=CARTESIAN_POINT('',(104.160778904474,-108.796253792464,3.6));
#13052=CARTESIAN_POINT('',(104.282902584506,-108.987153763392,3.6));
#13053=CARTESIAN_POINT('',(104.282902584506,-109.268012076786,3.6));
#13054=CARTESIAN_POINT('',(102.883591409789,-109.616202740887,3.6));
#13055=CARTESIAN_POINT('',(103.860830593988,-108.454725899269,3.6));
#13056=CARTESIAN_POINT('',(103.860799140929,-108.454763282133,3.59999975));
#13057=CARTESIAN_POINT('',(102.883591409789,-109.616202740887,3.6));
#13058=CARTESIAN_POINT('',(103.748905679526,-108.355876325282,3.6));
#13059=CARTESIAN_POINT('',(103.636980765064,-108.257026751294,3.6));
#13060=CARTESIAN_POINT('',(103.637076131171,-108.256915840371,3.6));
#13061=CARTESIAN_POINT('',(103.748905679526,-108.355876325282,3.6));
#13062=CARTESIAN_POINT('',(104.553190387661,-107.191473611843,3.6));
#13063=CARTESIAN_POINT('',(103.447649834992,-108.058020069272,3.6));
#13064=CARTESIAN_POINT('',(103.447309254074,-108.058268540053,3.6));
#13065=CARTESIAN_POINT('',(104.553190387661,-107.191473611843,3.6));
#13066=CARTESIAN_POINT('',(103.774727420534,-107.831351367722,3.6));
#13067=CARTESIAN_POINT('',(103.375473955573,-107.811942161541,3.6));
#13068=CARTESIAN_POINT('',(103.375839821754,-107.811963152143,3.6));
#13069=CARTESIAN_POINT('',(103.774727420534,-107.831351367722,3.6));
#13070=CARTESIAN_POINT('',(103.664711528036,-107.817036560451,3.6));
#13071=CARTESIAN_POINT('',(103.414176963377,-107.671513004844,3.6));
#13072=CARTESIAN_POINT('',(103.41428182668,-107.671574743355,3.6));
#13073=CARTESIAN_POINT('',(103.664711528036,-107.817036560451,3.6));
#13074=CARTESIAN_POINT('',(103.529134887341,-107.730552215651,3.6));
#13075=CARTESIAN_POINT('',(103.536562150219,-107.601167673091,3.6));
#13076=CARTESIAN_POINT('',(103.536564285305,-107.601567758907,3.6));
#13077=CARTESIAN_POINT('',(103.529134887341,-107.730552215651,3.6));
#13078=CARTESIAN_POINT('',(103.548034353793,-107.735499024556,3.6));
#13079=CARTESIAN_POINT('',(103.651120562069,-107.649847992126,3.6));
#13080=CARTESIAN_POINT('',(103.651120562069,-107.649847992126,3.6));
#13081=CARTESIAN_POINT('',(103.548034353793,-107.735499024556,3.6));
#13082=CARTESIAN_POINT('',(103.407957637808,-107.809734354804,3.6));
#13083=CARTESIAN_POINT('',(103.698696372103,-107.787099014639,3.6));
#13084=CARTESIAN_POINT('',(103.698463026125,-107.787108128706,3.6));
#13085=CARTESIAN_POINT('',(103.407957637808,-107.809734354804,3.6));
#13086=CARTESIAN_POINT('',(101.535102260878,-108.046537586919,3.6));
#13087=CARTESIAN_POINT('',(103.713744693044,-107.996057582788,3.6));
#13088=CARTESIAN_POINT('',(103.713863767054,-107.996042955422,3.6));
#13089=CARTESIAN_POINT('',(101.535102260878,-108.046537586919,3.6));
#13090=CARTESIAN_POINT('',(103.971447974402,-107.964400631474,3.6));
#13091=CARTESIAN_POINT('',(104.22912566377,-107.932746823948,3.6));
#13092=CARTESIAN_POINT('',(104.22912566377,-107.932746823948,3.6));
#13093=CARTESIAN_POINT('',(103.971447974402,-107.964400631474,3.6));
#13094=CARTESIAN_POINT('',(102.653866692893,-107.981827469026,3.6));
#13095=CARTESIAN_POINT('',(104.200789446326,-107.679881222748,3.6));
#13096=CARTESIAN_POINT('',(104.200758084509,-107.679887498653,3.6));
#13097=CARTESIAN_POINT('',(102.653866692893,-107.981827469026,3.6));
#13098=CARTESIAN_POINT('',(103.4162970247,-107.829716011729,3.6));
#13099=CARTESIAN_POINT('',(104.107170008528,-107.428834685637,3.6));
#13100=CARTESIAN_POINT('',(104.10726876493,-107.428775944451,3.6));
#13101=CARTESIAN_POINT('',(103.4162970247,-107.829716011729,3.6));
#13102=CARTESIAN_POINT('',(103.666877883765,-107.689038417547,3.6));
#13103=CARTESIAN_POINT('',(103.906332778839,-107.236365673851,3.6));
#13104=CARTESIAN_POINT('',(103.906332778839,-107.236365673851,3.6));
#13105=CARTESIAN_POINT('',(103.666877883765,-107.689038417547,3.6));
#13106=CARTESIAN_POINT('',(103.55643666774,-107.162882260384,3.6));
#13107=CARTESIAN_POINT('',(103.55643666774,-107.162882260384,3.));
#13108=CARTESIAN_POINT('',(103.701485778071,-107.162882260384,3.6));
#13109=CARTESIAN_POINT('',(103.701485778071,-107.162882260384,3.));
#13110=CARTESIAN_POINT('',(103.818117815104,-107.18737673154,3.6));
#13111=CARTESIAN_POINT('',(103.818117815104,-107.18737673154,3.));
#13112=CARTESIAN_POINT('',(103.906332778839,-107.236365673851,3.6));
#13113=CARTESIAN_POINT('',(103.906332778839,-107.236365673851,3.));
#13114=CARTESIAN_POINT('',(103.55643666774,-107.162882260384,3.6));
#13115=CARTESIAN_POINT('',(103.55643666774,-107.162882260384,3.6));
#13116=CARTESIAN_POINT('',(103.55643666774,-107.162882260384,3.6));
#13117=CARTESIAN_POINT('',(103.774010333237,-107.162882260384,3.6));
#13118=CARTESIAN_POINT('',(103.906332778839,-107.236365673851,3.6));
#13119=CARTESIAN_POINT('',(103.000734697572,-107.3451525066,3.6));
#13120=CARTESIAN_POINT('',(103.000734697572,-107.3451525066,3.));
#13121=CARTESIAN_POINT('',(103.13689257638,-107.223639009123,3.6));
#13122=CARTESIAN_POINT('',(103.13689257638,-107.223639009123,3.));
#13123=CARTESIAN_POINT('',(103.322126566437,-107.162882260384,3.6));
#13124=CARTESIAN_POINT('',(103.322126566437,-107.162882260384,3.));
#13125=CARTESIAN_POINT('',(103.55643666774,-107.162882260384,3.6));
#13126=CARTESIAN_POINT('',(103.55643666774,-107.162882260384,3.));
#13127=CARTESIAN_POINT('',(103.000734697572,-107.3451525066,3.6));
#13128=CARTESIAN_POINT('',(103.000734697572,-107.3451525066,3.6));
#13129=CARTESIAN_POINT('',(103.000734697572,-107.3451525066,3.6));
#13130=CARTESIAN_POINT('',(103.204971515785,-107.162882260384,3.6));
#13131=CARTESIAN_POINT('',(103.55643666774,-107.162882260384,3.6));
#13132=CARTESIAN_POINT('',(102.79649787936,-107.872088727724,3.6));
#13133=CARTESIAN_POINT('',(102.79649787936,-107.872088727724,3.));
#13134=CARTESIAN_POINT('',(102.79649787936,-107.642311411118,3.6));
#13135=CARTESIAN_POINT('',(102.79649787936,-107.642311411118,3.));
#13136=CARTESIAN_POINT('',(102.864576818764,-107.466666004076,3.6));
#13137=CARTESIAN_POINT('',(102.864576818764,-107.466666004076,3.));
#13138=CARTESIAN_POINT('',(103.000734697572,-107.3451525066,3.6));
#13139=CARTESIAN_POINT('',(103.000734697572,-107.3451525066,3.));
#13140=CARTESIAN_POINT('',(102.79649787936,-107.872088727724,3.6));
#13141=CARTESIAN_POINT('',(102.79649787936,-107.872088727724,3.6));
#13142=CARTESIAN_POINT('',(102.79649787936,-107.872088727724,3.6));
#13143=CARTESIAN_POINT('',(102.79649787936,-107.527422752815,3.6));
#13144=CARTESIAN_POINT('',(103.000734697572,-107.3451525066,3.6));
#13145=CARTESIAN_POINT('',(102.901885123585,-108.282392911815,3.6));
#13146=CARTESIAN_POINT('',(102.901885123585,-108.282392911815,3.));
#13147=CARTESIAN_POINT('',(102.831626960768,-108.17203703821,3.6));
#13148=CARTESIAN_POINT('',(102.831626960768,-108.17203703821,3.));
#13149=CARTESIAN_POINT('',(102.79649787936,-108.035268976846,3.6));
#13150=CARTESIAN_POINT('',(102.79649787936,-108.035268976846,3.));
#13151=CARTESIAN_POINT('',(102.79649787936,-107.872088727724,3.6));
#13152=CARTESIAN_POINT('',(102.79649787936,-107.872088727724,3.));
#13153=CARTESIAN_POINT('',(102.901885123585,-108.282392911815,3.6));
#13154=CARTESIAN_POINT('',(102.901885123585,-108.282392911815,3.6));
#13155=CARTESIAN_POINT('',(102.901885123585,-108.282392911815,3.6));
#13156=CARTESIAN_POINT('',(102.79649787936,-108.116859101407,3.6));
#13157=CARTESIAN_POINT('',(102.79649787936,-107.872088727724,3.6));
#13158=CARTESIAN_POINT('',(104.003109239709,-107.578495753665,3.6));
#13159=CARTESIAN_POINT('',(103.161561385409,-108.578680126968,3.6));
#13160=CARTESIAN_POINT('',(103.161590688239,-108.578645300389,3.59999975));
#13161=CARTESIAN_POINT('',(104.003109239709,-107.578495753665,3.6));
#13162=CARTESIAN_POINT('',(103.278716436061,-108.680667782669,3.6));
#13163=CARTESIAN_POINT('',(103.395871486713,-108.782655438371,3.6));
#13164=CARTESIAN_POINT('',(103.395740158731,-108.782814361859,3.6));
#13165=CARTESIAN_POINT('',(103.278716436061,-108.680667782669,3.6));
#13166=CARTESIAN_POINT('',(102.591091021525,-109.756541708589,3.6));
#13167=CARTESIAN_POINT('',(103.6131836454,-109.015396498817,3.6));
#13168=CARTESIAN_POINT('',(103.613452295341,-109.015207403316,3.6));
#13169=CARTESIAN_POINT('',(102.591091021525,-109.756541708589,3.6));
#13170=CARTESIAN_POINT('',(103.2081947635,-109.280709092903,3.6));
#13171=CARTESIAN_POINT('',(103.693466235914,-109.298346866687,3.6));
#13172=CARTESIAN_POINT('',(103.693076700314,-109.29832561494,3.6));
#13173=CARTESIAN_POINT('',(103.2081947635,-109.280709092903,3.6));
#13174=CARTESIAN_POINT('',(103.368239045952,-109.299457745976,3.6));
#13175=CARTESIAN_POINT('',(103.665223500489,-109.431976846336,3.6));
#13176=CARTESIAN_POINT('',(103.66522203426,-109.431976192082,3.6));
#13177=CARTESIAN_POINT('',(103.368239045952,-109.299457745976,3.6));
#13178=CARTESIAN_POINT('',(103.542838313647,-109.495523001043,3.6));
#13179=CARTESIAN_POINT('',(103.542838313647,-109.495523001043,3.));
#13180=CARTESIAN_POINT('',(103.605599947925,-109.495523001043,3.6));
#13181=CARTESIAN_POINT('',(103.605599947925,-109.495523001043,3.));
#13182=CARTESIAN_POINT('',(103.646395010205,-109.474340949474,3.6));
#13183=CARTESIAN_POINT('',(103.646395010205,-109.474340949474,3.));
#13184=CARTESIAN_POINT('',(103.665223500489,-109.431976846336,3.6));
#13185=CARTESIAN_POINT('',(103.665223500489,-109.431976846336,3.));
#13186=CARTESIAN_POINT('',(103.542838313647,-109.495523001043,3.6));
#13187=CARTESIAN_POINT('',(103.542838313647,-109.495523001043,3.6));
#13188=CARTESIAN_POINT('',(103.542838313647,-109.495523001043,3.6));
#13189=CARTESIAN_POINT('',(103.636980765064,-109.495523001043,3.6));
#13190=CARTESIAN_POINT('',(103.665223500489,-109.431976846336,3.6));
#13191=CARTESIAN_POINT('',(103.538619310749,-109.314971885352,3.6));
#13192=CARTESIAN_POINT('',(103.417576551901,-109.448713282144,3.6));
#13193=CARTESIAN_POINT('',(103.417576551901,-109.448713282144,3.6));
#13194=CARTESIAN_POINT('',(103.538619310749,-109.314971885352,3.6));
#13195=CARTESIAN_POINT('',(103.337032454578,-109.294947278163,3.6));
#13196=CARTESIAN_POINT('',(103.337032454578,-109.294947278163,3.));
#13197=CARTESIAN_POINT('',(103.356035282734,-109.366251468218,3.6));
#13198=CARTESIAN_POINT('',(103.356035282734,-109.366251468218,3.));
#13199=CARTESIAN_POINT('',(103.382883315175,-109.417506802878,3.6));
#13200=CARTESIAN_POINT('',(103.382883315175,-109.417506802878,3.));
#13201=CARTESIAN_POINT('',(103.417576551901,-109.448713282144,3.6));
#13202=CARTESIAN_POINT('',(103.417576551901,-109.448713282144,3.));
#13203=CARTESIAN_POINT('',(103.337032454578,-109.294947278163,3.6));
#13204=CARTESIAN_POINT('',(103.337032454578,-109.294947278163,3.6));
#13205=CARTESIAN_POINT('',(103.337032454578,-109.294947278163,3.6));
#13206=CARTESIAN_POINT('',(103.365536696812,-109.401903563245,3.6));
#13207=CARTESIAN_POINT('',(103.417576551901,-109.448713282144,3.6));
#13208=CARTESIAN_POINT('',(104.544026493703,-109.022237529154,3.6));
#13209=CARTESIAN_POINT('',(103.305962361667,-109.013741506753,3.6));
#13210=CARTESIAN_POINT('',(103.305390130629,-109.013827457961,3.6));
#13211=CARTESIAN_POINT('',(104.544026493703,-109.022237529154,3.6));
#13212=CARTESIAN_POINT('',(103.049374964138,-109.052268958956,3.6));
#13213=CARTESIAN_POINT('',(102.793359797646,-109.090710459951,3.6));
#13214=CARTESIAN_POINT('',(102.793359797646,-109.090710459951,3.6));
#13215=CARTESIAN_POINT('',(103.049374964138,-109.052268958956,3.6));
#13216=CARTESIAN_POINT('',(102.890378823967,-109.581035727746,3.6));
#13217=CARTESIAN_POINT('',(102.890378823967,-109.581035727746,3.));
#13218=CARTESIAN_POINT('',(102.83232431226,-109.454989445572,3.6));
#13219=CARTESIAN_POINT('',(102.83232431226,-109.454989445572,3.));
#13220=CARTESIAN_POINT('',(102.79998463682,-109.29154768964,3.6));
#13221=CARTESIAN_POINT('',(102.79998463682,-109.29154768964,3.));
#13222=CARTESIAN_POINT('',(102.793359797646,-109.090710459951,3.6));
#13223=CARTESIAN_POINT('',(102.793359797646,-109.090710459951,3.));
#13224=CARTESIAN_POINT('',(102.890378823967,-109.581035727746,3.6));
#13225=CARTESIAN_POINT('',(102.890378823967,-109.581035727746,3.6));
#13226=CARTESIAN_POINT('',(102.890378823967,-109.581035727746,3.6));
#13227=CARTESIAN_POINT('',(102.803297056407,-109.391966304484,3.6));
#13228=CARTESIAN_POINT('',(102.793359797646,-109.090710459951,3.6));
#13229=CARTESIAN_POINT('',(103.421987935489,-109.351205636865,3.6));
#13230=CARTESIAN_POINT('',(103.421987935489,-109.351205636865,3.6));
#13231=CARTESIAN_POINT('',(74.21,-67.177,3.6));
#13232=CARTESIAN_POINT('',(78.0698165748509,-27.4296145449569,1.4));
#13233=CARTESIAN_POINT('',(55.9416199684432,-27.4296145449569,1.4));
#13234=CARTESIAN_POINT('',(55.9416199684432,-27.4296145449569,1.4));
#13235=CARTESIAN_POINT('',(78.0698165748509,-27.4296145449569,1.4));
#13236=CARTESIAN_POINT('',(100.198013181259,-27.4296145449569,1.4));
#13237=CARTESIAN_POINT('',(100.198013181259,-27.4296145449569,1.4));
#13238=CARTESIAN_POINT('',(55.9416199684432,-36.4502641080186,1.4));
#13239=CARTESIAN_POINT('',(55.9416199684432,-45.4709136710804,1.4));
#13240=CARTESIAN_POINT('',(55.9416199684432,-45.4709136710804,1.4));
#13241=CARTESIAN_POINT('',(55.9416199684432,-36.4502641080186,1.4));
#13242=CARTESIAN_POINT('',(78.0698165748509,-45.4709136710804,1.4));
#13243=CARTESIAN_POINT('',(100.198013181259,-45.4709136710804,1.4));
#13244=CARTESIAN_POINT('',(100.198013181259,-45.4709136710804,1.4));
#13245=CARTESIAN_POINT('',(78.0698165748509,-45.4709136710804,1.4));
#13246=CARTESIAN_POINT('',(100.198013181259,-36.4502641080186,1.4));
#13247=CARTESIAN_POINT('',(100.198013181259,-36.4502641080186,1.4));
#13248=CARTESIAN_POINT('',(74.21,-67.177,1.4));
#13249=CARTESIAN_POINT('',(110.11964330165,-60.6816933780532,0.));
#13250=CARTESIAN_POINT('',(120.86,-60.6816933780532,2.));
#13251=CARTESIAN_POINT('',(98.3792866033003,-60.6816933780532,0.));
#13252=CARTESIAN_POINT('',(98.3792866033003,-72.2089387612279,0.));
#13253=CARTESIAN_POINT('',(98.3792866033003,-83.7361841444025,0.));
#13254=CARTESIAN_POINT('',(110.11964330165,-83.7361841444025,0.));
#13255=CARTESIAN_POINT('',(120.86,-83.7361841444025,2.));
#13256=CARTESIAN_POINT('',(120.86,-67.177,2.));
#13257=CARTESIAN_POINT('',(120.86,-23.977,2.));
#13258=CARTESIAN_POINT('',(74.21,-23.977,2.));
#13259=CARTESIAN_POINT('',(27.56,-23.977,2.));
#13260=CARTESIAN_POINT('',(120.86,-67.177,2.));
#13261=CARTESIAN_POINT('',(120.86,-110.377,2.));
#13262=CARTESIAN_POINT('',(27.56,-67.177,2.));
#13263=CARTESIAN_POINT('',(27.56,-110.377,2.));
#13264=CARTESIAN_POINT('',(74.21,-110.377,2.));
#13265=CARTESIAN_POINT('',(87.7800247104581,-25.2240795577277,3.6));
#13266=CARTESIAN_POINT('',(87.7800247104581,-25.2240795577277,3.));
#13267=CARTESIAN_POINT('',(86.9467546315414,-25.2240642798514,3.));
#13268=CARTESIAN_POINT('',(88.6132967617885,-25.2240289550081,3.));
#13269=CARTESIAN_POINT('',(86.9467549073831,-25.2240795577277,3.6));
#13270=CARTESIAN_POINT('',(86.9467546315414,-25.2240642798514,3.6));
#13271=CARTESIAN_POINT('',(87.7800247104581,-25.2240795577277,3.6));
#13272=CARTESIAN_POINT('',(88.6132967617885,-25.2240289550081,3.59999975));
#13273=CARTESIAN_POINT('',(88.6132945135331,-25.2240795577277,3.6));
#13274=CARTESIAN_POINT('',(86.9458888300419,-25.1761106597272,3.6));
#13275=CARTESIAN_POINT('',(86.9458888300419,-25.1761106597272,3.));
#13276=CARTESIAN_POINT('',(86.9114707988304,-25.209490779932,3.));
#13277=CARTESIAN_POINT('',(86.9114709197954,-25.2094908972475,3.6));
#13278=CARTESIAN_POINT('',(86.9114707988304,-25.209490779932,3.6));
#13279=CARTESIAN_POINT('',(86.9458888300419,-25.1761106597272,3.6));
#13280=CARTESIAN_POINT('',(86.9448506807539,-25.1750725104386,3.6));
#13281=CARTESIAN_POINT('',(86.9448506807539,-25.1750725104386,3.));
#13282=CARTESIAN_POINT('',(86.8968970606293,-25.1742067089392,3.));
#13283=CARTESIAN_POINT('',(86.8968817827529,-25.1742064330975,3.6));
#13284=CARTESIAN_POINT('',(86.8968970606293,-25.1742067089392,3.59999975));
#13285=CARTESIAN_POINT('',(86.9448506807539,-25.1750725104386,3.6));
#13286=CARTESIAN_POINT('',(86.8968817827529,-24.9047620195109,3.6));
#13287=CARTESIAN_POINT('',(86.8968817827529,-24.9047620195109,3.));
#13288=CARTESIAN_POINT('',(86.8968970606293,-24.6353173300825,3.));
#13289=CARTESIAN_POINT('',(86.8968817827529,-24.6353176059243,3.6));
#13290=CARTESIAN_POINT('',(86.8968970606293,-24.6353173300825,3.6));
#13291=CARTESIAN_POINT('',(86.8968817827529,-24.9047620195109,3.6));
#13292=CARTESIAN_POINT('',(86.9448506807533,-24.634451528583,3.6));
#13293=CARTESIAN_POINT('',(86.9448506807533,-24.634451528583,3.));
#13294=CARTESIAN_POINT('',(86.911470560549,-24.6000334973712,3.));
#13295=CARTESIAN_POINT('',(86.9114704432331,-24.6000336183366,3.6));
#13296=CARTESIAN_POINT('',(86.911470560549,-24.6000334973712,3.6));
#13297=CARTESIAN_POINT('',(86.9448506807533,-24.634451528583,3.6));
#13298=CARTESIAN_POINT('',(86.9458888300417,-24.6334133792943,3.6));
#13299=CARTESIAN_POINT('',(86.9458888300417,-24.6334133792943,3.));
#13300=CARTESIAN_POINT('',(86.9467546315414,-24.5854597591704,3.));
#13301=CARTESIAN_POINT('',(86.9467549073831,-24.5854444812941,3.6));
#13302=CARTESIAN_POINT('',(86.9467546315414,-24.5854597591704,3.59999975));
#13303=CARTESIAN_POINT('',(86.9458888300417,-24.6334133792943,3.6));
#13304=CARTESIAN_POINT('',(87.7800247104581,-24.5854444812941,3.6));
#13305=CARTESIAN_POINT('',(87.7800247104581,-24.5854444812941,3.));
#13306=CARTESIAN_POINT('',(88.6132967617885,-24.5854950840137,3.));
#13307=CARTESIAN_POINT('',(88.6132945135331,-24.5854444812941,3.6));
#13308=CARTESIAN_POINT('',(88.6132967617885,-24.5854950840137,3.6));
#13309=CARTESIAN_POINT('',(87.7800247104581,-24.5854444812941,3.6));
#13310=CARTESIAN_POINT('',(88.6151152322833,-24.6264243979154,3.6));
#13311=CARTESIAN_POINT('',(88.6151152322833,-24.6264243979154,3.));
#13312=CARTESIAN_POINT('',(88.6463548597714,-24.5999947208949,3.));
#13313=CARTESIAN_POINT('',(88.646354772553,-24.5999946161608,3.6));
#13314=CARTESIAN_POINT('',(88.6463544225506,-24.5999949076304,3.6));
#13315=CARTESIAN_POINT('',(88.6151152322833,-24.6264243979154,3.6));
#13316=CARTESIAN_POINT('',(88.6057660447908,-24.6337954769513,3.6));
#13317=CARTESIAN_POINT('',(88.6057660447908,-24.6337954769513,3.));
#13318=CARTESIAN_POINT('',(88.6585988975113,-24.6353166034046,3.));
#13319=CARTESIAN_POINT('',(88.6586337177424,-24.6353176059243,3.6));
#13320=CARTESIAN_POINT('',(88.6585988975113,-24.6353166034046,3.59999975));
#13321=CARTESIAN_POINT('',(88.6057660447908,-24.6337954769513,3.6));
#13322=CARTESIAN_POINT('',(88.6586337177424,-24.9047620195109,3.6));
#13323=CARTESIAN_POINT('',(88.6586337177424,-24.9047620195109,3.));
#13324=CARTESIAN_POINT('',(88.6585988975113,-25.1742074356172,3.));
#13325=CARTESIAN_POINT('',(88.6586337177424,-25.1742064330975,3.6));
#13326=CARTESIAN_POINT('',(88.6585988975113,-25.1742074356172,3.6));
#13327=CARTESIAN_POINT('',(88.6586337177424,-24.9047620195109,3.6));
#13328=CARTESIAN_POINT('',(88.6057660447906,-25.1757285620705,3.6));
#13329=CARTESIAN_POINT('',(88.6057660447906,-25.1757285620705,3.));
#13330=CARTESIAN_POINT('',(88.6463541628652,-25.2095287331681,3.));
#13331=CARTESIAN_POINT('',(88.6463542531821,-25.2095286264143,3.6));
#13332=CARTESIAN_POINT('',(88.646354600086,-25.2095289199036,3.6));
#13333=CARTESIAN_POINT('',(88.6057660447906,-25.1757285620705,3.6));
#13334=CARTESIAN_POINT('',(87.8379941215543,-26.4676691588968,3.6));
#13335=CARTESIAN_POINT('',(87.8379941215543,-26.4676691588968,3.));
#13336=CARTESIAN_POINT('',(86.9467546315414,-26.4676538810204,3.));
#13337=CARTESIAN_POINT('',(88.7292333472919,-26.4676804420326,3.));
#13338=CARTESIAN_POINT('',(86.9467549073831,-26.4676691588968,3.6));
#13339=CARTESIAN_POINT('',(86.9467546315414,-26.4676538810204,3.6));
#13340=CARTESIAN_POINT('',(87.8379941215543,-26.4676691588968,3.6));
#13341=CARTESIAN_POINT('',(88.7292333472919,-26.4676804420326,3.59999975));
#13342=CARTESIAN_POINT('',(88.7292333357254,-26.4676691588968,3.6));
#13343=CARTESIAN_POINT('',(86.9458888300418,-26.4197002608965,3.6));
#13344=CARTESIAN_POINT('',(86.9458888300418,-26.4197002608965,3.));
#13345=CARTESIAN_POINT('',(86.91147079883,-26.4530803811006,3.));
#13346=CARTESIAN_POINT('',(86.9114709197954,-26.4530804984165,3.6));
#13347=CARTESIAN_POINT('',(86.91147079883,-26.4530803811006,3.6));
#13348=CARTESIAN_POINT('',(86.9458888300418,-26.4197002608965,3.6));
#13349=CARTESIAN_POINT('',(86.944850680753,-26.4186621116079,3.6));
#13350=CARTESIAN_POINT('',(86.944850680753,-26.4186621116079,3.));
#13351=CARTESIAN_POINT('',(86.8968970606293,-26.4177963101083,3.));
#13352=CARTESIAN_POINT('',(86.8968817827529,-26.4177960342666,3.6));
#13353=CARTESIAN_POINT('',(86.8968970606293,-26.4177963101083,3.59999975));
#13354=CARTESIAN_POINT('',(86.944850680753,-26.4186621116079,3.6));
#13355=CARTESIAN_POINT('',(86.8968817827529,-26.121471949613,3.6));
#13356=CARTESIAN_POINT('',(86.8968817827529,-26.121471949613,3.));
#13357=CARTESIAN_POINT('',(86.8968970606293,-25.8251475891177,3.));
#13358=CARTESIAN_POINT('',(86.8968817827529,-25.8251478649595,3.6));
#13359=CARTESIAN_POINT('',(86.8968970606293,-25.8251475891177,3.6));
#13360=CARTESIAN_POINT('',(86.8968817827529,-26.121471949613,3.6));
#13361=CARTESIAN_POINT('',(86.9448506807539,-25.8242817876184,3.6));
#13362=CARTESIAN_POINT('',(86.9448506807539,-25.8242817876184,3.));
#13363=CARTESIAN_POINT('',(86.9114705605489,-25.7898637564064,3.));
#13364=CARTESIAN_POINT('',(86.9114704432331,-25.7898638773717,3.6));
#13365=CARTESIAN_POINT('',(86.9114705605489,-25.7898637564064,3.6));
#13366=CARTESIAN_POINT('',(86.9448506807539,-25.8242817876184,3.6));
#13367=CARTESIAN_POINT('',(86.9458888300421,-25.8232436383302,3.6));
#13368=CARTESIAN_POINT('',(86.9458888300421,-25.8232436383302,3.));
#13369=CARTESIAN_POINT('',(86.9467546315414,-25.7752900182056,3.));
#13370=CARTESIAN_POINT('',(86.9467549073831,-25.7752747403292,3.6));
#13371=CARTESIAN_POINT('',(86.9467546315414,-25.7752900182056,3.59999975));
#13372=CARTESIAN_POINT('',(86.9458888300421,-25.8232436383302,3.6));
#13373=CARTESIAN_POINT('',(87.8379941215543,-25.7752747403292,3.6));
#13374=CARTESIAN_POINT('',(87.8379941215543,-25.7752747403292,3.));
#13375=CARTESIAN_POINT('',(88.7292333472919,-25.7752634571933,3.));
#13376=CARTESIAN_POINT('',(88.7292333357254,-25.7752747403292,3.6));
#13377=CARTESIAN_POINT('',(88.7292333472919,-25.7752634571933,3.6));
#13378=CARTESIAN_POINT('',(87.8379941215543,-25.7752747403292,3.6));
#13379=CARTESIAN_POINT('',(88.729177267573,-25.8299693422159,3.6));
#13380=CARTESIAN_POINT('',(88.729177267573,-25.8299693422159,3.));
#13381=CARTESIAN_POINT('',(88.7666941391618,-25.790139002226,3.));
#13382=CARTESIAN_POINT('',(88.7666941391618,-25.790139002226,3.6));
#13383=CARTESIAN_POINT('',(88.7666941391618,-25.790139002226,3.6));
#13384=CARTESIAN_POINT('',(88.729177267573,-25.8299693422159,3.6));
#13385=CARTESIAN_POINT('',(88.7377248486708,-25.8249480123068,3.6));
#13386=CARTESIAN_POINT('',(88.7377248486708,-25.8249480123068,3.));
#13387=CARTESIAN_POINT('',(88.7830019024064,-25.8251479056848,3.));
#13388=CARTESIAN_POINT('',(88.7829926778593,-25.8251478649595,3.6));
#13389=CARTESIAN_POINT('',(88.7830019024064,-25.8251479056848,3.59999975));
#13390=CARTESIAN_POINT('',(88.7377248486708,-25.8249480123068,3.6));
#13391=CARTESIAN_POINT('',(88.7829926778593,-26.121471949613,3.6));
#13392=CARTESIAN_POINT('',(88.7829926778593,-26.121471949613,3.));
#13393=CARTESIAN_POINT('',(88.7830019024063,-26.4177959935412,3.));
#13394=CARTESIAN_POINT('',(88.7829926778593,-26.4177960342666,3.6));
#13395=CARTESIAN_POINT('',(88.7830019024063,-26.4177959935412,3.6));
#13396=CARTESIAN_POINT('',(88.7829926778593,-26.121471949613,3.6));
#13397=CARTESIAN_POINT('',(88.7377248486773,-26.4179958869218,3.6));
#13398=CARTESIAN_POINT('',(88.7377248486773,-26.4179958869218,3.));
#13399=CARTESIAN_POINT('',(88.7666941391701,-26.4528048969923,3.));
#13400=CARTESIAN_POINT('',(88.7666941391701,-26.4528048969923,3.6));
#13401=CARTESIAN_POINT('',(88.7666941391701,-26.4528048969923,3.6));
#13402=CARTESIAN_POINT('',(88.7377248486773,-26.4179958869218,3.6));
#13403=CARTESIAN_POINT('',(86.3502205205724,-25.5265568200954,3.6));
#13404=CARTESIAN_POINT('',(86.3502205205724,-27.0188643414983,3.6));
#13405=CARTESIAN_POINT('',(86.3502205205724,-27.0188643414983,3.6));
#13406=CARTESIAN_POINT('',(86.3502205205724,-25.5265568200954,3.6));
#13407=CARTESIAN_POINT('',(86.3502205205724,-24.0342492986926,3.6));
#13408=CARTESIAN_POINT('',(86.3502205205724,-24.0342492986926,3.6));
#13409=CARTESIAN_POINT('',(87.5523571350358,-27.0188643414983,3.6));
#13410=CARTESIAN_POINT('',(88.7544937494992,-27.0188643414983,3.6));
#13411=CARTESIAN_POINT('',(88.7544943530347,-27.0187941138249,3.6));
#13412=CARTESIAN_POINT('',(87.5523571350358,-27.0188643414983,3.6));
#13413=CARTESIAN_POINT('',(88.7592772995463,-26.4622482586857,3.6));
#13414=CARTESIAN_POINT('',(89.04434080498,-26.9401684370492,3.6));
#13415=CARTESIAN_POINT('',(89.0443252733901,-26.9401417906438,3.6));
#13416=CARTESIAN_POINT('',(88.7592772995463,-26.4622482586857,3.6));
#13417=CARTESIAN_POINT('',(88.7389591803791,-26.4198040835132,3.6));
#13418=CARTESIAN_POINT('',(89.2558158074704,-26.7309603947693,3.6));
#13419=CARTESIAN_POINT('',(89.255838861375,-26.7309743657187,3.6));
#13420=CARTESIAN_POINT('',(88.7389591803791,-26.4198040835132,3.6));
#13421=CARTESIAN_POINT('',(88.7887973234025,-26.4484711537418,3.6));
#13422=CARTESIAN_POINT('',(89.334835563378,-26.442408745123,3.6));
#13423=CARTESIAN_POINT('',(89.3347377190973,-26.4424098314425,3.59999975));
#13424=CARTESIAN_POINT('',(88.7887973234025,-26.4484711537418,3.6));
#13425=CARTESIAN_POINT('',(89.334835563378,-26.1211480981544,3.6));
#13426=CARTESIAN_POINT('',(89.334835563378,-25.7998874511857,3.6));
#13427=CARTESIAN_POINT('',(89.3349045453966,-25.7998869007599,3.6));
#13428=CARTESIAN_POINT('',(89.334835563378,-26.1211480981544,3.6));
#13429=CARTESIAN_POINT('',(88.8053589173506,-25.804112285972,3.6));
#13430=CARTESIAN_POINT('',(89.2911156164619,-25.5926225176575,3.6));
#13431=CARTESIAN_POINT('',(89.2910655896283,-25.5926449264456,3.6));
#13432=CARTESIAN_POINT('',(88.8053589173506,-25.804112285972,3.6));
#13433=CARTESIAN_POINT('',(88.4080225379689,-25.9686407497393,3.6));
#13434=CARTESIAN_POINT('',(89.1767692252578,-25.393850591403,3.6));
#13435=CARTESIAN_POINT('',(89.1767692252578,-25.393850591403,3.6));
#13436=CARTESIAN_POINT('',(88.4080225379689,-25.9686407497393,3.6));
#13437=CARTESIAN_POINT('',(88.8309979745777,-25.2359187716315,3.6));
#13438=CARTESIAN_POINT('',(89.2059426828402,-25.2985653932144,3.6));
#13439=CARTESIAN_POINT('',(89.2059485341646,-25.2985663538039,3.6));
#13440=CARTESIAN_POINT('',(88.8309979745777,-25.2359187716315,3.6));
#13441=CARTESIAN_POINT('',(88.5924297597352,-25.1968306205142,3.6));
#13442=CARTESIAN_POINT('',(89.2143628207648,-25.1949329264503,3.6));
#13443=CARTESIAN_POINT('',(89.2143513396063,-25.1949329614826,3.59999975));
#13444=CARTESIAN_POINT('',(88.5924297597352,-25.1968306205142,3.6));
#13445=CARTESIAN_POINT('',(89.2143628207648,-24.902818910759,3.6));
#13446=CARTESIAN_POINT('',(89.2143628207648,-24.6107048950678,3.6));
#13447=CARTESIAN_POINT('',(89.214263579491,-24.6107037835864,3.6));
#13448=CARTESIAN_POINT('',(89.2143628207648,-24.902818910759,3.6));
#13449=CARTESIAN_POINT('',(88.6666120461508,-24.6045702014425,3.6));
#13450=CARTESIAN_POINT('',(89.1356669163158,-24.3221532454215,3.6));
#13451=CARTESIAN_POINT('',(89.1356785993913,-24.322146059179,3.6));
#13452=CARTESIAN_POINT('',(88.6666120461508,-24.6045702014425,3.6));
#13453=CARTESIAN_POINT('',(88.6155861159078,-24.6330260035495,3.6));
#13454=CARTESIAN_POINT('',(88.9264588740358,-24.1129452031415,3.6));
#13455=CARTESIAN_POINT('',(88.9264660413694,-24.112933508898,3.6));
#13456=CARTESIAN_POINT('',(88.6155861159078,-24.6330260035495,3.6));
#13457=CARTESIAN_POINT('',(88.6440419180151,-24.582000073306,3.6));
#13458=CARTESIAN_POINT('',(88.6379072243896,-24.0342492986926,3.6));
#13459=CARTESIAN_POINT('',(88.637908335871,-24.0343485399664,3.59999975));
#13460=CARTESIAN_POINT('',(88.6440419180151,-24.582000073306,3.6));
#13461=CARTESIAN_POINT('',(88.729177267573,-26.4129745570095,3.6));
#13462=CARTESIAN_POINT('',(88.729177267573,-26.4129745570095,3.));
#13463=CARTESIAN_POINT('',(88.729177267573,-26.4129745570095,3.6));
#13464=CARTESIAN_POINT('',(87.494063872481,-24.0342492986926,3.6));
#13465=CARTESIAN_POINT('',(87.494063872481,-24.0342492986926,3.6));
#13466=CARTESIAN_POINT('',(88.6151152322833,-25.1830996411064,3.6));
#13467=CARTESIAN_POINT('',(88.6151152322833,-25.1830996411064,3.));
#13468=CARTESIAN_POINT('',(88.6151152322833,-25.1830996411064,3.6));
#13469=CARTESIAN_POINT('',(74.21,-67.177,3.6));
#13470=CARTESIAN_POINT('',(74.21,-67.177,3.));
#13471=CARTESIAN_POINT('',(74.21,-67.177,3.));
#13472=CARTESIAN_POINT('',(83.46735544339,-26.4723165429385,3.6));
#13473=CARTESIAN_POINT('',(83.4731241620344,-27.0188643414983,3.6));
#13474=CARTESIAN_POINT('',(83.4731231961101,-27.0187728265802,3.59999975));
#13475=CARTESIAN_POINT('',(83.46735544339,-26.4723165429385,3.6));
#13476=CARTESIAN_POINT('',(83.1852170042576,-26.94017337765,3.59999975));
#13477=CARTESIAN_POINT('',(83.1852202153055,-26.9401684370492,3.6));
#13478=CARTESIAN_POINT('',(84.3892999385207,-27.0188643414983,3.6));
#13479=CARTESIAN_POINT('',(85.3054757150069,-27.0188643414983,3.6));
#13480=CARTESIAN_POINT('',(85.3054766809312,-27.0187728265802,3.6));
#13481=CARTESIAN_POINT('',(84.3892999385207,-27.0188643414983,3.6));
#13482=CARTESIAN_POINT('',(85.3112444336513,-26.4723165429382,3.6));
#13483=CARTESIAN_POINT('',(85.5933796617359,-26.9401684370492,3.6));
#13484=CARTESIAN_POINT('',(85.593383855758,-26.9401751436471,3.6));
#13485=CARTESIAN_POINT('',(85.3112444336513,-26.4723165429382,3.6));
#13486=CARTESIAN_POINT('',(85.2809807047986,-26.4177744425311,3.6));
#13487=CARTESIAN_POINT('',(85.8029115554745,-26.7309603947693,3.6));
#13488=CARTESIAN_POINT('',(85.8029200752649,-26.7309656973786,3.6));
#13489=CARTESIAN_POINT('',(85.2809807047986,-26.4177744425311,3.6));
#13490=CARTESIAN_POINT('',(85.3358930714077,-26.4484711537419,3.6));
#13491=CARTESIAN_POINT('',(85.8819313113822,-26.442408745123,3.6));
#13492=CARTESIAN_POINT('',(85.8818334671015,-26.4424098314425,3.59999975));
#13493=CARTESIAN_POINT('',(85.3358930714077,-26.4484711537419,3.6));
#13494=CARTESIAN_POINT('',(85.8819313113822,-25.2383290219078,3.6));
#13495=CARTESIAN_POINT('',(85.8819313113822,-24.0342492986926,3.6));
#13496=CARTESIAN_POINT('',(85.8819313113822,-24.0342492986926,3.6));
#13497=CARTESIAN_POINT('',(85.8819313113822,-25.2383290219078,3.6));
#13498=CARTESIAN_POINT('',(85.6060098686228,-24.0342492986926,3.6));
#13499=CARTESIAN_POINT('',(85.3300884258634,-24.0342492986926,3.6));
#13500=CARTESIAN_POINT('',(85.3300884258634,-24.0342492986926,3.6));
#13501=CARTESIAN_POINT('',(85.6060098686228,-24.0342492986926,3.6));
#13502=CARTESIAN_POINT('',(85.3300884258634,-25.2260226664796,3.6));
#13503=CARTESIAN_POINT('',(85.3300884258634,-26.4177960342666,3.6));
#13504=CARTESIAN_POINT('',(85.3300976504105,-26.4177959935412,3.6));
#13505=CARTESIAN_POINT('',(85.3300884258634,-25.2260226664796,3.6));
#13506=CARTESIAN_POINT('',(85.2848205966749,-26.4179958869192,3.6));
#13507=CARTESIAN_POINT('',(85.3137898871668,-26.4528048969992,3.6));
#13508=CARTESIAN_POINT('',(85.3137898871668,-26.4528048969992,3.6));
#13509=CARTESIAN_POINT('',(85.2848205966749,-26.4179958869192,3.6));
#13510=CARTESIAN_POINT('',(85.2762730155772,-26.4129745570097,3.6));
#13511=CARTESIAN_POINT('',(85.2763290837295,-26.4676691588968,3.6));
#13512=CARTESIAN_POINT('',(85.276329095296,-26.4676804420326,3.59999975));
#13513=CARTESIAN_POINT('',(85.2762730155772,-26.4129745570097,3.6));
#13514=CARTESIAN_POINT('',(84.3850898695584,-26.4676691588968,3.6));
#13515=CARTESIAN_POINT('',(83.4938506553873,-26.4676691588968,3.6));
#13516=CARTESIAN_POINT('',(83.4938503795456,-26.4676538810204,3.6));
#13517=CARTESIAN_POINT('',(84.3850898695584,-26.4676691588968,3.6));
#13518=CARTESIAN_POINT('',(83.4929845780459,-26.4197002608964,3.6));
#13519=CARTESIAN_POINT('',(83.4585666677995,-26.4530804984165,3.6));
#13520=CARTESIAN_POINT('',(83.4585665468343,-26.4530803811007,3.6));
#13521=CARTESIAN_POINT('',(83.4929845780459,-26.4197002608964,3.6));
#13522=CARTESIAN_POINT('',(83.4919464287572,-26.4186621116079,3.6));
#13523=CARTESIAN_POINT('',(83.443977530757,-26.4177960342666,3.6));
#13524=CARTESIAN_POINT('',(83.4439928086334,-26.4177963101083,3.59999975));
#13525=CARTESIAN_POINT('',(83.4919464287572,-26.4186621116079,3.6));
#13526=CARTESIAN_POINT('',(83.443977530757,-25.2260226664796,3.6));
#13527=CARTESIAN_POINT('',(83.443977530757,-24.0342492986926,3.6));
#13528=CARTESIAN_POINT('',(83.443977530757,-24.0342492986926,3.6));
#13529=CARTESIAN_POINT('',(83.443977530757,-25.2260226664796,3.6));
#13530=CARTESIAN_POINT('',(83.1706468996668,-24.0342492986926,3.6));
#13531=CARTESIAN_POINT('',(82.8973162685765,-24.0342492986926,3.6));
#13532=CARTESIAN_POINT('',(82.8973162685765,-24.0342492986926,3.6));
#13533=CARTESIAN_POINT('',(83.1706468996668,-24.0342492986926,3.6));
#13534=CARTESIAN_POINT('',(82.8973162685765,-25.2383290219078,3.6));
#13535=CARTESIAN_POINT('',(82.8973162685765,-26.442408745123,3.6));
#13536=CARTESIAN_POINT('',(82.8974155098503,-26.4424098566044,3.6));
#13537=CARTESIAN_POINT('',(82.8973162685765,-25.2383290219078,3.6));
#13538=CARTESIAN_POINT('',(83.4450670431906,-26.4485434387483,3.6));
#13539=CARTESIAN_POINT('',(82.9760121730255,-26.7309603947693,3.6));
#13540=CARTESIAN_POINT('',(82.97600048995,-26.7309675810118,3.6));
#13541=CARTESIAN_POINT('',(83.4450670431906,-26.4485434387483,3.6));
#13542=CARTESIAN_POINT('',(83.4960929734321,-26.4200876366426,3.6));
#13543=CARTESIAN_POINT('',(83.4960929734321,-26.4200876366426,3.6));
#13544=CARTESIAN_POINT('',(74.21,-67.177,3.6));
#13545=CARTESIAN_POINT('',(79.6801758784689,-25.5246137113436,3.6));
#13546=CARTESIAN_POINT('',(79.6801758784689,-27.0188643414983,3.6));
#13547=CARTESIAN_POINT('',(79.6801758784689,-27.0188643414983,3.6));
#13548=CARTESIAN_POINT('',(79.6801758784689,-25.5246137113436,3.6));
#13549=CARTESIAN_POINT('',(79.6801758784689,-24.0303630811889,3.6));
#13550=CARTESIAN_POINT('',(79.6801758784689,-24.0303630811889,3.6));
#13551=CARTESIAN_POINT('',(81.1724833998717,-27.0188643414983,3.6));
#13552=CARTESIAN_POINT('',(82.6647909212746,-27.0188643414983,3.6));
#13553=CARTESIAN_POINT('',(82.6647909212746,-27.0188643414983,3.6));
#13554=CARTESIAN_POINT('',(81.1724833998717,-27.0188643414983,3.6));
#13555=CARTESIAN_POINT('',(82.6647909212746,-26.7432667501975,3.6));
#13556=CARTESIAN_POINT('',(82.6647909212746,-26.4676691588968,3.6));
#13557=CARTESIAN_POINT('',(82.6647909212746,-26.4676691588968,3.6));
#13558=CARTESIAN_POINT('',(82.6647909212746,-26.7432667501975,3.6));
#13559=CARTESIAN_POINT('',(81.4461378824206,-26.4676691588968,3.6));
#13560=CARTESIAN_POINT('',(80.2274848435667,-26.4676691588968,3.6));
#13561=CARTESIAN_POINT('',(80.2274848435667,-26.4676691588968,3.6));
#13562=CARTESIAN_POINT('',(81.4461378824206,-26.4676691588968,3.6));
#13563=CARTESIAN_POINT('',(80.2274848435667,-25.2490161200428,3.6));
#13564=CARTESIAN_POINT('',(80.2274848435667,-24.0303630811889,3.6));
#13565=CARTESIAN_POINT('',(80.2274848435667,-24.0303630811889,3.6));
#13566=CARTESIAN_POINT('',(80.2274848435667,-25.2490161200428,3.6));
#13567=CARTESIAN_POINT('',(79.9538303610178,-24.0303630811889,3.6));
#13568=CARTESIAN_POINT('',(79.9538303610178,-24.0303630811889,3.6));
#13569=CARTESIAN_POINT('',(74.21,-67.177,3.6));
#13570=CARTESIAN_POINT('',(76.8387637879922,-26.4723165429379,3.6));
#13571=CARTESIAN_POINT('',(76.8445325066366,-27.0188643414983,3.6));
#13572=CARTESIAN_POINT('',(76.8445315407123,-27.0187728265802,3.59999975));
#13573=CARTESIAN_POINT('',(76.8387637879922,-26.4723165429379,3.6));
#13574=CARTESIAN_POINT('',(76.5566243208649,-26.9401751167242,3.59999975));
#13575=CARTESIAN_POINT('',(76.5566285599076,-26.9401684370492,3.6));
#13576=CARTESIAN_POINT('',(78.0447260123482,-27.0188643414983,3.6));
#13577=CARTESIAN_POINT('',(79.2449195180597,-27.0188643414983,3.6));
#13578=CARTESIAN_POINT('',(79.2449195180597,-27.0188643414983,3.6));
#13579=CARTESIAN_POINT('',(78.0447260123482,-27.0188643414983,3.6));
#13580=CARTESIAN_POINT('',(79.2449195180597,-26.7432667501975,3.6));
#13581=CARTESIAN_POINT('',(79.2449195180597,-26.4676691588968,3.6));
#13582=CARTESIAN_POINT('',(79.2449195180597,-26.4676691588968,3.6));
#13583=CARTESIAN_POINT('',(79.2449195180597,-26.7432667501975,3.6));
#13584=CARTESIAN_POINT('',(78.1026954234443,-26.4676691588968,3.6));
#13585=CARTESIAN_POINT('',(76.9604713288289,-26.4676691588968,3.6));
#13586=CARTESIAN_POINT('',(76.9604597994336,-26.4674536093662,3.6));
#13587=CARTESIAN_POINT('',(78.1026954234443,-26.4676691588968,3.6));
#13588=CARTESIAN_POINT('',(76.9528205063185,-26.3246320644199,3.6));
#13589=CARTESIAN_POINT('',(76.8546846397301,-26.4283824345616,3.6));
#13590=CARTESIAN_POINT('',(76.8546822984749,-26.4283799598026,3.6));
#13591=CARTESIAN_POINT('',(76.9528205063185,-26.3246320644199,3.6));
#13592=CARTESIAN_POINT('',(76.9584229698361,-26.3302345279375,3.6));
#13593=CARTESIAN_POINT('',(76.8153858753592,-26.322583705427,3.6));
#13594=CARTESIAN_POINT('',(76.8156014248898,-26.3225952348223,3.59999975));
#13595=CARTESIAN_POINT('',(76.9584229698361,-26.3302345279375,3.6));
#13596=CARTESIAN_POINT('',(76.8153858753592,-25.5265568200954,3.6));
#13597=CARTESIAN_POINT('',(76.8153858753592,-24.7305299347638,3.6));
#13598=CARTESIAN_POINT('',(76.8157144694552,-24.730505314324,3.6));
#13599=CARTESIAN_POINT('',(76.8153858753592,-25.5265568200954,3.6));
#13600=CARTESIAN_POINT('',(76.9576140029576,-24.7198732641238,3.6));
#13601=CARTESIAN_POINT('',(76.854895753313,-24.6226873990374,3.6));
#13602=CARTESIAN_POINT('',(76.854689968973,-24.6224969895369,3.6));
#13603=CARTESIAN_POINT('',(76.9576140029576,-24.7198732641238,3.6));
#13604=CARTESIAN_POINT('',(76.9522622119729,-24.7336669859961,3.6));
#13605=CARTESIAN_POINT('',(76.9604713288289,-24.5854444812941,3.6));
#13606=CARTESIAN_POINT('',(76.9604587411725,-24.5856717620097,3.59999975));
#13607=CARTESIAN_POINT('',(76.9522622119729,-24.7336669859961,3.6));
#13608=CARTESIAN_POINT('',(78.1026954234443,-24.5854444812941,3.6));
#13609=CARTESIAN_POINT('',(79.2449195180597,-24.5854444812941,3.6));
#13610=CARTESIAN_POINT('',(79.2449195180597,-24.5854444812941,3.6));
#13611=CARTESIAN_POINT('',(78.1026954234443,-24.5854444812941,3.6));
#13612=CARTESIAN_POINT('',(79.2449195180597,-24.3098468899933,3.6));
#13613=CARTESIAN_POINT('',(79.2449195180597,-24.0342492986926,3.6));
#13614=CARTESIAN_POINT('',(79.2449195180597,-24.0342492986926,3.6));
#13615=CARTESIAN_POINT('',(79.2449195180597,-24.3098468899933,3.6));
#13616=CARTESIAN_POINT('',(78.0447260123482,-24.0342492986926,3.6));
#13617=CARTESIAN_POINT('',(76.8445325066366,-24.0342492986926,3.6));
#13618=CARTESIAN_POINT('',(76.8445315407123,-24.0343408136106,3.6));
#13619=CARTESIAN_POINT('',(78.0447260123482,-24.0342492986926,3.6));
#13620=CARTESIAN_POINT('',(76.8387637879922,-24.5807970972528,3.6));
#13621=CARTESIAN_POINT('',(76.5566285599076,-24.1129452031415,3.6));
#13622=CARTESIAN_POINT('',(76.5566243658855,-24.1129384965437,3.6));
#13623=CARTESIAN_POINT('',(76.8387637879922,-24.5807970972528,3.6));
#13624=CARTESIAN_POINT('',(76.8690275168453,-24.6353391976601,3.6));
#13625=CARTESIAN_POINT('',(76.347096666169,-24.3221532454215,3.6));
#13626=CARTESIAN_POINT('',(76.3470881463786,-24.3221479428122,3.6));
#13627=CARTESIAN_POINT('',(76.8690275168453,-24.6353391976601,3.6));
#13628=CARTESIAN_POINT('',(76.8141151502367,-24.6046424864489,3.6));
#13629=CARTESIAN_POINT('',(76.2680769102614,-24.6107048950678,3.6));
#13630=CARTESIAN_POINT('',(76.2681747545421,-24.6107038087483,3.59999975));
#13631=CARTESIAN_POINT('',(76.8141151502367,-24.6046424864489,3.6));
#13632=CARTESIAN_POINT('',(76.2680769102614,-25.5265568200954,3.6));
#13633=CARTESIAN_POINT('',(76.2680769102614,-26.442408745123,3.6));
#13634=CARTESIAN_POINT('',(76.2681747545421,-26.4424098314425,3.6));
#13635=CARTESIAN_POINT('',(76.2680769102614,-25.5265568200954,3.6));
#13636=CARTESIAN_POINT('',(76.8141151502369,-26.4484711537418,3.6));
#13637=CARTESIAN_POINT('',(76.347096666169,-26.7309603947693,3.6));
#13638=CARTESIAN_POINT('',(76.3470881553784,-26.7309657126697,3.6));
#13639=CARTESIAN_POINT('',(76.8141151502369,-26.4484711537418,3.6));
#13640=CARTESIAN_POINT('',(76.8690275168449,-26.4177744425311,3.6));
#13641=CARTESIAN_POINT('',(76.8690275168449,-26.4177744425311,3.6));
#13642=CARTESIAN_POINT('',(74.21,-67.177,3.6));
#13643=CARTESIAN_POINT('',(72.9686782496598,-25.5265568200954,3.6));
#13644=CARTESIAN_POINT('',(72.9686782496598,-27.0188643414983,3.6));
#13645=CARTESIAN_POINT('',(72.9686782496598,-27.0188643414983,3.6));
#13646=CARTESIAN_POINT('',(72.9686782496598,-25.5265568200954,3.6));
#13647=CARTESIAN_POINT('',(72.9686782496598,-24.0342492986926,3.6));
#13648=CARTESIAN_POINT('',(72.9686782496598,-24.0342492986926,3.6));
#13649=CARTESIAN_POINT('',(73.2442758409605,-27.0188643414983,3.6));
#13650=CARTESIAN_POINT('',(73.5198734322613,-27.0188643414983,3.6));
#13651=CARTESIAN_POINT('',(73.5198734322613,-27.0188643414983,3.6));
#13652=CARTESIAN_POINT('',(73.2442758409605,-27.0188643414983,3.6));
#13653=CARTESIAN_POINT('',(73.5198734322613,-26.4116428565525,3.6));
#13654=CARTESIAN_POINT('',(73.5198734322613,-25.8044213716066,3.6));
#13655=CARTESIAN_POINT('',(73.5198734322613,-25.8044213716066,3.6));
#13656=CARTESIAN_POINT('',(73.5198734322613,-26.4116428565525,3.6));
#13657=CARTESIAN_POINT('',(73.8702807105073,-25.8044213716066,3.6));
#13658=CARTESIAN_POINT('',(74.2206879887534,-25.8044213716066,3.6));
#13659=CARTESIAN_POINT('',(74.2206879887534,-25.8044213716066,3.6));
#13660=CARTESIAN_POINT('',(73.8702807105073,-25.8044213716066,3.6));
#13661=CARTESIAN_POINT('',(74.7304301846492,-26.4116428565525,3.6));
#13662=CARTESIAN_POINT('',(75.2401723805451,-27.0188643414983,3.6));
#13663=CARTESIAN_POINT('',(75.2401723805451,-27.0188643414983,3.6));
#13664=CARTESIAN_POINT('',(74.7304301846492,-26.4116428565525,3.6));
#13665=CARTESIAN_POINT('',(75.5407065341609,-27.0188643414983,3.6));
#13666=CARTESIAN_POINT('',(75.8412406877768,-27.0188643414983,3.6));
#13667=CARTESIAN_POINT('',(75.8412406877768,-27.0188643414983,3.6));
#13668=CARTESIAN_POINT('',(75.5407065341609,-27.0188643414983,3.6));
#13669=CARTESIAN_POINT('',(75.8412406877768,-26.9401684370492,3.6));
#13670=CARTESIAN_POINT('',(75.8412406877768,-26.8614725326003,3.6));
#13671=CARTESIAN_POINT('',(75.8412406877768,-26.8614725326003,3.6));
#13672=CARTESIAN_POINT('',(75.8412406877768,-26.9401684370492,3.6));
#13673=CARTESIAN_POINT('',(75.2796822584989,-26.1940146763479,3.6));
#13674=CARTESIAN_POINT('',(74.718123829221,-25.5265568200954,3.6));
#13675=CARTESIAN_POINT('',(74.718123829221,-25.5265568200954,3.6));
#13676=CARTESIAN_POINT('',(75.2796822584989,-26.1940146763479,3.6));
#13677=CARTESIAN_POINT('',(75.2777391497471,-24.8590989638429,3.6));
#13678=CARTESIAN_POINT('',(75.8373544702731,-24.1916411075906,3.6));
#13679=CARTESIAN_POINT('',(75.8373544702731,-24.1916411075906,3.6));
#13680=CARTESIAN_POINT('',(75.2777391497471,-24.8590989638429,3.6));
#13681=CARTESIAN_POINT('',(75.8373544702731,-24.1129452031415,3.6));
#13682=CARTESIAN_POINT('',(75.8373544702731,-24.0342492986926,3.6));
#13683=CARTESIAN_POINT('',(75.8373544702731,-24.0342492986926,3.6));
#13684=CARTESIAN_POINT('',(75.8373544702731,-24.1129452031415,3.6));
#13685=CARTESIAN_POINT('',(75.5387634254091,-24.0342492986926,3.6));
#13686=CARTESIAN_POINT('',(75.2401723805451,-24.0342492986926,3.6));
#13687=CARTESIAN_POINT('',(75.2401723805451,-24.0342492986926,3.6));
#13688=CARTESIAN_POINT('',(75.5387634254091,-24.0342492986926,3.6));
#13689=CARTESIAN_POINT('',(74.7304301846492,-24.6414707836384,3.6));
#13690=CARTESIAN_POINT('',(74.2206879887534,-25.2486922685842,3.6));
#13691=CARTESIAN_POINT('',(74.2206879887534,-25.2486922685842,3.6));
#13692=CARTESIAN_POINT('',(74.7304301846492,-24.6414707836384,3.6));
#13693=CARTESIAN_POINT('',(73.8702807105073,-25.2486922685842,3.6));
#13694=CARTESIAN_POINT('',(73.5198734322613,-25.2486922685842,3.6));
#13695=CARTESIAN_POINT('',(73.5198734322613,-25.2486922685842,3.6));
#13696=CARTESIAN_POINT('',(73.8702807105073,-25.2486922685842,3.6));
#13697=CARTESIAN_POINT('',(73.5198734322613,-24.6414707836384,3.6));
#13698=CARTESIAN_POINT('',(73.5198734322613,-24.0342492986926,3.6));
#13699=CARTESIAN_POINT('',(73.5198734322613,-24.0342492986926,3.6));
#13700=CARTESIAN_POINT('',(73.5198734322613,-24.6414707836384,3.6));
#13701=CARTESIAN_POINT('',(73.2442758409605,-24.0342492986926,3.6));
#13702=CARTESIAN_POINT('',(73.2442758409605,-24.0342492986926,3.6));
#13703=CARTESIAN_POINT('',(74.21,-67.177,3.6));
#13704=CARTESIAN_POINT('',(70.1272661591831,-26.4723165429382,3.6));
#13705=CARTESIAN_POINT('',(70.1330348778275,-27.0188643414983,3.6));
#13706=CARTESIAN_POINT('',(70.1330339119032,-27.0187728265802,3.59999975));
#13707=CARTESIAN_POINT('',(70.1272661591831,-26.4723165429382,3.6));
#13708=CARTESIAN_POINT('',(69.8451266920558,-26.9401751167242,3.59999975));
#13709=CARTESIAN_POINT('',(69.8451309310985,-26.9401684370492,3.6));
#13710=CARTESIAN_POINT('',(71.3332283835391,-27.0188643414983,3.6));
#13711=CARTESIAN_POINT('',(72.5334218892506,-27.0188643414983,3.6));
#13712=CARTESIAN_POINT('',(72.5334218892506,-27.0188643414983,3.6));
#13713=CARTESIAN_POINT('',(71.3332283835391,-27.0188643414983,3.6));
#13714=CARTESIAN_POINT('',(72.5334218892506,-26.7432667501975,3.6));
#13715=CARTESIAN_POINT('',(72.5334218892506,-26.4676691588968,3.6));
#13716=CARTESIAN_POINT('',(72.5334218892506,-26.4676691588968,3.6));
#13717=CARTESIAN_POINT('',(72.5334218892506,-26.7432667501975,3.6));
#13718=CARTESIAN_POINT('',(71.3911977946352,-26.4676691588968,3.6));
#13719=CARTESIAN_POINT('',(70.2489737000198,-26.4676691588968,3.6));
#13720=CARTESIAN_POINT('',(70.2489621706245,-26.4674536093662,3.6));
#13721=CARTESIAN_POINT('',(71.3911977946352,-26.4676691588968,3.6));
#13722=CARTESIAN_POINT('',(70.2413228775093,-26.32463206442,3.6));
#13723=CARTESIAN_POINT('',(70.143187010921,-26.4283824345616,3.6));
#13724=CARTESIAN_POINT('',(70.1431846696657,-26.4283799598025,3.6));
#13725=CARTESIAN_POINT('',(70.2413228775093,-26.32463206442,3.6));
#13726=CARTESIAN_POINT('',(70.2469253410271,-26.3302345279375,3.6));
#13727=CARTESIAN_POINT('',(70.1038882465501,-26.322583705427,3.6));
#13728=CARTESIAN_POINT('',(70.1041037960807,-26.3225952348223,3.59999975));
#13729=CARTESIAN_POINT('',(70.2469253410271,-26.3302345279375,3.6));
#13730=CARTESIAN_POINT('',(70.1038882465501,-25.5265568200954,3.6));
#13731=CARTESIAN_POINT('',(70.1038882465501,-24.7305299347638,3.6));
#13732=CARTESIAN_POINT('',(70.1042168406249,-24.730505314326,3.6));
#13733=CARTESIAN_POINT('',(70.1038882465501,-25.5265568200954,3.6));
#13734=CARTESIAN_POINT('',(70.246116374445,-24.7198732642905,3.6));
#13735=CARTESIAN_POINT('',(70.1433981245039,-24.6226873990374,3.6));
#13736=CARTESIAN_POINT('',(70.1431923401653,-24.6224969895383,3.6));
#13737=CARTESIAN_POINT('',(70.246116374445,-24.7198732642905,3.6));
#13738=CARTESIAN_POINT('',(70.2407645831639,-24.7336669859964,3.6));
#13739=CARTESIAN_POINT('',(70.2489737000198,-24.5854444812941,3.6));
#13740=CARTESIAN_POINT('',(70.2489611123634,-24.5856717620096,3.59999975));
#13741=CARTESIAN_POINT('',(70.2407645831639,-24.7336669859964,3.6));
#13742=CARTESIAN_POINT('',(71.3911977946352,-24.5854444812941,3.6));
#13743=CARTESIAN_POINT('',(72.5334218892506,-24.5854444812941,3.6));
#13744=CARTESIAN_POINT('',(72.5334218892506,-24.5854444812941,3.6));
#13745=CARTESIAN_POINT('',(71.3911977946352,-24.5854444812941,3.6));
#13746=CARTESIAN_POINT('',(72.5334218892506,-24.3098468899933,3.6));
#13747=CARTESIAN_POINT('',(72.5334218892506,-24.0342492986926,3.6));
#13748=CARTESIAN_POINT('',(72.5334218892506,-24.0342492986926,3.6));
#13749=CARTESIAN_POINT('',(72.5334218892506,-24.3098468899933,3.6));
#13750=CARTESIAN_POINT('',(71.3332283835391,-24.0342492986926,3.6));
#13751=CARTESIAN_POINT('',(70.1330348778275,-24.0342492986926,3.6));
#13752=CARTESIAN_POINT('',(70.1330339119032,-24.0343408136106,3.6));
#13753=CARTESIAN_POINT('',(71.3332283835391,-24.0342492986926,3.6));
#13754=CARTESIAN_POINT('',(70.1272661591831,-24.5807970972526,3.6));
#13755=CARTESIAN_POINT('',(69.8451309310985,-24.1129452031415,3.6));
#13756=CARTESIAN_POINT('',(69.8451267370764,-24.1129384965437,3.6));
#13757=CARTESIAN_POINT('',(70.1272661591831,-24.5807970972526,3.6));
#13758=CARTESIAN_POINT('',(70.1575298880362,-24.63533919766,3.6));
#13759=CARTESIAN_POINT('',(69.6355990373599,-24.3221532454215,3.6));
#13760=CARTESIAN_POINT('',(69.6355905175695,-24.3221479428122,3.6));
#13761=CARTESIAN_POINT('',(70.1575298880362,-24.63533919766,3.6));
#13762=CARTESIAN_POINT('',(70.1026175214275,-24.6046424864489,3.6));
#13763=CARTESIAN_POINT('',(69.5565792814523,-24.6107048950678,3.6));
#13764=CARTESIAN_POINT('',(69.556677125733,-24.6107038087483,3.59999975));
#13765=CARTESIAN_POINT('',(70.1026175214275,-24.6046424864489,3.6));
#13766=CARTESIAN_POINT('',(69.5565792814523,-25.5265568200954,3.6));
#13767=CARTESIAN_POINT('',(69.5565792814523,-26.442408745123,3.6));
#13768=CARTESIAN_POINT('',(69.556677125733,-26.4424098314425,3.6));
#13769=CARTESIAN_POINT('',(69.5565792814523,-25.5265568200954,3.6));
#13770=CARTESIAN_POINT('',(70.1026175214277,-26.4484711537418,3.6));
#13771=CARTESIAN_POINT('',(69.6355990373599,-26.7309603947693,3.6));
#13772=CARTESIAN_POINT('',(69.6355905265693,-26.7309657126697,3.6));
#13773=CARTESIAN_POINT('',(70.1026175214277,-26.4484711537418,3.6));
#13774=CARTESIAN_POINT('',(70.1575298880358,-26.4177744425311,3.6));
#13775=CARTESIAN_POINT('',(70.1575298880358,-26.4177744425311,3.6));
#13776=CARTESIAN_POINT('',(74.21,-67.177,3.6));
#13777=CARTESIAN_POINT('',(67.5901532246037,-25.4682635575406,3.6));
#13778=CARTESIAN_POINT('',(67.5901532246037,-25.4682635575406,3.));
#13779=CARTESIAN_POINT('',(66.6470977770506,-25.4682635575406,3.));
#13780=CARTESIAN_POINT('',(68.5332086721569,-25.4682635575406,3.));
#13781=CARTESIAN_POINT('',(66.6470977770506,-25.4682635575406,3.6));
#13782=CARTESIAN_POINT('',(66.6470977770506,-25.4682635575406,3.6));
#13783=CARTESIAN_POINT('',(67.5901532246037,-25.4682635575406,3.6));
#13784=CARTESIAN_POINT('',(68.5332086721569,-25.4682635575406,3.6));
#13785=CARTESIAN_POINT('',(68.5332086721569,-25.4682635575406,3.6));
#13786=CARTESIAN_POINT('',(66.6470977770506,-25.0517905817325,3.6));
#13787=CARTESIAN_POINT('',(66.6470977770506,-25.0517905817325,3.));
#13788=CARTESIAN_POINT('',(66.647113054927,-24.6353173300825,3.));
#13789=CARTESIAN_POINT('',(66.6470977770506,-24.6353176059243,3.6));
#13790=CARTESIAN_POINT('',(66.647113054927,-24.6353173300825,3.6));
#13791=CARTESIAN_POINT('',(66.6470977770506,-25.0517905817325,3.6));
#13792=CARTESIAN_POINT('',(66.6950666750508,-24.6344515285828,3.6));
#13793=CARTESIAN_POINT('',(66.6950666750508,-24.6344515285828,3.));
#13794=CARTESIAN_POINT('',(66.6616865548462,-24.6000334973717,3.));
#13795=CARTESIAN_POINT('',(66.6616864375308,-24.6000336183366,3.6));
#13796=CARTESIAN_POINT('',(66.6616865548462,-24.6000334973717,3.6));
#13797=CARTESIAN_POINT('',(66.6950666750508,-24.6344515285828,3.6));
#13798=CARTESIAN_POINT('',(66.6961048243397,-24.633413379295,3.6));
#13799=CARTESIAN_POINT('',(66.6961048243397,-24.633413379295,3.));
#13800=CARTESIAN_POINT('',(66.6969706258391,-24.5854597591704,3.));
#13801=CARTESIAN_POINT('',(66.6969709016808,-24.5854444812941,3.6));
#13802=CARTESIAN_POINT('',(66.6969706258391,-24.5854597591704,3.59999975));
#13803=CARTESIAN_POINT('',(66.6961048243397,-24.633413379295,3.6));
#13804=CARTESIAN_POINT('',(67.5882101158519,-24.5854444812941,3.6));
#13805=CARTESIAN_POINT('',(67.5882101158519,-24.5854444812941,3.));
#13806=CARTESIAN_POINT('',(68.4794493415896,-24.5854331981581,3.));
#13807=CARTESIAN_POINT('',(68.4794493300231,-24.5854444812941,3.6));
#13808=CARTESIAN_POINT('',(68.4794493415896,-24.5854331981581,3.6));
#13809=CARTESIAN_POINT('',(67.5882101158519,-24.5854444812941,3.6));
#13810=CARTESIAN_POINT('',(68.47939326187,-24.6401390831829,3.6));
#13811=CARTESIAN_POINT('',(68.47939326187,-24.6401390831829,3.));
#13812=CARTESIAN_POINT('',(68.5169101334696,-24.6003087432002,3.));
#13813=CARTESIAN_POINT('',(68.5169101334696,-24.6003087432001,3.6));
#13814=CARTESIAN_POINT('',(68.5169101334696,-24.6003087432002,3.6));
#13815=CARTESIAN_POINT('',(68.47939326187,-24.6401390831829,3.6));
#13816=CARTESIAN_POINT('',(68.4879408429749,-24.6351177532692,3.6));
#13817=CARTESIAN_POINT('',(68.4879408429749,-24.6351177532692,3.));
#13818=CARTESIAN_POINT('',(68.533217896704,-24.6353176466497,3.));
#13819=CARTESIAN_POINT('',(68.5332086721569,-24.6353176059243,3.6));
#13820=CARTESIAN_POINT('',(68.533217896704,-24.6353176466496,3.59999975));
#13821=CARTESIAN_POINT('',(68.4879408429749,-24.6351177532692,3.6));
#13822=CARTESIAN_POINT('',(66.0997888119527,-25.814784618283,3.6));
#13823=CARTESIAN_POINT('',(66.0997888119527,-27.0188643414983,3.6));
#13824=CARTESIAN_POINT('',(66.0997888119527,-27.0188643414983,3.6));
#13825=CARTESIAN_POINT('',(66.0997888119527,-25.814784618283,3.6));
#13826=CARTESIAN_POINT('',(66.0998880532266,-24.6107037835864,3.59999975));
#13827=CARTESIAN_POINT('',(66.0997888119527,-24.6107048950678,3.6));
#13828=CARTESIAN_POINT('',(66.3734432945016,-27.0188643414983,3.6));
#13829=CARTESIAN_POINT('',(66.6470977770506,-27.0188643414983,3.6));
#13830=CARTESIAN_POINT('',(66.6470977770506,-27.0188643414983,3.6));
#13831=CARTESIAN_POINT('',(66.3734432945016,-27.0188643414983,3.6));
#13832=CARTESIAN_POINT('',(66.6470977770506,-26.5172184320684,3.6));
#13833=CARTESIAN_POINT('',(66.6470977770506,-26.0155725226385,3.6));
#13834=CARTESIAN_POINT('',(66.6470977770506,-26.0155725226385,3.6));
#13835=CARTESIAN_POINT('',(66.6470977770506,-26.5172184320684,3.6));
#13836=CARTESIAN_POINT('',(67.5901532246037,-26.0155725226385,3.6));
#13837=CARTESIAN_POINT('',(68.5332086721569,-26.0155725226385,3.6));
#13838=CARTESIAN_POINT('',(68.5332086721569,-26.0155725226385,3.6));
#13839=CARTESIAN_POINT('',(67.5901532246037,-26.0155725226385,3.6));
#13840=CARTESIAN_POINT('',(68.5332086721569,-26.5172184320684,3.6));
#13841=CARTESIAN_POINT('',(68.5332086721569,-27.0188643414983,3.6));
#13842=CARTESIAN_POINT('',(68.5332086721569,-27.0188643414983,3.6));
#13843=CARTESIAN_POINT('',(68.5332086721569,-26.5172184320684,3.6));
#13844=CARTESIAN_POINT('',(68.8088062634577,-27.0188643414983,3.6));
#13845=CARTESIAN_POINT('',(69.0844038547584,-27.0188643414983,3.6));
#13846=CARTESIAN_POINT('',(69.0844038547584,-27.0188643414983,3.6));
#13847=CARTESIAN_POINT('',(68.8088062634577,-27.0188643414983,3.6));
#13848=CARTESIAN_POINT('',(69.0844038547584,-25.814784618283,3.6));
#13849=CARTESIAN_POINT('',(69.0844038547584,-24.6107048950678,3.6));
#13850=CARTESIAN_POINT('',(69.0843046134846,-24.6107037835864,3.6));
#13851=CARTESIAN_POINT('',(69.0844038547584,-25.814784618283,3.6));
#13852=CARTESIAN_POINT('',(68.5366530801445,-24.6045702014424,3.6));
#13853=CARTESIAN_POINT('',(69.0057079503094,-24.3221532454215,3.6));
#13854=CARTESIAN_POINT('',(69.0057367493918,-24.3221358691949,3.6));
#13855=CARTESIAN_POINT('',(68.5366530801445,-24.6045702014424,3.6));
#13856=CARTESIAN_POINT('',(68.4914640349518,-24.630724037779,3.6));
#13857=CARTESIAN_POINT('',(68.794232947819,-24.1129452031415,3.6));
#13858=CARTESIAN_POINT('',(68.7942132311493,-24.1129793546649,3.6));
#13859=CARTESIAN_POINT('',(68.4914640349518,-24.630724037779,3.6));
#13860=CARTESIAN_POINT('',(68.5086800952019,-24.5925568329191,3.6));
#13861=CARTESIAN_POINT('',(68.5040620408795,-24.0342492986926,3.6));
#13862=CARTESIAN_POINT('',(68.5040625927346,-24.0343160161527,3.59999975));
#13863=CARTESIAN_POINT('',(68.5086800952019,-24.5925568329191,3.6));
#13864=CARTESIAN_POINT('',(67.5901532246037,-24.0342492986926,3.6));
#13865=CARTESIAN_POINT('',(66.676244408328,-24.0342492986926,3.6));
#13866=CARTESIAN_POINT('',(66.6762435091511,-24.0343372386823,3.6));
#13867=CARTESIAN_POINT('',(67.5901532246037,-24.0342492986926,3.6));
#13868=CARTESIAN_POINT('',(66.6706389558071,-24.5824655952042,3.6));
#13869=CARTESIAN_POINT('',(66.3880166101403,-24.1129452031415,3.6));
#13870=CARTESIAN_POINT('',(66.388016766018,-24.1129457931166,3.6));
#13871=CARTESIAN_POINT('',(66.6706389558071,-24.5824655952042,3.6));
#13872=CARTESIAN_POINT('',(66.6977057360093,-24.6326801643209,3.6));
#13873=CARTESIAN_POINT('',(66.1784847164017,-24.3221532454215,3.6));
#13874=CARTESIAN_POINT('',(66.1784706199882,-24.3221446556424,3.6));
#13875=CARTESIAN_POINT('',(66.6977057360093,-24.6326801643209,3.6));
#13876=CARTESIAN_POINT('',(66.6475395865653,-24.6045702014419,3.6));
#13877=CARTESIAN_POINT('',(66.6475395865653,-24.6045702014419,3.6));
#13878=CARTESIAN_POINT('',(68.5332086721569,-25.0517905817325,3.6));
#13879=CARTESIAN_POINT('',(68.5332086721569,-25.0517905817325,3.));
#13880=CARTESIAN_POINT('',(68.5332086721569,-25.0517905817325,3.6));
#13881=CARTESIAN_POINT('',(74.21,-67.177,3.6));
#13882=CARTESIAN_POINT('',(74.21,-67.177,3.));
#13883=CARTESIAN_POINT('',(62.5685125069665,-25.5265568200954,3.6));
#13884=CARTESIAN_POINT('',(62.5685125069665,-27.0188643414983,3.6));
#13885=CARTESIAN_POINT('',(62.5685125069665,-27.0188643414983,3.6));
#13886=CARTESIAN_POINT('',(62.5685125069665,-25.5265568200954,3.6));
#13887=CARTESIAN_POINT('',(62.5685125069665,-24.0342492986926,3.6));
#13888=CARTESIAN_POINT('',(62.5685125069665,-24.0342492986926,3.6));
#13889=CARTESIAN_POINT('',(62.8421669895154,-27.0188643414983,3.6));
#13890=CARTESIAN_POINT('',(63.1158214720643,-27.0188643414983,3.6));
#13891=CARTESIAN_POINT('',(63.1158214720643,-27.0188643414983,3.6));
#13892=CARTESIAN_POINT('',(62.8421669895154,-27.0188643414983,3.6));
#13893=CARTESIAN_POINT('',(63.1158214720643,-26.4116428565525,3.6));
#13894=CARTESIAN_POINT('',(63.1158214720643,-25.8044213716066,3.6));
#13895=CARTESIAN_POINT('',(63.1158214720643,-25.8044213716066,3.6));
#13896=CARTESIAN_POINT('',(63.1158214720643,-26.4116428565525,3.6));
#13897=CARTESIAN_POINT('',(64.0938528771504,-25.8044213716066,3.6));
#13898=CARTESIAN_POINT('',(65.0718842822365,-25.8044213716066,3.6));
#13899=CARTESIAN_POINT('',(65.0718842822365,-25.8044213716066,3.6));
#13900=CARTESIAN_POINT('',(64.0938528771504,-25.8044213716066,3.6));
#13901=CARTESIAN_POINT('',(65.0718842822365,-26.4116428565525,3.6));
#13902=CARTESIAN_POINT('',(65.0718842822365,-27.0188643414983,3.6));
#13903=CARTESIAN_POINT('',(65.0718842822365,-27.0188643414983,3.6));
#13904=CARTESIAN_POINT('',(65.0718842822365,-26.4116428565525,3.6));
#13905=CARTESIAN_POINT('',(65.3455387647854,-27.0188643414983,3.6));
#13906=CARTESIAN_POINT('',(65.6191932473343,-27.0188643414983,3.6));
#13907=CARTESIAN_POINT('',(65.6191932473343,-27.0188643414983,3.6));
#13908=CARTESIAN_POINT('',(65.3455387647854,-27.0188643414983,3.6));
#13909=CARTESIAN_POINT('',(65.6191932473343,-25.5265568200954,3.6));
#13910=CARTESIAN_POINT('',(65.6191932473343,-24.0342492986926,3.6));
#13911=CARTESIAN_POINT('',(65.6191932473343,-24.0342492986926,3.6));
#13912=CARTESIAN_POINT('',(65.6191932473343,-25.5265568200954,3.6));
#13913=CARTESIAN_POINT('',(65.3455387647854,-24.0342492986926,3.6));
#13914=CARTESIAN_POINT('',(65.0718842822364,-24.0342492986926,3.6));
#13915=CARTESIAN_POINT('',(65.0718842822364,-24.0342492986926,3.6));
#13916=CARTESIAN_POINT('',(65.3455387647854,-24.0342492986926,3.6));
#13917=CARTESIAN_POINT('',(65.0718842822365,-24.6414707836384,3.6));
#13918=CARTESIAN_POINT('',(65.0718842822365,-25.2486922685842,3.6));
#13919=CARTESIAN_POINT('',(65.0718842822365,-25.2486922685842,3.6));
#13920=CARTESIAN_POINT('',(65.0718842822365,-24.6414707836384,3.6));
#13921=CARTESIAN_POINT('',(64.0938528771504,-25.2486922685842,3.6));
#13922=CARTESIAN_POINT('',(63.1158214720643,-25.2486922685842,3.6));
#13923=CARTESIAN_POINT('',(63.1158214720643,-25.2486922685842,3.6));
#13924=CARTESIAN_POINT('',(64.0938528771504,-25.2486922685842,3.6));
#13925=CARTESIAN_POINT('',(63.1158214720643,-24.6414707836384,3.6));
#13926=CARTESIAN_POINT('',(63.1158214720643,-24.0342492986926,3.6));
#13927=CARTESIAN_POINT('',(63.1158214720643,-24.0342492986926,3.6));
#13928=CARTESIAN_POINT('',(63.1158214720643,-24.6414707836384,3.6));
#13929=CARTESIAN_POINT('',(62.8421669895154,-24.0342492986926,3.6));
#13930=CARTESIAN_POINT('',(62.8421669895154,-24.0342492986926,3.6));
#13931=CARTESIAN_POINT('',(74.21,-67.177,3.6));
#13932=CARTESIAN_POINT('',(30.56,-26.977,2.7));
#13933=CARTESIAN_POINT('',(30.56,-107.377,2.7));
#13934=CARTESIAN_POINT('',(117.86,-107.377,2.7));
#13935=CARTESIAN_POINT('',(117.86,-26.977,2.7));
#13936=MECHANICAL_DESIGN_GEOMETRIC_PRESENTATION_REPRESENTATION('',(#8149),
#13937);
#13937=(
GEOMETRIC_REPRESENTATION_CONTEXT(3)
GLOBAL_UNCERTAINTY_ASSIGNED_CONTEXT((#13938))
GLOBAL_UNIT_ASSIGNED_CONTEXT((#13941,#13940,#13939))
REPRESENTATION_CONTEXT('Top Plate','TOP_LEVEL_ASSEMBLY_PART')
);
#13938=UNCERTAINTY_MEASURE_WITH_UNIT(LENGTH_MEASURE(1.E-5),#13941,
'DISTANCE_ACCURACY_VALUE','Maximum Tolerance applied to model');
#13939=(
NAMED_UNIT(*)
SI_UNIT($,.STERADIAN.)
SOLID_ANGLE_UNIT()
);
#13940=(
NAMED_UNIT(*)
PLANE_ANGLE_UNIT()
SI_UNIT($,.RADIAN.)
);
#13941=(
LENGTH_UNIT()
NAMED_UNIT(*)
SI_UNIT(.MILLI.,.METRE.)
);
#13942=PRODUCT_DEFINITION_SHAPE('','',#13943);
#13943=PRODUCT_DEFINITION('','',#13945,#13944);
#13944=PRODUCT_DEFINITION_CONTEXT('',#13951,'design');
#13945=PRODUCT_DEFINITION_FORMATION_WITH_SPECIFIED_SOURCE('','',#13947,
 .NOT_KNOWN.);
#13946=PRODUCT_RELATED_PRODUCT_CATEGORY('','',(#13947));
#13947=PRODUCT('Top Plate','Top Plate','Top Plate',(#13949));
#13948=PRODUCT_CATEGORY('','');
#13949=PRODUCT_CONTEXT('',#13951,'mechanical');
#13950=APPLICATION_PROTOCOL_DEFINITION('international standard',
'ap242_managed_model_based_3d_engineering',2020,#13951);
#13951=APPLICATION_CONTEXT('managed model based 3d engineering');
ENDSEC;
END-ISO-10303-21;
